frame,NOSE_x,NOSE_y,NOSE_z,NOSE_visibility,LEFT_EYE_INNER_x,LEFT_EYE_INNER_y,LEFT_EYE_INNER_z,LEFT_EYE_INNER_visibility,LEFT_EYE_x,LEFT_EYE_y,LEFT_EYE_z,LEFT_EYE_visibility,LEFT_EYE_OUTER_x,LEFT_EYE_OUTER_y,LEFT_EYE_OUTER_z,LEFT_EYE_OUTER_visibility,RIGHT_EYE_INNER_x,RIGHT_EYE_INNER_y,RIGHT_EYE_INNER_z,RIGHT_EYE_INNER_visibility,RIGHT_EYE_x,RIGHT_EYE_y,RIGHT_EYE_z,RIGHT_EYE_visibility,RIGHT_EYE_OUTER_x,RIGHT_EYE_OUTER_y,RIGHT_EYE_OUTER_z,RIGHT_EYE_OUTER_visibility,LEFT_EAR_x,LEFT_EAR_y,LEFT_EAR_z,LEFT_EAR_visibility,RIGHT_EAR_x,RIGHT_EAR_y,RIGHT_EAR_z,RIGHT_EAR_visibility,MOUTH_LEFT_x,MOUTH_LEFT_y,MOUTH_LEFT_z,MOUTH_LEFT_visibility,MOUTH_RIGHT_x,MOUTH_RIGHT_y,MOUTH_RIGHT_z,MOUTH_RIGHT_visibility,LEFT_SHOULDER_x,LEFT_SHOULDER_y,LEFT_SHOULDER_z,LEFT_SHOULDER_visibility,RIGHT_SHOULDER_x,RIGHT_SHOULDER_y,RIGHT_SHOULDER_z,RIGHT_SHOULDER_visibility,LEFT_ELBOW_x,LEFT_ELBOW_y,LEFT_ELBOW_z,LEFT_ELBOW_visibility,RIGHT_ELBOW_x,RIGHT_ELBOW_y,RIGHT_ELBOW_z,RIGHT_ELBOW_visibility,LEFT_WRIST_x,LEFT_WRIST_y,LEFT_WRIST_z,LEFT_WRIST_visibility,RIGHT_WRIST_x,RIGHT_WRIST_y,RIGHT_WRIST_z,RIGHT_WRIST_visibility,LEFT_PINKY_x,LEFT_PINKY_y,LEFT_PINKY_z,LEFT_PINKY_visibility,RIGHT_PINKY_x,RIGHT_PINKY_y,RIGHT_PINKY_z,RIGHT_PINKY_visibility,LEFT_INDEX_x,LEFT_INDEX_y,LEFT_INDEX_z,LEFT_INDEX_visibility,RIGHT_INDEX_x,RIGHT_INDEX_y,RIGHT_INDEX_z,RIGHT_INDEX_visibility,LEFT_THUMB_x,LEFT_THUMB_y,LEFT_THUMB_z,LEFT_THUMB_visibility,RIGHT_THUMB_x,RIGHT_THUMB_y,RIGHT_THUMB_z,RIGHT_THUMB_visibility,LEFT_HIP_x,LEFT_HIP_y,LEFT_HIP_z,LEFT_HIP_visibility,RIGHT_HIP_x,RIGHT_HIP_y,RIGHT_HIP_z,RIGHT_HIP_visibility,LEFT_KNEE_x,LEFT_KNEE_y,LEFT_KNEE_z,LEFT_KNEE_visibility,RIGHT_KNEE_x,RIGHT_KNEE_y,RIGHT_KNEE_z,RIGHT_KNEE_visibility,LEFT_ANKLE_x,LEFT_ANKLE_y,LEFT_ANKLE_z,LEFT_ANKLE_visibility,RIGHT_ANKLE_x,RIGHT_ANKLE_y,RIGHT_ANKLE_z,RIGHT_ANKLE_visibility,LEFT_HEEL_x,LEFT_HEEL_y,LEFT_HEEL_z,LEFT_HEEL_visibility,RIGHT_HEEL_x,RIGHT_HEEL_y,RIGHT_HEEL_z,RIGHT_HEEL_visibility,LEFT_FOOT_INDEX_x,LEFT_FOOT_INDEX_y,LEFT_FOOT_INDEX_z,LEFT_FOOT_INDEX_visibility,RIGHT_FOOT_INDEX_x,RIGHT_FOOT_INDEX_y,RIGHT_FOOT_INDEX_z,RIGHT_FOOT_INDEX_visibility
1,0.7262365221977234,0.38876432180404663,-0.022419311106204987,0.999929666519165,0.7303256988525391,0.37496310472488403,-0.02752927877008915,0.999891996383667,0.7333492636680603,0.3734905421733856,-0.027597801759839058,0.9999125003814697,0.7363402843475342,0.371783971786499,-0.027587825432419777,0.9999279975891113,0.7251874208450317,0.37721991539001465,-0.008146020583808422,0.999882698059082,0.724506139755249,0.3774406611919403,-0.00812399759888649,0.9998613595962524,0.7238564491271973,0.37750041484832764,-0.008132969960570335,0.9998739957809448,0.7487182021141052,0.3722492456436157,-0.027562476694583893,0.9999189376831055,0.7331643104553223,0.3787389397621155,0.058574315160512924,0.9997156262397766,0.7344917058944702,0.39713895320892334,-0.02139926329255104,0.9998985528945923,0.7280325889587402,0.39940714836120605,0.003694718237966299,0.9997739195823669,0.7761395573616028,0.41924530267715454,-0.1086539477109909,0.9999921321868896,0.7474368810653687,0.45438647270202637,0.14480815827846527,0.9995194673538208,0.779793918132782,0.4850708246231079,-0.18447725474834442,0.9981718063354492,0.7533785700798035,0.5293344855308533,0.18611688911914825,0.4879491925239563,0.7655549645423889,0.5685065984725952,-0.21974842250347137,0.9955660700798035,0.7374894618988037,0.5947288274765015,0.12400949001312256,0.6619774103164673,0.7649761438369751,0.5943244695663452,-0.2438475340604782,0.9905547499656677,0.7307901382446289,0.6128449440002441,0.11737925559282303,0.6120157241821289,0.7580839991569519,0.5924912095069885,-0.2399442493915558,0.9897133111953735,0.7280846834182739,0.6125784516334534,0.09194958955049515,0.6207407712936401,0.7574157118797302,0.5863273739814758,-0.21662786602973938,0.9842458367347717,0.7327501177787781,0.6059658527374268,0.11038057506084442,0.626041829586029,0.7917146682739258,0.5911803245544434,-0.08290008455514908,0.9995983242988586,0.7746196985244751,0.597857654094696,0.08288905024528503,0.9980337023735046,0.7647779583930969,0.7024391889572144,-0.1311100274324417,0.94648677110672,0.7665426731109619,0.7043399214744568,0.028723152354359627,0.4091455340385437,0.8048927187919617,0.8393815755844116,-0.14010150730609894,0.9327386021614075,0.8036248087882996,0.8218435645103455,0.014032439328730106,0.41337984800338745,0.8226286768913269,0.8620162606239319,-0.14297010004520416,0.8426834940910339,0.8248224258422852,0.8455756902694702,0.00964286271482706,0.4898342788219452,0.7618863582611084,0.8846676349639893,-0.20214241743087769,0.9252975583076477,0.7694956660270691,0.860419750213623,-0.03402038291096687,0.5578457117080688
2,0.7272266745567322,0.3884115219116211,0.00014934473438188434,0.9999352693557739,0.7311407327651978,0.37493452429771423,-0.011871756054461002,0.9999009370803833,0.733695924282074,0.3734869360923767,-0.011921253986656666,0.9999197125434875,0.736516535282135,0.3717840909957886,-0.011902078986167908,0.9999338388442993,0.7273248434066772,0.3770475387573242,0.01380883064121008,0.9998920559883118,0.7267391681671143,0.3772779107093811,0.0138284582644701,0.9998723864555359,0.7261459231376648,0.37738239765167236,0.013815447688102722,0.9998838901519775,0.7491991519927979,0.37216371297836304,-0.03159385547041893,0.9999257922172546,0.7350884079933167,0.3784724473953247,0.07606178522109985,0.999739408493042,0.7348426580429077,0.396638423204422,-0.007640558294951916,0.9999067783355713,0.7292556166648865,0.3987063765525818,0.02541710063815117,0.9997919797897339,0.7769853472709656,0.4195622205734253,-0.11756766587495804,0.9999927878379822,0.7489888072013855,0.4499577283859253,0.16643138229846954,0.9995517134666443,0.7800496816635132,0.4858047664165497,-0.19301603734493256,0.9982305765151978,0.751896321773529,0.5293153524398804,0.21346084773540497,0.48419177532196045,0.7737117409706116,0.5694745779037476,-0.24340739846229553,0.9957787394523621,0.7361567616462708,0.595759928226471,0.16225288808345795,0.669012725353241,0.7746798396110535,0.5945408940315247,-0.2718057334423065,0.9909924864768982,0.7291638851165771,0.6131593585014343,0.1608954668045044,0.6199186444282532,0.7656478881835938,0.5930478572845459,-0.2708606719970703,0.9901828765869141,0.7261146903038025,0.6130931973457336,0.13296359777450562,0.6288401484489441,0.7638422250747681,0.5870248079299927,-0.2415778934955597,0.9848582744598389,0.7310145497322083,0.6069742441177368,0.14811308681964874,0.6328875422477722,0.7896591424942017,0.5900242924690247,-0.0904071033000946,0.9996178150177002,0.7742921710014343,0.5947778224945068,0.09033986926078796,0.9981350898742676,0.7672823071479797,0.7049736976623535,-0.12621493637561798,0.9453468322753906,0.7744601964950562,0.7032570242881775,0.09032207727432251,0.39782872796058655,0.8051707148551941,0.8406774401664734,-0.12667804956436157,0.9314858317375183,0.8053140044212341,0.8230262398719788,0.09431184083223343,0.399679034948349,0.8245809078216553,0.8641403913497925,-0.12858399748802185,0.8478500247001648,0.8248254656791687,0.8463522791862488,0.09237215667963028,0.4833860993385315,0.7619796991348267,0.8871034979820251,-0.18699683248996735,0.9243383407592773,0.7707995772361755,0.8613067269325256,0.05423861742019653,0.5441737771034241
3,0.7279307246208191,0.38841912150382996,-0.0006457651616074145,0.999940037727356,0.7320358157157898,0.3750890791416168,-0.01274117548018694,0.9999087452888489,0.734074592590332,0.37376752495765686,-0.012795099057257175,0.999925971031189,0.7366918325424194,0.37218329310417175,-0.012783843092620373,0.99993896484375,0.7281778454780579,0.3772486448287964,0.013443654403090477,0.9999001622200012,0.7275335788726807,0.37750279903411865,0.013471266254782677,0.9998819231987,0.7269428372383118,0.37764817476272583,0.013456585817039013,0.99989253282547,0.7494832873344421,0.37237685918807983,-0.0371907576918602,0.9999318718910217,0.7355750799179077,0.3786230683326721,0.07719048857688904,0.9997602701187134,0.7354775667190552,0.39661213755607605,-0.008493402041494846,0.9999142289161682,0.730078399181366,0.398647665977478,0.025225160643458366,0.9998083710670471,0.7771201133728027,0.42025133967399597,-0.12192468345165253,0.9999933838844299,0.7494273781776428,0.44715869426727295,0.16894817352294922,0.9995810985565186,0.7811719179153442,0.48634427785873413,-0.19547367095947266,0.9982917308807373,0.7509437799453735,0.5291823744773865,0.2183270901441574,0.47905758023262024,0.7816289663314819,0.569814920425415,-0.24992084503173828,0.9960147738456726,0.7342252135276794,0.5960333347320557,0.16726741194725037,0.6778334379196167,0.7841554880142212,0.594610333442688,-0.2793775200843811,0.9914674758911133,0.7259829640388489,0.6132032871246338,0.16679276525974274,0.629530131816864,0.7740925550460815,0.5934104323387146,-0.2783518135547638,0.9906899929046631,0.7237859964370728,0.6130919456481934,0.13808417320251465,0.638613760471344,0.7712968587875366,0.5873565077781677,-0.24828356504440308,0.9855316281318665,0.7285411357879639,0.6071283221244812,0.15277889370918274,0.6416288018226624,0.7881571054458618,0.5893740057945251,-0.09049126505851746,0.9996313452720642,0.7738496661186218,0.5930746793746948,0.09043001383543015,0.9982039928436279,0.7725013494491577,0.7083248496055603,-0.12035180628299713,0.9415243864059448,0.7773544192314148,0.703047513961792,0.08950868248939514,0.38671424984931946,0.8052434921264648,0.8428994417190552,-0.12099356204271317,0.9266331195831299,0.8045538067817688,0.8242310881614685,0.09508561342954636,0.38226059079170227,0.8245130777359009,0.8664544820785522,-0.12346280366182327,0.849182665348053,0.8157548308372498,0.8463469743728638,0.09349476546049118,0.472491055727005,0.7632940411567688,0.8869564533233643,-0.18644699454307556,0.919340968132019,0.7701241970062256,0.8598304390907288,0.05323358625173569,0.5254108309745789
4,0.7288263440132141,0.3889305889606476,0.0015694445464760065,0.9999443888664246,0.7329708933830261,0.3761015236377716,-0.01103382557630539,0.9999160170555115,0.7347387075424194,0.374620646238327,-0.011095031164586544,0.999931812286377,0.7371839880943298,0.3729718029499054,-0.011091294698417187,0.999943733215332,0.7286390066146851,0.3787750005722046,0.015625620260834694,0.9999076128005981,0.7278836965560913,0.37908297777175903,0.01566026546061039,0.9998905658721924,0.7272431254386902,0.3792564570903778,0.0156408604234457,0.999900221824646,0.7499807476997375,0.3727363049983978,-0.036975275725126266,0.9999375343322754,0.7355228662490845,0.3796750009059906,0.0803787112236023,0.9997794032096863,0.736583411693573,0.396697461605072,-0.006487490143626928,0.9999212622642517,0.7308546304702759,0.39872056245803833,0.027999401092529297,0.9998235702514648,0.7773258686065674,0.42064106464385986,-0.12175825238227844,0.9999939799308777,0.750586986541748,0.4466979205608368,0.17323198914527893,0.9996050000190735,0.7833879590034485,0.4869794547557831,-0.19915902614593506,0.9983442425727844,0.7506383657455444,0.5294716358184814,0.22561144828796387,0.47022774815559387,0.7866228222846985,0.5702332258224487,-0.262439101934433,0.9962525367736816,0.7332518696784973,0.596222460269928,0.1802481710910797,0.6833913922309875,0.7902156710624695,0.5946465134620667,-0.29296576976776123,0.9919573664665222,0.7242156267166138,0.6134769320487976,0.18229863047599792,0.636066198348999,0.7798471450805664,0.5935673117637634,-0.290858656167984,0.9912148118019104,0.7225519418716431,0.613473117351532,0.1529379040002823,0.6451346278190613,0.7765461802482605,0.587745189666748,-0.2605641484260559,0.986245334148407,0.7275075912475586,0.6077974438667297,0.16570910811424255,0.6473077535629272,0.7876799702644348,0.5884988307952881,-0.09035918861627579,0.9996482729911804,0.7739675045013428,0.5924484729766846,0.0903184711933136,0.9982679486274719,0.779276967048645,0.7118059396743774,-0.11763834208250046,0.9383724927902222,0.7822065353393555,0.7028986215591431,0.10686269402503967,0.37499213218688965,0.8067483305931091,0.8452620506286621,-0.12505653500556946,0.919730544090271,0.8032953143119812,0.8243351578712463,0.1320444643497467,0.3623647093772888,0.8244718909263611,0.8680977821350098,-0.12736956775188446,0.8502914905548096,0.8099440336227417,0.8451374173164368,0.13301968574523926,0.4578293263912201,0.7641897201538086,0.8858577013015747,-0.19286178052425385,0.9108942151069641,0.7676582336425781,0.8527336716651917,0.09590264409780502,0.5029508471488953
5,0.729842483997345,0.3893320560455322,-0.004369829781353474,0.9999467730522156,0.7342429161071777,0.3771127164363861,-0.018381521105766296,0.9999203681945801,0.7361149787902832,0.37557050585746765,-0.018462222069501877,0.9999354481697083,0.7388039827346802,0.3738349378108978,-0.01847979798913002,0.9999465346336365,0.729174017906189,0.3800322115421295,0.009904049336910248,0.9999111890792847,0.7282415628433228,0.38041895627975464,0.009958913549780846,0.9998947381973267,0.7274638414382935,0.380642294883728,0.009933271445333958,0.9999032020568848,0.7511560320854187,0.3736094534397125,-0.03993493691086769,0.9999414086341858,0.7354272603988647,0.381257027387619,0.07837650179862976,0.9997898936271667,0.7379442453384399,0.39678773283958435,-0.011564632877707481,0.9999254941940308,0.7313571572303772,0.3988255560398102,0.026380915194749832,0.999832034111023,0.7773407101631165,0.4207133948802948,-0.12121038138866425,0.9999944567680359,0.7507590651512146,0.44678521156311035,0.16831357777118683,0.9996176958084106,0.783684253692627,0.4875109791755676,-0.19726908206939697,0.9983904957771301,0.7505471706390381,0.5310475826263428,0.2209111601114273,0.4602951109409332,0.7887188792228699,0.5714931488037109,-0.25233930349349976,0.9964825510978699,0.7333691120147705,0.5964032411575317,0.17696639895439148,0.6891250610351562,0.7937292456626892,0.5952763557434082,-0.28069639205932617,0.9924027323722839,0.7246652841567993,0.6150651574134827,0.17950503528118134,0.6431128978729248,0.7841292023658752,0.5947251915931702,-0.27884402871131897,0.9916957020759583,0.7228971719741821,0.614881157875061,0.15177114307880402,0.6521139144897461,0.7801336646080017,0.5890816450119019,-0.25036031007766724,0.9869293570518494,0.7277407050132751,0.6089141964912415,0.16328154504299164,0.6532549262046814,0.7859592437744141,0.5877747535705566,-0.08983997255563736,0.9996445775032043,0.7737038135528564,0.5922407507896423,0.08977262675762177,0.9982709288597107,0.7856659293174744,0.7130917906761169,-0.10678746551275253,0.9286783933639526,0.7842599153518677,0.7039787173271179,0.08680487424135208,0.36282020807266235,0.8092153072357178,0.847595751285553,-0.1087953969836235,0.9073278307914734,0.802981972694397,0.8313213586807251,0.09666775912046432,0.34619659185409546,0.8246469497680664,0.8701044321060181,-0.11132330447435379,0.8463085889816284,0.8119866847991943,0.8513885736465454,0.09588797390460968,0.4449481666088104,0.7707093954086304,0.8840535283088684,-0.17756317555904388,0.8985094428062439,0.771088719367981,0.8556773662567139,0.05324556678533554,0.48297715187072754
6,0.7306016683578491,0.3898155391216278,-0.002036670222878456,0.9999501705169678,0.7350759506225586,0.3781660199165344,-0.013375344686210155,0.9999256730079651,0.7371091842651367,0.376761794090271,-0.013470364734530449,0.9999398589134216,0.7398068904876709,0.3751230239868164,-0.01349778100848198,0.9999499917030334,0.7295365929603577,0.38096535205841064,0.012897375039756298,0.9999166131019592,0.7285223007202148,0.3813377618789673,0.012963775545358658,0.9999008774757385,0.7275905013084412,0.3816263973712921,0.012944667600095272,0.9999083876609802,0.7517480850219727,0.3743742108345032,-0.029473688453435898,0.999945878982544,0.7351945042610168,0.38245096802711487,0.08503974974155426,0.9998038411140442,0.7387651205062866,0.39688199758529663,-0.005928420461714268,0.9999305009841919,0.731772780418396,0.3989221751689911,0.028073597699403763,0.9998427629470825,0.7773783802986145,0.42082130908966064,-0.11334292590618134,0.9999949336051941,0.7516264915466309,0.44658663868904114,0.1819138079881668,0.9996354579925537,0.7845102548599243,0.488864004611969,-0.1870373636484146,0.9984381198883057,0.751185417175293,0.5312856435775757,0.23447299003601074,0.44499677419662476,0.7899753451347351,0.5721283555030823,-0.24776296317577362,0.9966636300086975,0.7336713075637817,0.5976979732513428,0.1955404430627823,0.6850700378417969,0.7962407469749451,0.5960357189178467,-0.2773638963699341,0.9927313923835754,0.7248104810714722,0.6179094910621643,0.1993880420923233,0.6399584412574768,0.7863938212394714,0.596079409122467,-0.27634769678115845,0.9920538663864136,0.7232561111450195,0.6177130341529846,0.17331650853157043,0.6490222811698914,0.7821255922317505,0.5905717611312866,-0.24826717376708984,0.9874261617660522,0.7280557751655579,0.6115320920944214,0.18247978389263153,0.6497799158096313,0.7838809490203857,0.5878136157989502,-0.08962983638048172,0.9996349811553955,0.7714216113090515,0.5927252769470215,0.08957044780254364,0.9982921481132507,0.7901700735092163,0.7143425345420837,-0.10671369731426239,0.9160570502281189,0.7833093404769897,0.7095258235931396,0.0767422616481781,0.3516067564487457,0.8104174733161926,0.8505312204360962,-0.11126850545406342,0.8902531266212463,0.8010068535804749,0.8396924734115601,0.0809229165315628,0.33360639214515686,0.8246141672134399,0.8726962804794312,-0.11418454349040985,0.8380105495452881,0.8117609024047852,0.860856831073761,0.07928714156150818,0.4388154447078705,0.7753798365592957,0.8843713998794556,-0.18105530738830566,0.8845333456993103,0.7661230564117432,0.8670201301574707,0.052279043942689896,0.4677565097808838
7,0.7310879230499268,0.3901021182537079,0.017863012850284576,0.9999547004699707,0.7355527877807617,0.37868788838386536,0.010806195437908173,0.9999324679374695,0.7379564046859741,0.3773643374443054,0.01070445030927658,0.9999454021453857,0.7407833933830261,0.3759145438671112,0.010666454210877419,0.9999545812606812,0.7297125458717346,0.38142305612564087,0.03486556187272072,0.9999241232872009,0.7285791635513306,0.3818458318710327,0.03495808690786362,0.9999096393585205,0.7275307178497314,0.3822283148765564,0.034949373453855515,0.9999163150787354,0.7522583603858948,0.3749995827674866,0.006402770988643169,0.9999510049819946,0.734348475933075,0.3834095299243927,0.112361378967762,0.9998213648796082,0.7394697070121765,0.3971007168292999,0.018288591876626015,0.9999366998672485,0.7321342825889587,0.3992003798484802,0.04914005845785141,0.9998564124107361,0.7774701714515686,0.42069682478904724,-0.08416350185871124,0.9999954104423523,0.7521275877952576,0.44566285610198975,0.2079281210899353,0.9996599555015564,0.786232054233551,0.48895886540412903,-0.16194204986095428,0.9985232949256897,0.751652181148529,0.5312535166740417,0.2607508599758148,0.4225209951400757,0.791734516620636,0.5719789266586304,-0.22626183927059174,0.9968879818916321,0.7359428405761719,0.5988316535949707,0.2260669469833374,0.6678650975227356,0.7973344326019287,0.5960625410079956,-0.25505325198173523,0.9931813478469849,0.7287992835044861,0.6204543709754944,0.23053526878356934,0.6252054572105408,0.7886260747909546,0.5961520075798035,-0.25442975759506226,0.9925491809844971,0.7284840941429138,0.6201422214508057,0.2052946537733078,0.6342723369598389,0.784881591796875,0.5905359983444214,-0.22547763586044312,0.9881411194801331,0.7326062917709351,0.6132158041000366,0.2133970707654953,0.6350623369216919,0.7825848460197449,0.5875125527381897,-0.08955279737710953,0.9996485710144043,0.7700364589691162,0.5929275155067444,0.08949700742959976,0.9983677268028259,0.7921246290206909,0.7142512202262878,-0.10748545825481415,0.9028295278549194,0.7835127115249634,0.7145698070526123,0.07051293551921844,0.34170544147491455,0.8116247057914734,0.8519994616508484,-0.1395472139120102,0.8731220364570618,0.8002538084983826,0.8449350595474243,0.044096674770116806,0.32080069184303284,0.8245878219604492,0.8752827644348145,-0.14458273351192474,0.8305180072784424,0.8114970326423645,0.866561233997345,0.03973863273859024,0.4334542155265808,0.7752001285552979,0.8859838843345642,-0.21516650915145874,0.8727720975875854,0.7626043558120728,0.8733815550804138,-0.0050011747516691685,0.45396775007247925
8,0.7314760088920593,0.39055851101875305,0.016168508678674698,0.9999586343765259,0.7357864379882812,0.379649817943573,0.00971087533980608,0.999938428401947,0.7384615540504456,0.378134548664093,0.00961359404027462,0.9999502301216125,0.7413660883903503,0.37660640478134155,0.009576567448675632,0.9999585747718811,0.7298915982246399,0.3826929032802582,0.032668568193912506,0.9999306797981262,0.7286670207977295,0.3832356035709381,0.03275689110159874,0.999917209148407,0.7275095582008362,0.3837212324142456,0.03274913132190704,0.999923050403595,0.752567708492279,0.3757706880569458,0.007283474318683147,0.9999554753303528,0.7341976761817932,0.3848839998245239,0.10882575064897537,0.999836266040802,0.7402199506759644,0.39756864309310913,0.01739906333386898,0.9999420642852783,0.7328365445137024,0.4002174139022827,0.04686575382947922,0.9998680949211121,0.7785352468490601,0.4206930100917816,-0.0755883976817131,0.9999958276748657,0.7520644664764404,0.4458211064338684,0.19738948345184326,0.9996799826622009,0.7884446382522583,0.4893149137496948,-0.14937154948711395,0.9985625743865967,0.7517386078834534,0.5314279794692993,0.244501531124115,0.40302178263664246,0.7923685908317566,0.571921706199646,-0.2098572999238968,0.9970231056213379,0.7393484115600586,0.6012212038040161,0.20435580611228943,0.6471322178840637,0.7975394129753113,0.596463143825531,-0.23718617856502533,0.9934642314910889,0.7345226407051086,0.6241468191146851,0.20544567704200745,0.6074655652046204,0.7889437675476074,0.5965531468391418,-0.23730473220348358,0.9928681254386902,0.7348917722702026,0.6232523918151855,0.18111750483512878,0.6163983941078186,0.7854512929916382,0.5908197164535522,-0.20883408188819885,0.9885976314544678,0.7375372052192688,0.6157660484313965,0.19192296266555786,0.6174190044403076,0.782517671585083,0.5875381231307983,-0.08653409779071808,0.9996589422225952,0.7684181928634644,0.5941387414932251,0.08649013936519623,0.9984197616577148,0.7928982377052307,0.7137297987937927,-0.11030885577201843,0.8906822204589844,0.7826822996139526,0.7165237069129944,0.06862342357635498,0.33446186780929565,0.8125902414321899,0.8529974818229675,-0.13878768682479858,0.8579013347625732,0.7995420098304749,0.8463178277015686,0.04092005640268326,0.3104255497455597,0.8245813250541687,0.8765097856521606,-0.14355719089508057,0.8219624161720276,0.8111337423324585,0.8673945069313049,0.03687011078000069,0.42783939838409424,0.7760087847709656,0.8884960412979126,-0.21303391456604004,0.8611778616905212,0.7553504705429077,0.872346043586731,-0.008659283630549908,0.44240614771842957
9,0.7316074371337891,0.3909282684326172,0.020365890115499496,0.9999621510505676,0.735773503780365,0.38040992617607117,0.014585863798856735,0.9999437928199768,0.7385366559028625,0.378829687833786,0.014482665807008743,0.9999545812606812,0.7414615750312805,0.3772261142730713,0.014438644051551819,0.9999622106552124,0.7299289107322693,0.38344529271125793,0.037314217537641525,0.9999365210533142,0.728641927242279,0.38404330611228943,0.03739992901682854,0.9999238848686218,0.7274759411811829,0.3845447599887848,0.037394557148218155,0.9999290704727173,0.7525681853294373,0.3765391409397125,0.014583093114197254,0.9999595284461975,0.7340937256813049,0.3856475353240967,0.11558640003204346,0.9998494982719421,0.7405166029930115,0.39789140224456787,0.022642187774181366,0.9999467730522156,0.7332784533500671,0.40089237689971924,0.05181316286325455,0.999878466129303,0.778908908367157,0.4206952452659607,-0.06735452264547348,0.9999961853027344,0.7520341873168945,0.44531986117362976,0.20334522426128387,0.9996970295906067,0.789593517780304,0.4899684190750122,-0.1401565819978714,0.9985959529876709,0.751745343208313,0.5313945412635803,0.2477477490901947,0.38404741883277893,0.7924063205718994,0.5722896456718445,-0.1959274709224701,0.9971197843551636,0.7416127324104309,0.6021345257759094,0.20521309971809387,0.6212183237075806,0.7973243594169617,0.5970062017440796,-0.22282424569129944,0.9936689138412476,0.7378350496292114,0.6247555017471313,0.2051466703414917,0.5848883986473083,0.7883449196815491,0.5970793962478638,-0.2230139821767807,0.9931026101112366,0.7383467555046082,0.623918354511261,0.18153417110443115,0.5935792326927185,0.7850126028060913,0.591357409954071,-0.19472256302833557,0.9889189004898071,0.740707516670227,0.6161795854568481,0.1930348128080368,0.5950669646263123,0.7824371457099915,0.5882008075714111,-0.08561278134584427,0.9996728301048279,0.7672739624977112,0.5958893299102783,0.08558132499456406,0.9984747171401978,0.7926713228225708,0.7133733630180359,-0.11113850027322769,0.8797937631607056,0.7819391489028931,0.7169973850250244,0.05973077565431595,0.32636702060699463,0.8144335150718689,0.853946328163147,-0.14441075921058655,0.8433010578155518,0.7991705536842346,0.846941351890564,0.03504323214292526,0.2994718551635742,0.825224757194519,0.8773621916770935,-0.1492980718612671,0.8115084171295166,0.8106555938720703,0.8680306077003479,0.03120308928191662,0.41956499218940735,0.779451310634613,0.8976314663887024,-0.21997150778770447,0.8504912853240967,0.7575840950012207,0.8762520551681519,-0.016858011484146118,0.4311436116695404
10,0.7313048839569092,0.39092063903808594,0.02080429717898369,0.9999648332595825,0.7353956699371338,0.3803653419017792,0.01256019901484251,0.9999479651451111,0.7379476428031921,0.37882381677627563,0.012468133121728897,0.9999579787254333,0.7408012747764587,0.37725064158439636,0.012426920235157013,0.9999650120735168,0.7297707796096802,0.3833087384700775,0.036495186388492584,0.9999408721923828,0.7285006046295166,0.3838789463043213,0.03657960519194603,0.9999286532402039,0.7273905277252197,0.3843463361263275,0.03656891733407974,0.9999330639839172,0.7520673871040344,0.37666332721710205,0.004401062149554491,0.9999628663063049,0.7340866327285767,0.3854426443576813,0.109579898416996,0.9998593926429749,0.7402451038360596,0.39793604612350464,0.019931714981794357,0.9999501705169678,0.7331953644752502,0.4009058177471161,0.05061335489153862,0.9998854994773865,0.7794827818870544,0.4207342863082886,-0.07592412829399109,0.9999964833259583,0.7520121335983276,0.44416874647140503,0.19477975368499756,0.9997053146362305,0.7906665802001953,0.49117419123649597,-0.1405712515115738,0.9986019730567932,0.7527645826339722,0.5284812450408936,0.24111151695251465,0.36095696687698364,0.7922416925430298,0.572701096534729,-0.18000119924545288,0.9971615672111511,0.7444023489952087,0.6011725664138794,0.19536298513412476,0.5871322751045227,0.7967020273208618,0.5975638628005981,-0.2053758203983307,0.9937335848808289,0.740748405456543,0.6243161559104919,0.19509996473789215,0.5551586747169495,0.7874259352684021,0.5974835753440857,-0.2047315388917923,0.9931891560554504,0.7409740090370178,0.6230775713920593,0.17046070098876953,0.5633688569068909,0.7844011187553406,0.5917233228683472,-0.1781102418899536,0.9890266060829163,0.7436439394950867,0.615424633026123,0.18261681497097015,0.5653430819511414,0.7824068665504456,0.5882202386856079,-0.08368007838726044,0.9996737241744995,0.7661709785461426,0.5959410667419434,0.08367757499217987,0.9984956979751587,0.7924192547798157,0.7125131487846375,-0.11156304180622101,0.8691325783729553,0.7814642190933228,0.716611385345459,0.05916326120495796,0.31919345259666443,0.8161348104476929,0.8540939688682556,-0.14191661775112152,0.8287243843078613,0.7993890643119812,0.8473009467124939,0.03955771401524544,0.29008400440216064,0.8267802596092224,0.8769391775131226,-0.1470915526151657,0.804043173789978,0.8111467361450195,0.8681432604789734,0.03610929101705551,0.4128918945789337,0.7871327996253967,0.8975377678871155,-0.2171475738286972,0.839323878288269,0.759818434715271,0.8770127296447754,-0.010658562183380127,0.4198383092880249
11,0.7312421798706055,0.3911486268043518,0.01604890637099743,0.9999664425849915,0.7353609204292297,0.38073769211769104,0.008204929530620575,0.999950647354126,0.7379289865493774,0.37918198108673096,0.008110079914331436,0.9999603033065796,0.7407606840133667,0.37754446268081665,0.008069600909948349,0.9999668598175049,0.7297587394714355,0.38358166813850403,0.031656794250011444,0.99994295835495,0.7284609079360962,0.38415804505348206,0.03173277899622917,0.9999303817749023,0.7273538708686829,0.38460713624954224,0.0317237414419651,0.9999334216117859,0.7519926428794861,0.37687480449676514,0.004517479799687862,0.9999653697013855,0.7339591979980469,0.38563063740730286,0.1063283383846283,0.9998622536659241,0.7401460409164429,0.398092657327652,0.01594488136470318,0.9999517202377319,0.7333216667175293,0.40130093693733215,0.04579700902104378,0.9998868703842163,0.7797201871871948,0.4205981194972992,-0.06697583198547363,0.9999967217445374,0.7519660592079163,0.4430001378059387,0.19149012863636017,0.9996829032897949,0.7911567687988281,0.49089500308036804,-0.12202370166778564,0.9986128211021423,0.7570104002952576,0.5223618745803833,0.23720040917396545,0.3352706730365753,0.7919682860374451,0.5724876523017883,-0.15391725301742554,0.9971798658370972,0.7506281137466431,0.5927490592002869,0.19155064225196838,0.5458255410194397,0.7957521080970764,0.5975108742713928,-0.17752213776111603,0.9937217235565186,0.7493049502372742,0.6161087155342102,0.19105082750320435,0.5187071561813354,0.7866145968437195,0.5972163081169128,-0.17698368430137634,0.9932025074958801,0.7472490072250366,0.6158220171928406,0.16720180213451385,0.5263017416000366,0.7839255332946777,0.5912412405014038,-0.1518723964691162,0.9890462756156921,0.7500663995742798,0.6069038510322571,0.17925943434238434,0.5285890102386475,0.7824353575706482,0.5867063999176025,-0.07848965376615524,0.9996720552444458,0.7662972807884216,0.5948255062103271,0.07852376997470856,0.998460590839386,0.7920433282852173,0.7103134393692017,-0.11251721531152725,0.852673351764679,0.7812474370002747,0.7162336707115173,0.036949802190065384,0.3103656768798828,0.8160272836685181,0.853960394859314,-0.14292100071907043,0.8072704672813416,0.8001564741134644,0.8460002541542053,0.015665432438254356,0.2794373035430908,0.8274345397949219,0.87666255235672,-0.1477433145046234,0.7921409606933594,0.8114910125732422,0.8665546774864197,0.012162955477833748,0.40287327766418457,0.7895797491073608,0.8972821831703186,-0.21811287105083466,0.8222888112068176,0.7672761678695679,0.8792866468429565,-0.039224278181791306,0.40652573108673096
12,0.7311966419219971,0.3910985291004181,0.015461135655641556,0.9999679923057556,0.7353379726409912,0.3806873857975006,0.006393783260136843,0.9999532699584961,0.7378780841827393,0.37916070222854614,0.006311277858912945,0.9999625086784363,0.7407369613647461,0.37751734256744385,0.006293755490332842,0.9999687075614929,0.7296668887138367,0.3834948241710663,0.030131720006465912,0.9999452233314514,0.728347897529602,0.3840608298778534,0.030188940465450287,0.9999324083328247,0.7272483706474304,0.38449981808662415,0.030169332399964333,0.9999344944953918,0.7518253326416016,0.37685906887054443,0.002871379954740405,0.9999676942825317,0.7336921691894531,0.3855535686016083,0.10390780121088028,0.9998656511306763,0.7400622963905334,0.398036390542984,0.0135368462651968,0.9999533891677856,0.7333323359489441,0.40130728483200073,0.043403033167123795,0.9998888373374939,0.7800046801567078,0.4203032851219177,-0.06679503619670868,0.9999969601631165,0.7519134879112244,0.44231608510017395,0.18983757495880127,0.9996613264083862,0.7915220856666565,0.49078652262687683,-0.1154618114233017,0.9986052513122559,0.7587029933929443,0.519706666469574,0.23609086871147156,0.311987042427063,0.791321873664856,0.5724558234214783,-0.13995549082756042,0.9971237778663635,0.7531803846359253,0.5892214775085449,0.18973761796951294,0.5076125860214233,0.7948402762413025,0.5975155234336853,-0.16293232142925262,0.9935488700866699,0.7525725960731506,0.6124586462974548,0.1898936927318573,0.484915554523468,0.7857548594474792,0.5971312522888184,-0.16240525245666504,0.9930460453033447,0.7511487603187561,0.6118159890174866,0.1649085134267807,0.4919000267982483,0.7831236124038696,0.591011106967926,-0.1378297358751297,0.9888307452201843,0.7524656057357788,0.6030568480491638,0.17709974944591522,0.4945954382419586,0.7824483513832092,0.5866065621376038,-0.0776582732796669,0.9996668696403503,0.7660685181617737,0.5946837067604065,0.07769972085952759,0.9984041452407837,0.7928318381309509,0.7097851037979126,-0.1130686029791832,0.8325783610343933,0.7811444997787476,0.7156550288200378,0.0380357950925827,0.29846081137657166,0.815724790096283,0.8547912836074829,-0.1419043093919754,0.782468318939209,0.8004891276359558,0.8455790877342224,0.017558779567480087,0.2659839391708374,0.8274188041687012,0.8771029114723206,-0.14655928313732147,0.7770848870277405,0.8117472529411316,0.8667314648628235,0.014179819263517857,0.38976162672042847,0.789289653301239,0.8987220525741577,-0.2174568474292755,0.8022280335426331,0.7703275084495544,0.8819561004638672,-0.03694555535912514,0.3895462155342102
13,0.7310506701469421,0.39141470193862915,0.01884496957063675,0.9999691247940063,0.7350873947143555,0.38089847564697266,0.012178746983408928,0.9999553561210632,0.737644612789154,0.3793579041957855,0.012072970159351826,0.9999643564224243,0.7405751943588257,0.3776368498802185,0.012014231644570827,0.9999702572822571,0.7293251156806946,0.38369429111480713,0.035351406782865524,0.9999470710754395,0.7280838489532471,0.38426607847213745,0.03542757406830788,0.9999339580535889,0.7270327210426331,0.3847343325614929,0.03542210906744003,0.9999353885650635,0.7517269849777222,0.3768899738788605,0.011312413029372692,0.9999697804450989,0.7335279583930969,0.38586199283599854,0.11358568072319031,0.9998685717582703,0.740016758441925,0.3981771767139435,0.020175272598862648,0.9999545812606812,0.7332966923713684,0.40182411670684814,0.04980345442891121,0.9998900294303894,0.7803592681884766,0.4203023314476013,-0.05889437720179558,0.9999971389770508,0.7514281868934631,0.44246789813041687,0.19604766368865967,0.9996435642242432,0.7916826009750366,0.49073341488838196,-0.11123915016651154,0.9986209273338318,0.7583528757095337,0.5197713971138,0.23902493715286255,0.2918826937675476,0.7907899618148804,0.5720039010047913,-0.13924258947372437,0.9970905780792236,0.7530308365821838,0.58799147605896,0.19290412962436676,0.47523102164268494,0.794700026512146,0.5973376631736755,-0.1626390516757965,0.9934350848197937,0.7530439496040344,0.6099338531494141,0.19104628264904022,0.4561513364315033,0.7853554487228394,0.5962786674499512,-0.16178525984287262,0.9929408431053162,0.7521745562553406,0.6078891158103943,0.1691114902496338,0.46262308955192566,0.7829830646514893,0.5898963212966919,-0.1370537132024765,0.9886560440063477,0.7531721591949463,0.6006804704666138,0.18143248558044434,0.46570131182670593,0.7824880480766296,0.586179256439209,-0.07792060822248459,0.9996589422225952,0.7656039595603943,0.594412088394165,0.07796099036931992,0.998350977897644,0.7933800220489502,0.7081800699234009,-0.11893904954195023,0.825121283531189,0.7809239625930786,0.7152772545814514,0.029725413769483566,0.2924129068851471,0.8162725567817688,0.8551920056343079,-0.15087179839611053,0.7674136757850647,0.801009476184845,0.8467110395431519,0.0020132747013121843,0.25725144147872925,0.8275023102760315,0.8770614862442017,-0.15587830543518066,0.7645584940910339,0.8117977380752563,0.8683123588562012,-0.002255856990814209,0.381856769323349,0.7874775528907776,0.9001892805099487,-0.2298116385936737,0.7896872162818909,0.7683203816413879,0.8814744353294373,-0.056922197341918945,0.3792261779308319
14,0.7308443784713745,0.3913764953613281,0.02246640995144844,0.9999704360961914,0.7348999977111816,0.380863219499588,0.016697078943252563,0.9999575614929199,0.7374418377876282,0.3793221712112427,0.016589192673563957,0.9999662637710571,0.7404321432113647,0.3776090145111084,0.016524970531463623,0.9999718070030212,0.7290929555892944,0.3836658298969269,0.03972478583455086,0.9999492168426514,0.7278912663459778,0.3842306435108185,0.039805907756090164,0.9999361038208008,0.7268598675727844,0.38468819856643677,0.0398019477725029,0.9999369978904724,0.7516710162162781,0.3768669664859772,0.015917127951979637,0.9999717473983765,0.7334051132202148,0.38579317927360535,0.11857982724905014,0.9998727440834045,0.739976704120636,0.39816004037857056,0.02437695860862732,0.9999560117721558,0.7332777976989746,0.4018363654613495,0.05398929864168167,0.9998924136161804,0.7805469632148743,0.4203137457370758,-0.05660974606871605,0.9999973177909851,0.7506946921348572,0.44295534491539,0.20049652457237244,0.9996373653411865,0.7916421294212341,0.4906754791736603,-0.11053530126810074,0.9986283183097839,0.7569792866706848,0.5203661918640137,0.24553850293159485,0.27695542573928833,0.7907524108886719,0.571789026260376,-0.14012441039085388,0.9970614314079285,0.7514512538909912,0.5886109471321106,0.20034964382648468,0.4508877694606781,0.7935800552368164,0.5973209142684937,-0.1636471301317215,0.9933521151542664,0.7502526640892029,0.6105175614356995,0.19822418689727783,0.43485838174819946,0.7832992076873779,0.5958651900291443,-0.16309142112731934,0.9928694367408752,0.7495312094688416,0.6088352203369141,0.17710480093955994,0.44093969464302063,0.781421422958374,0.5892331600189209,-0.13798348605632782,0.9885280132293701,0.7511452436447144,0.6012618541717529,0.18920092284679413,0.444285124540329,0.7826048731803894,0.5862167477607727,-0.07823818922042847,0.9996514320373535,0.7655520439147949,0.594467282295227,0.0782763734459877,0.9983157515525818,0.7937986254692078,0.7076215147972107,-0.12124497443437576,0.8212763667106628,0.780809223651886,0.7151985168457031,0.03253508731722832,0.28993362188339233,0.8167440295219421,0.8552905321121216,-0.14982135593891144,0.757938027381897,0.8012239336967468,0.8473489284515381,0.008215936832129955,0.25111764669418335,0.827633261680603,0.8770549297332764,-0.15449035167694092,0.7557399868965149,0.8122528791427612,0.8696524500846863,0.004127973224967718,0.37533384561538696,0.786108136177063,0.8996329307556152,-0.2280300259590149,0.7813364267349243,0.768628716468811,0.8813127279281616,-0.050192318856716156,0.37088823318481445
15,0.7300195097923279,0.3913174271583557,0.02036389522254467,0.9999719858169556,0.7341464757919312,0.38080108165740967,0.014103312976658344,0.9999600052833557,0.7366217374801636,0.37927117943763733,0.014002775773406029,0.9999682307243347,0.7394937872886658,0.3775402009487152,0.013950904831290245,0.999973475933075,0.7285716533660889,0.38354218006134033,0.037126582115888596,0.9999517202377319,0.727513313293457,0.3840930461883545,0.03720485791563988,0.9999390244483948,0.7265493869781494,0.3845519423484802,0.03720111399888992,0.9999394416809082,0.7511716485023499,0.37684527039527893,0.011053070425987244,0.9999735951423645,0.7333006262779236,0.3857404887676239,0.1135839894413948,0.9998781085014343,0.7391371726989746,0.3981553316116333,0.02131105214357376,0.9999582767486572,0.732632040977478,0.40182989835739136,0.0509202741086483,0.9998970031738281,0.7805255651473999,0.42041438817977905,-0.06337732821702957,0.9999975562095642,0.7497625946998596,0.4440511465072632,0.19852404296398163,0.9996446967124939,0.7917380332946777,0.4904264807701111,-0.12184859812259674,0.9986786842346191,0.7540780901908875,0.5229122042655945,0.24127839505672455,0.2709691524505615,0.7902894020080566,0.5717249512672424,-0.15489932894706726,0.9972145557403564,0.750268280506134,0.591625988483429,0.1930519938468933,0.4453265964984894,0.7917168140411377,0.597405195236206,-0.1782250851392746,0.9936596155166626,0.7481943964958191,0.6147539615631104,0.19006749987602234,0.4304545819759369,0.7803782820701599,0.5958579778671265,-0.17815758287906647,0.9932028651237488,0.7491605281829834,0.6128848791122437,0.1700410544872284,0.4361927807331085,0.7784917950630188,0.5892288088798523,-0.15330730378627777,0.9890226721763611,0.7502659559249878,0.6041542291641235,0.18279121816158295,0.43913981318473816,0.7828450798988342,0.5862120985984802,-0.078498974442482,0.9996505975723267,0.7656049728393555,0.5945505499839783,0.07852970063686371,0.9982999563217163,0.7935553789138794,0.7071995139122009,-0.12103971093893051,0.8149089217185974,0.7807826399803162,0.7151328325271606,0.03583625704050064,0.28279659152030945,0.8169115781784058,0.855475664138794,-0.14859236776828766,0.7508783340454102,0.8019517660140991,0.8474382758140564,0.014361096546053886,0.2435540407896042,0.827518880367279,0.8769497275352478,-0.15334385633468628,0.7486709952354431,0.8130283951759338,0.8689085841178894,0.010600348934531212,0.36718079447746277,0.7881731986999512,0.9002550840377808,-0.22842852771282196,0.7759205102920532,0.7686185836791992,0.8809775710105896,-0.04195120185613632,0.3626580536365509
16,0.7291045784950256,0.3913208842277527,0.018833842128515244,0.9999733567237854,0.7332020998001099,0.3807735741138458,0.012426337227225304,0.9999622106552124,0.7356840372085571,0.37923896312713623,0.012324572540819645,0.999970018863678,0.7383883595466614,0.37751299142837524,0.012273876927793026,0.9999749064445496,0.7279586791992188,0.3834976255893707,0.03534797579050064,0.9999540448188782,0.7270429730415344,0.38402533531188965,0.035424597561359406,0.9999417662620544,0.7261477112770081,0.38448309898376465,0.0354204960167408,0.9999418258666992,0.7505766153335571,0.37678155303001404,0.003487371141090989,0.9999752640724182,0.7332636117935181,0.38565298914909363,0.11201996356248856,0.9998840689659119,0.73820561170578,0.39827367663383484,0.020299874246120453,0.9999603033065796,0.7318863272666931,0.4019984304904938,0.04927750676870346,0.999901533126831,0.7805108428001404,0.42073026299476624,-0.07024776935577393,0.9999976754188538,0.7493115663528442,0.4453016221523285,0.18979431688785553,0.9996519684791565,0.7916903495788574,0.49107614159584045,-0.12561631202697754,0.998698890209198,0.7520856261253357,0.5252153873443604,0.2298763394355774,0.2658523619174957,0.7883464097976685,0.573092520236969,-0.15584947168827057,0.9972854256629944,0.7497013807296753,0.592807948589325,0.17933744192123413,0.4368460774421692,0.7888544797897339,0.5998660326004028,-0.1833643615245819,0.9937723875045776,0.7466366291046143,0.6165528297424316,0.17689578235149384,0.4229377806186676,0.7764223217964172,0.5983784198760986,-0.1803542524576187,0.9933248162269592,0.749035656452179,0.6145433187484741,0.15478873252868652,0.4283425807952881,0.7745380401611328,0.5917598009109497,-0.15645606815814972,0.9891835451126099,0.7496011257171631,0.6048926115036011,0.1679953634738922,0.43117573857307434,0.7832757234573364,0.5863990783691406,-0.07865631580352783,0.9996362924575806,0.765693187713623,0.5952401757240295,0.0786864310503006,0.9982542395591736,0.7933363914489746,0.7064375281333923,-0.12090253829956055,0.8079022169113159,0.780750572681427,0.7144294381141663,0.0377555713057518,0.2764407992362976,0.816872775554657,0.8560656309127808,-0.14345155656337738,0.7399012446403503,0.8025299310684204,0.8486607670783997,0.016488132998347282,0.23575404286384583,0.8302183747291565,0.8768928647041321,-0.14781610667705536,0.7413859963417053,0.8131148219108582,0.8691509962081909,0.012452417984604836,0.35984206199645996,0.7924416661262512,0.9015450477600098,-0.22659234702587128,0.766074001789093,0.7685827612876892,0.8824812769889832,-0.037384070456027985,0.35210347175598145
17,0.7271661758422852,0.3912026286125183,0.02312518283724785,0.9999746084213257,0.7309011220932007,0.3805496096611023,0.01236832793802023,0.9999642968177795,0.7334620356559753,0.3790509104728699,0.012278003618121147,0.9999716281890869,0.7359663248062134,0.37731701135635376,0.012239589355885983,0.9999762177467346,0.72673100233078,0.38301506638526917,0.03765524923801422,0.9999562501907349,0.7259852886199951,0.38347530364990234,0.03772347792983055,0.9999443888664246,0.7251827716827393,0.38388797640800476,0.037708576768636703,0.9999443292617798,0.7486734390258789,0.37660926580429077,-0.010445947758853436,0.9999768137931824,0.7332454323768616,0.3849225640296936,0.11085787415504456,0.9998908042907715,0.7358068227767944,0.3983156383037567,0.019161244854331017,0.9999623894691467,0.7300206422805786,0.40200936794281006,0.05084885284304619,0.999906599521637,0.7801554203033447,0.42076948285102844,-0.09092219173908234,0.9999978542327881,0.7491859793663025,0.4456688463687897,0.18707053363323212,0.9996682405471802,0.7915604114532471,0.4895281195640564,-0.1566798835992813,0.998707115650177,0.7513085007667542,0.5269628167152405,0.22610346972942352,0.26269206404685974,0.7863923907279968,0.5730012655258179,-0.2048070728778839,0.9973767399787903,0.7475315928459167,0.5975808501243591,0.174464613199234,0.4354046881198883,0.7867839336395264,0.5997501611709595,-0.2350340634584427,0.9939600825309753,0.743691086769104,0.6214262843132019,0.172782763838768,0.4216403365135193,0.7751066088676453,0.5982854962348938,-0.2326166033744812,0.9935231804847717,0.7458776831626892,0.6198506951332092,0.14717437326908112,0.4271647334098816,0.7730943560600281,0.5917382836341858,-0.20305703580379486,0.9894546270370483,0.7474819421768188,0.6108230352401733,0.161397784948349,0.43029701709747314,0.7833157777786255,0.5865611433982849,-0.08093202114105225,0.9996193647384644,0.7657406330108643,0.5954598784446716,0.08098141849040985,0.9982360601425171,0.7933861613273621,0.7062237858772278,-0.11860799789428711,0.805651843547821,0.7807239890098572,0.7143407464027405,0.04988628625869751,0.2707829475402832,0.81693035364151,0.8569483757019043,-0.13146406412124634,0.734188437461853,0.8028437495231628,0.8488108515739441,0.03997157886624336,0.22881391644477844,0.8299729824066162,0.8776041269302368,-0.1352473795413971,0.7409965395927429,0.8138224482536316,0.8696590662002563,0.03699629381299019,0.35644063353538513,0.7908071279525757,0.8988096117973328,-0.21044591069221497,0.7611651420593262,0.7685345411300659,0.8831467032432556,-0.014104372821748257,0.34427937865257263
18,0.7255299091339111,0.3913567364215851,0.02285284362733364,0.9999744892120361,0.729057788848877,0.3805859684944153,0.011903497390449047,0.9999646544456482,0.731456458568573,0.3791853189468384,0.011803627014160156,0.9999718070030212,0.7339147925376892,0.3775230348110199,0.01175570860505104,0.9999762773513794,0.7255006432533264,0.38299763202667236,0.03666151314973831,0.9999560713768005,0.7248109579086304,0.3834531009197235,0.03672845661640167,0.9999439716339111,0.7240713238716125,0.3838440775871277,0.03671133145689964,0.999943733215332,0.7467070817947388,0.3766669034957886,-0.02039334550499916,0.9999772906303406,0.7332280874252319,0.38464462757110596,0.10375787317752838,0.9998927116394043,0.7337620854377747,0.3989779055118561,0.019013458862900734,0.999962568283081,0.7284894585609436,0.4024190604686737,0.05011100322008133,0.9999070763587952,0.77888023853302,0.4207974076271057,-0.10194472968578339,0.9999979734420776,0.7492281198501587,0.445646196603775,0.18435044586658478,0.9996771216392517,0.7894691824913025,0.4885633587837219,-0.16777528822422028,0.9986686110496521,0.7512829899787903,0.5278785228729248,0.22350646555423737,0.25937703251838684,0.7846775650978088,0.5729588270187378,-0.216617614030838,0.9974138140678406,0.7461163997650146,0.6004189252853394,0.17329534888267517,0.4346945285797119,0.7854463458061218,0.5996590256690979,-0.24643674492835999,0.9940415620803833,0.7413996458053589,0.6236065626144409,0.1728193759918213,0.42082294821739197,0.7742562890052795,0.5981951355934143,-0.24433045089244843,0.9936071634292603,0.7419519424438477,0.6227734088897705,0.14660698175430298,0.42652004957199097,0.7719996571540833,0.5916528105735779,-0.2145751416683197,0.9895395636558533,0.7454541921615601,0.6137315630912781,0.15998105704784393,0.42981696128845215,0.7832198143005371,0.5871931910514832,-0.08415556699037552,0.9995851516723633,0.7661188244819641,0.5960317254066467,0.08419820666313171,0.9981526732444763,0.7934305667877197,0.706241250038147,-0.1156579852104187,0.8022119402885437,0.7805250287055969,0.714230477809906,0.06427351385354996,0.26190435886383057,0.817030131816864,0.8581447005271912,-0.12454450130462646,0.7291743755340576,0.8030365705490112,0.8485316634178162,0.05867909640073776,0.2200612723827362,0.8297788500785828,0.8789125084877014,-0.12810330092906952,0.7410781383514404,0.8141233325004578,0.8699821829795837,0.05618505924940109,0.3515138626098633,0.7859993577003479,0.8987505435943604,-0.20222318172454834,0.7568431496620178,0.7684938907623291,0.8831332921981812,0.006895135156810284,0.33452582359313965
19,0.724254310131073,0.39136332273483276,0.027852574363350868,0.9999738931655884,0.7277070879936218,0.3805655241012573,0.013042956590652466,0.9999644160270691,0.729884684085846,0.3791796565055847,0.012962686829268932,0.9999716281890869,0.7322535514831543,0.37752988934516907,0.01293229404836893,0.9999760389328003,0.7245292067527771,0.38292622566223145,0.039683617651462555,0.9999547600746155,0.723927915096283,0.38335150480270386,0.03974715620279312,0.9999423623085022,0.7232812643051147,0.3837055563926697,0.03972696140408516,0.9999419450759888,0.744851291179657,0.37665513157844543,-0.02324562519788742,0.9999775886535645,0.7331639528274536,0.38410454988479614,0.1006256565451622,0.9998926520347595,0.7322468757629395,0.3991337716579437,0.01901109144091606,0.9999621510505676,0.7275214791297913,0.4024607241153717,0.05263017490506172,0.9999050498008728,0.7769972085952759,0.42060524225234985,-0.10659196972846985,0.9999980926513672,0.749498724937439,0.4449940323829651,0.1818035989999771,0.9996770620346069,0.7868297696113586,0.4858452081680298,-0.16675952076911926,0.9986714720726013,0.7513591647148132,0.5274888873100281,0.22108431160449982,0.2508814334869385,0.7824915051460266,0.5718929171562195,-0.20917364954948425,0.9974927306175232,0.7447022795677185,0.6002834439277649,0.17393942177295685,0.42387932538986206,0.7835320234298706,0.5992416143417358,-0.23760056495666504,0.9942011833190918,0.7400960922241211,0.623195230960846,0.17383220791816711,0.4105989933013916,0.7730685472488403,0.5976136326789856,-0.23612895607948303,0.9937754273414612,0.7404881119728088,0.6222538352012634,0.1477901041507721,0.4165026545524597,0.770759105682373,0.590610146522522,-0.20711350440979004,0.9897510409355164,0.7437548637390137,0.613329291343689,0.16061902046203613,0.4201625883579254,0.7821140885353088,0.5872683525085449,-0.08581748604774475,0.9995559453964233,0.7661510705947876,0.5959477424621582,0.08585193008184433,0.9980528950691223,0.7933462858200073,0.7062830924987793,-0.11536981165409088,0.8052514791488647,0.7793510556221008,0.7142881751060486,0.06691228598356247,0.2558097839355469,0.8169721364974976,0.8580410480499268,-0.12684202194213867,0.7342789769172668,0.803902268409729,0.8484165072441101,0.058246973901987076,0.21465784311294556,0.8296370506286621,0.878852903842926,-0.1307510882616043,0.7468398809432983,0.8156471848487854,0.8685774803161621,0.05511745065450668,0.34943482279777527,0.7823942303657532,0.8978765606880188,-0.2046760767698288,0.7617062330245972,0.7684573531150818,0.8799936771392822,0.006422269623726606,0.3306523859500885
20,0.7231878042221069,0.3913779556751251,0.02599184960126877,0.9999726414680481,0.7267231345176697,0.3805543780326843,0.012277321889996529,0.9999634027481079,0.7288069128990173,0.37916553020477295,0.012214629910886288,0.9999707341194153,0.7311978936195374,0.377515584230423,0.01219755969941616,0.9999752044677734,0.7234845161437988,0.3828674554824829,0.03869139403104782,0.999952495098114,0.7228635549545288,0.38328641653060913,0.03875843435525894,0.9999394416809082,0.7222280502319336,0.38362306356430054,0.038740746676921844,0.99993896484375,0.7437535524368286,0.3766288459300995,-0.027331259101629257,0.9999773502349854,0.7328641414642334,0.3837992548942566,0.09610486775636673,0.9998900890350342,0.7312411665916443,0.39928585290908813,0.01764991134405136,0.9999611377716064,0.726755678653717,0.40254873037338257,0.05178004130721092,0.9999011754989624,0.7756273150444031,0.4206133186817169,-0.11017093062400818,0.9999982118606567,0.7495895028114319,0.4449915289878845,0.17966122925281525,0.9996722340583801,0.7850122451782227,0.4860150218009949,-0.1687910258769989,0.9986708164215088,0.7513917684555054,0.5275869369506836,0.2195451557636261,0.24430795013904572,0.7806117534637451,0.5718758702278137,-0.20849762856960297,0.997551441192627,0.7417256832122803,0.5999951958656311,0.17242179811000824,0.4172655940055847,0.7818347215652466,0.5992583632469177,-0.23668719828128815,0.9943126440048218,0.7361630797386169,0.6228455901145935,0.17250196635723114,0.4040733575820923,0.771103024482727,0.5975723266601562,-0.23524747788906097,0.9938887357711792,0.7365615963935852,0.6218833327293396,0.14635084569454193,0.41011273860931396,0.7687024474143982,0.5905952453613281,-0.20635585486888885,0.989888072013855,0.7403020858764648,0.6130237579345703,0.15898840129375458,0.41405484080314636,0.7814900279045105,0.5890342593193054,-0.08731091022491455,0.9995269775390625,0.766190767288208,0.5971361398696899,0.08733589947223663,0.9979382157325745,0.7932116985321045,0.7066122889518738,-0.11471155285835266,0.8077970147132874,0.7763972878456116,0.7143293023109436,0.07526985555887222,0.24895235896110535,0.8168547749519348,0.8578945398330688,-0.12558211386203766,0.738349437713623,0.8032146096229553,0.847621500492096,0.07004916667938232,0.20818571746349335,0.8294561505317688,0.8788164258003235,-0.1295735388994217,0.7510327696800232,0.8160582184791565,0.8665413856506348,0.06713511049747467,0.3465622365474701,0.7777745127677917,0.8971675634384155,-0.20490241050720215,0.7653133869171143,0.7680506110191345,0.8771515488624573,0.020238187164068222,0.3253418207168579
21,0.7213032245635986,0.39108720421791077,0.027270739898085594,0.9999721646308899,0.7252010107040405,0.38025349378585815,0.012338013388216496,0.9999634027481079,0.7270498275756836,0.378903329372406,0.01227114163339138,0.9999707937240601,0.7292085886001587,0.37731054425239563,0.012253489345312119,0.9999752640724182,0.7218524217605591,0.38248762488365173,0.03898458927869797,0.9999518394470215,0.7213253974914551,0.3828858435153961,0.03903496265411377,0.9999389052391052,0.7208361029624939,0.38315221667289734,0.039016447961330414,0.9999384880065918,0.7417576909065247,0.3765668272972107,-0.026380643248558044,0.9999779462814331,0.7320066690444946,0.38334664702415466,0.09462092071771622,0.9998912215232849,0.7294082045555115,0.39928215742111206,0.01744069531559944,0.9999615550041199,0.7254811525344849,0.4025171101093292,0.051653217524290085,0.999900758266449,0.7742900252342224,0.4206141233444214,-0.10877784341573715,0.9999982714653015,0.7495929002761841,0.4455057680606842,0.17509324848651886,0.9996694326400757,0.7834872007369995,0.4863574504852295,-0.16567561030387878,0.9987069964408875,0.7507074475288391,0.529866635799408,0.2149174064397812,0.2374230921268463,0.7772566080093384,0.5719439387321472,-0.2045581191778183,0.9976513385772705,0.7374780178070068,0.6008561849594116,0.16702136397361755,0.40930458903312683,0.7788518667221069,0.5992639064788818,-0.23272757232189178,0.9945141077041626,0.7318595051765442,0.6232219934463501,0.1656855046749115,0.3959657847881317,0.7677834630012512,0.5975431203842163,-0.23076008260250092,0.9940987229347229,0.7310535311698914,0.622748076915741,0.1387052685022354,0.40254560112953186,0.7653528451919556,0.5905754566192627,-0.20233054459095,0.9901941418647766,0.7348623871803284,0.614339292049408,0.15281613171100616,0.4071281850337982,0.7812831997871399,0.5893150568008423,-0.08719310164451599,0.9994897842407227,0.7643463611602783,0.5994245409965515,0.08721625804901123,0.9978109002113342,0.7936483025550842,0.7075573205947876,-0.11485280096530914,0.8128631114959717,0.7705091238021851,0.7151837348937988,0.0693286582827568,0.24783149361610413,0.8167473077774048,0.8571751117706299,-0.12633778154850006,0.7435699105262756,0.8033285140991211,0.8473016619682312,0.06276232749223709,0.20748627185821533,0.8293420076370239,0.8783671855926514,-0.13044960796833038,0.7500601410865784,0.8169651627540588,0.8662022948265076,0.05731818452477455,0.34691524505615234,0.777608335018158,0.8971533179283142,-0.2055477797985077,0.7708502411842346,0.7681291699409485,0.8771751523017883,0.004597637802362442,0.3281607925891876
22,0.7189043164253235,0.38979780673980713,0.026427650824189186,0.9999715685844421,0.7232087254524231,0.3787171542644501,0.01085422933101654,0.9999624490737915,0.7250990271568298,0.3775157332420349,0.010797924362123013,0.9999701976776123,0.726999819278717,0.3761899173259735,0.010792013257741928,0.9999747276306152,0.7198949456214905,0.3809414505958557,0.03753605857491493,0.9999501705169678,0.7196003794670105,0.38137227296829224,0.03756117820739746,0.9999373555183411,0.7193695306777954,0.3816167712211609,0.03753947094082832,0.9999369978904724,0.7396636009216309,0.376125305891037,-0.029335176572203636,0.9999780058860779,0.730863094329834,0.3824107050895691,0.08838167041540146,0.9998899698257446,0.7268118262290955,0.39859047532081604,0.014985756017267704,0.9999618530273438,0.7232412099838257,0.40163859724998474,0.049261804670095444,0.999899685382843,0.7719609141349792,0.42026692628860474,-0.1093328595161438,0.9999983310699463,0.7487688064575195,0.44566404819488525,0.16727881133556366,0.9996582269668579,0.7817562818527222,0.4872731566429138,-0.1633598804473877,0.9987583756446838,0.7477754354476929,0.5317164659500122,0.20663297176361084,0.22998757660388947,0.7737817764282227,0.5724710822105408,-0.19972537457942963,0.9977746605873108,0.7333685755729675,0.6010394096374512,0.1588449627161026,0.40422797203063965,0.7755467891693115,0.5995525121688843,-0.22496342658996582,0.9947658777236938,0.7272696495056152,0.6230972409248352,0.15643303096294403,0.3903743624687195,0.7645967602729797,0.5977323055267334,-0.22485774755477905,0.9943625926971436,0.7263897657394409,0.6226643919944763,0.129777193069458,0.3974802494049072,0.7622846961021423,0.5909295082092285,-0.19783064723014832,0.9905954599380493,0.7300646901130676,0.6147056221961975,0.14455385506153107,0.4024807810783386,0.7812938690185547,0.5890496373176575,-0.08499082177877426,0.9994516372680664,0.759688675403595,0.6002784371376038,0.08497721701860428,0.9977349638938904,0.7953203320503235,0.7096704840660095,-0.11161645501852036,0.8259380459785461,0.7619266510009766,0.719794750213623,0.0561724416911602,0.26697444915771484,0.816712498664856,0.8536078929901123,-0.11140145361423492,0.7601107358932495,0.8026992082595825,0.8461084961891174,0.057321202009916306,0.2245032787322998,0.8290587067604065,0.874010443687439,-0.11483483761548996,0.7519204616546631,0.8163931965827942,0.864668071269989,0.05268555507063866,0.3577340841293335,0.7771560549736023,0.8979346752166748,-0.19612202048301697,0.784938395023346,0.7686195373535156,0.876980185508728,0.0028364546597003937,0.34888720512390137
23,0.7167232036590576,0.3894849419593811,0.02095031924545765,0.9999693036079407,0.7205227613449097,0.37839773297309875,0.00448655616492033,0.9999592900276184,0.7225550413131714,0.3772296607494354,0.004430032800883055,0.9999679327011108,0.7244226336479187,0.37596723437309265,0.004425795283168554,0.9999729990959167,0.7179304361343384,0.38047096133232117,0.030857402831315994,0.9999449849128723,0.7179228067398071,0.38084056973457336,0.030881237238645554,0.9999316334724426,0.717979907989502,0.3810047507286072,0.030860459432005882,0.9999313354492188,0.7370787262916565,0.3759765625,-0.035179730504751205,0.999977171421051,0.72955322265625,0.3818744421005249,0.08141054958105087,0.9998815655708313,0.7243169546127319,0.39845335483551025,0.008362035267055035,0.9999606609344482,0.7213101983070374,0.4013221263885498,0.04236941784620285,0.9998931288719177,0.7691733837127686,0.4194313585758209,-0.11394808441400528,0.9999983906745911,0.7481221556663513,0.4454839825630188,0.16093555092811584,0.999631941318512,0.7794302105903625,0.4875158965587616,-0.165604829788208,0.9988107085227966,0.7477061152458191,0.5316485166549683,0.20017345249652863,0.21932852268218994,0.7701749205589294,0.5726596117019653,-0.19856272637844086,0.9978983998298645,0.7340022921562195,0.5995367765426636,0.1529492288827896,0.3930637836456299,0.7710227966308594,0.5996341109275818,-0.2231912612915039,0.995016872882843,0.7276700735092163,0.6220290660858154,0.15004868805408478,0.37964123487472534,0.7605125308036804,0.5979666709899902,-0.2221544086933136,0.9946253299713135,0.7268058657646179,0.6219269037246704,0.12426245212554932,0.38689228892326355,0.759028434753418,0.5912635922431946,-0.19596152007579803,0.9909827709197998,0.7303347587585449,0.6143995523452759,0.1390751302242279,0.39193490147590637,0.7806864976882935,0.58766108751297,-0.08289321511983871,0.9994352459907532,0.7576125860214233,0.5997646450996399,0.08288056403398514,0.9977058172225952,0.7954826354980469,0.709679901599884,-0.11854228377342224,0.8360366821289062,0.7490015029907227,0.7194157838821411,0.02363615296781063,0.2850106954574585,0.8161390423774719,0.8513342142105103,-0.11467801034450531,0.7731459736824036,0.7985021471977234,0.8397126793861389,0.02879521995782852,0.23758094012737274,0.8264337182044983,0.8708822727203369,-0.11855138093233109,0.7487072348594666,0.8098192811012268,0.8583279848098755,0.025797992944717407,0.3643885552883148,0.7757928371429443,0.8955550789833069,-0.2047053873538971,0.7963504791259766,0.7682364583015442,0.8785320520401001,-0.024801980704069138,0.3655507564544678
24,0.7142213582992554,0.38936665654182434,0.02082914486527443,0.9999669194221497,0.7176769971847534,0.3783247768878937,0.004450121428817511,0.9999560713768005,0.7195944786071777,0.3772062361240387,0.004389374051243067,0.9999656081199646,0.7215887308120728,0.3759649097919464,0.004381590522825718,0.999971330165863,0.7158913612365723,0.3801358938217163,0.03061802312731743,0.9999409914016724,0.7161005735397339,0.380392849445343,0.030642051249742508,0.9999273419380188,0.7163905501365662,0.3804171085357666,0.030619122087955475,0.9999276995658875,0.734342098236084,0.37603944540023804,-0.03421315923333168,0.9999765157699585,0.7279423475265503,0.381369948387146,0.08138489723205566,0.9998770952224731,0.7211124897003174,0.3984606862068176,0.008380403742194176,0.9999586343765259,0.7187606692314148,0.4012424349784851,0.04210742563009262,0.9998858571052551,0.7652406692504883,0.41937416791915894,-0.11202072352170944,0.9999983310699463,0.7478662133216858,0.4452835023403168,0.1591292768716812,0.9996025562286377,0.7769545316696167,0.4881408214569092,-0.16484732925891876,0.998834490776062,0.7515295743942261,0.526486873626709,0.19094030559062958,0.20556581020355225,0.7668366432189941,0.5727857351303101,-0.18946020305156708,0.997940719127655,0.737315833568573,0.5951972603797913,0.14009034633636475,0.37230777740478516,0.7681706547737122,0.5996178388595581,-0.21332845091819763,0.9950608015060425,0.7308381199836731,0.6173703670501709,0.13529053330421448,0.36034688353538513,0.7577192783355713,0.5981127023696899,-0.2108611911535263,0.9946536421775818,0.7291515469551086,0.6173133850097656,0.11078011989593506,0.3674415647983551,0.7565661072731018,0.5913525223731995,-0.1863107830286026,0.990969717502594,0.7318376302719116,0.6111795902252197,0.12649117410182953,0.372304230928421,0.7801138162612915,0.5864116549491882,-0.07960555702447891,0.9994167685508728,0.7574102878570557,0.5988787412643433,0.07961557060480118,0.9977167844772339,0.7948660850524902,0.7092423439025879,-0.13816389441490173,0.8486871123313904,0.7420517206192017,0.7172918915748596,-0.01178331021219492,0.3203302323818207,0.8155623078346252,0.8455694913864136,-0.14401030540466309,0.7895703315734863,0.7963352203369141,0.8372477889060974,-0.01965934783220291,0.26893559098243713,0.8250746130943298,0.8662614226341248,-0.1485014408826828,0.7546055912971497,0.8088653087615967,0.8571778535842896,-0.02402614802122116,0.3841709494590759,0.77520352602005,0.889566957950592,-0.2332177758216858,0.8108903169631958,0.7636459469795227,0.8753796815872192,-0.0775274783372879,0.39702266454696655
25,0.711546778678894,0.38905537128448486,0.02260625548660755,0.9999658465385437,0.7155120372772217,0.37803369760513306,0.005908743944019079,0.9999547600746155,0.7174034714698792,0.3770011365413666,0.005839708726853132,0.9999648332595825,0.7194929718971252,0.37584400177001953,0.005828277673572302,0.9999708533287048,0.7139654755592346,0.37951651215553284,0.03165022283792496,0.9999397397041321,0.7142661809921265,0.379660964012146,0.03167075291275978,0.9999263882637024,0.7146523594856262,0.3795861303806305,0.03164202719926834,0.9999268054962158,0.7321897745132446,0.376059353351593,-0.03129802271723747,0.9999768733978271,0.7262575030326843,0.38093483448028564,0.0835513100028038,0.9998790621757507,0.7179720401763916,0.3984324634075165,0.009783344343304634,0.9999578595161438,0.7160256505012512,0.40095338225364685,0.04302157089114189,0.9998823404312134,0.7622858285903931,0.4193383455276489,-0.11142744868993759,0.9999983310699463,0.7461122274398804,0.44512948393821716,0.16021789610385895,0.9995828866958618,0.7745227813720703,0.48826974630355835,-0.1594640463590622,0.9988366365432739,0.7529420852661133,0.5218117237091064,0.18690069019794464,0.1916433721780777,0.7619479298591614,0.572577178478241,-0.1671060025691986,0.9979169368743896,0.7410721182823181,0.5889039039611816,0.1312803477048874,0.34769588708877563,0.7632619738578796,0.5992158055305481,-0.1889970898628235,0.9949371218681335,0.7368640303611755,0.6112021207809448,0.12432849407196045,0.337522029876709,0.7545155882835388,0.5980120897293091,-0.18626798689365387,0.9944908618927002,0.7344781756401062,0.6108213663101196,0.10129450261592865,0.3441925048828125,0.753474771976471,0.5910305380821228,-0.16360655426979065,0.9906584620475769,0.7360865473747253,0.6051095724105835,0.11798099428415298,0.34879598021507263,0.7792111039161682,0.5860768556594849,-0.07387921959161758,0.9994321465492249,0.7551921010017395,0.598835825920105,0.07392991334199905,0.9978114366531372,0.794760525226593,0.7074674963951111,-0.15682977437973022,0.8617095351219177,0.7336012125015259,0.7114055752754211,-0.04961281269788742,0.3699072301387787,0.8147086501121521,0.8436582684516907,-0.17571786046028137,0.806378185749054,0.7896158695220947,0.8329312801361084,-0.06328073143959045,0.31146323680877686,0.8228210806846619,0.8627920746803284,-0.1814783364534378,0.7630414366722107,0.8049317598342896,0.8517468571662903,-0.06796963512897491,0.4127526581287384,0.7747007608413696,0.8889765739440918,-0.2644120156764984,0.825484037399292,0.7594984769821167,0.8745418190956116,-0.11698796600103378,0.43548116087913513
26,0.7097528576850891,0.3888407051563263,0.02803136222064495,0.999966561794281,0.7139828205108643,0.37767210602760315,0.012179910205304623,0.999955952167511,0.7159073948860168,0.3767223358154297,0.012103614397346973,0.9999657869338989,0.7180082201957703,0.3756706714630127,0.01208839938044548,0.999971866607666,0.7124817371368408,0.37890082597732544,0.0375862643122673,0.9999414086341858,0.7128288149833679,0.3789761960506439,0.03760695084929466,0.9999288320541382,0.7132689356803894,0.3788682818412781,0.037574395537376404,0.9999293684959412,0.730353593826294,0.3760674297809601,-0.02578294835984707,0.9999778866767883,0.7247274518013,0.38067570328712463,0.08708415180444717,0.9998853206634521,0.7158761024475098,0.3984297513961792,0.015780942514538765,0.9999590516090393,0.7141261100769043,0.4007919132709503,0.04856117069721222,0.9998846054077148,0.7600681185722351,0.41936638951301575,-0.10698715597391129,0.9999983906745911,0.7452203035354614,0.4451981484889984,0.1614055186510086,0.9995706081390381,0.7723990678787231,0.488275945186615,-0.1566103994846344,0.9988480806350708,0.7537320852279663,0.522081732749939,0.19342826306819916,0.17947718501091003,0.7581292986869812,0.5724205374717712,-0.16229398548603058,0.9979323148727417,0.7434148788452148,0.5888755321502686,0.14024560153484344,0.32528218626976013,0.758604109287262,0.598901629447937,-0.18404172360897064,0.9949091076850891,0.7403289079666138,0.6111375689506531,0.13455629348754883,0.31648382544517517,0.750723659992218,0.5977234840393066,-0.1797303557395935,0.9944398403167725,0.7368052005767822,0.6106707453727722,0.11143717914819717,0.3226979076862335,0.750025749206543,0.5905129909515381,-0.15811853110790253,0.990519106388092,0.7385353446006775,0.604621410369873,0.12707969546318054,0.32714277505874634,0.7785089612007141,0.585430383682251,-0.07252667844295502,0.9994618892669678,0.7560278177261353,0.5980714559555054,0.0725870206952095,0.9979392886161804,0.7939353585243225,0.7063427567481995,-0.1689261645078659,0.873681902885437,0.7225267291069031,0.7022138237953186,-0.0683232843875885,0.4181448221206665,0.8137783408164978,0.8432565331459045,-0.17640861868858337,0.8218257427215576,0.7733601331710815,0.8237351179122925,-0.06737606227397919,0.3515877425670624,0.8207079768180847,0.8604344725608826,-0.18039551377296448,0.7720800042152405,0.7868892550468445,0.845586895942688,-0.07022979110479355,0.43905264139175415,0.7782319188117981,0.8870363831520081,-0.25859686732292175,0.8386843800544739,0.7445669770240784,0.870810866355896,-0.11713744699954987,0.4688493013381958
27,0.7069739699363708,0.3886740207672119,0.016644613817334175,0.9999663829803467,0.7113684415817261,0.37725868821144104,0.00013412577391136438,0.999955415725708,0.7130950093269348,0.3764507472515106,7.937777991173789e-05,0.9999655485153198,0.7150647640228271,0.3755258023738861,8.966126188170165e-05,0.9999717473983765,0.7102354764938354,0.37817853689193726,0.02630584128201008,0.9999410510063171,0.7108007669448853,0.3781803846359253,0.02632736600935459,0.9999291300773621,0.7114764451980591,0.378050833940506,0.026306036859750748,0.9999296069145203,0.7277403473854065,0.37608158588409424,-0.03898383677005768,0.9999780654907227,0.7234308123588562,0.3800199031829834,0.07759086042642593,0.9998883008956909,0.7130885720252991,0.39842846989631653,0.0038512847386300564,0.9999589920043945,0.711891770362854,0.40065455436706543,0.03772669658064842,0.9998833537101746,0.7576797008514404,0.419374018907547,-0.11912930756807327,0.9999983906745911,0.7446260452270508,0.44432565569877625,0.1568501591682434,0.9995573163032532,0.7703344225883484,0.4875568151473999,-0.17558597028255463,0.9988827109336853,0.755025327205658,0.5178685784339905,0.18679070472717285,0.1683749556541443,0.7542886734008789,0.571584165096283,-0.16997037827968597,0.9979651570320129,0.7447168231010437,0.587814450263977,0.13055948913097382,0.30595269799232483,0.7542086839675903,0.5976555943489075,-0.18987230956554413,0.9949283599853516,0.7426187992095947,0.6101523637771606,0.12344718724489212,0.2984604239463806,0.7475110292434692,0.5967966914176941,-0.18158096075057983,0.9944432377815247,0.7400310039520264,0.6094822287559509,0.09935791045427322,0.30429738759994507,0.7470472455024719,0.5896306037902832,-0.1632988452911377,0.9904439449310303,0.7408871650695801,0.6034919619560242,0.11696206033229828,0.3085269331932068,0.7753130197525024,0.586271345615387,-0.0730091780424118,0.9994933605194092,0.7564770579338074,0.5977760553359985,0.07306242734193802,0.9980767369270325,0.7925223708152771,0.706365704536438,-0.1644432693719864,0.8854666948318481,0.7151540517807007,0.6960223913192749,-0.054360732436180115,0.4683997333049774,0.8127740621566772,0.8436431884765625,-0.17391709983348846,0.8383107781410217,0.7624490261077881,0.8191255331039429,-0.048680223524570465,0.40188631415367126,0.8186315894126892,0.860239565372467,-0.17849034070968628,0.7875509858131409,0.7798059582710266,0.8406143188476562,-0.051515739411115646,0.4766237437725067,0.7762585282325745,0.8832157254219055,-0.25826066732406616,0.853178083896637,0.7313843369483948,0.866407573223114,-0.0950629711151123,0.5107102990150452
28,0.7043882012367249,0.38864320516586304,0.016325142234563828,0.9999669790267944,0.709191083908081,0.37708818912506104,1.468502523493953e-05,0.9999556541442871,0.710918128490448,0.37636277079582214,-4.232244100421667e-05,0.9999659061431885,0.7128738760948181,0.37549474835395813,-3.181793726980686e-05,0.9999721050262451,0.7079108357429504,0.3778191804885864,0.026518087834119797,0.999941885471344,0.70847487449646,0.3777574300765991,0.026547450572252274,0.9999306201934814,0.7091483473777771,0.37760671973228455,0.026528211310505867,0.9999309778213501,0.7256035208702087,0.376080721616745,-0.03846825286746025,0.9999786615371704,0.721278190612793,0.37957021594047546,0.07980065047740936,0.9998917579650879,0.710715651512146,0.3984316885471344,0.003921071533113718,0.9999591112136841,0.7094747424125671,0.4005292057991028,0.03825579583644867,0.9998824596405029,0.75550776720047,0.41935813426971436,-0.11916271597146988,0.9999983906745911,0.7421385049819946,0.44370993971824646,0.15966100990772247,0.9995503425598145,0.7673071622848511,0.4872666597366333,-0.1761176586151123,0.9989069104194641,0.7544500827789307,0.5155727863311768,0.19104306399822235,0.15740764141082764,0.7511805891990662,0.5709869861602783,-0.1726660281419754,0.9979846477508545,0.7446077466011047,0.5859612822532654,0.13547249138355255,0.2864154279232025,0.7508715987205505,0.5966544151306152,-0.1954570859670639,0.9949392676353455,0.742791473865509,0.608324408531189,0.12833243608474731,0.27997690439224243,0.7449068427085876,0.596077024936676,-0.18860140442848206,0.9944393038749695,0.7401009798049927,0.6078013777732849,0.10426720976829529,0.28555136919021606,0.7444782853126526,0.5889720320701599,-0.16725242137908936,0.990321934223175,0.7411844730377197,0.6017328500747681,0.12176935374736786,0.2895643711090088,0.7734858393669128,0.5865558981895447,-0.07319720089435577,0.9995266795158386,0.755199134349823,0.5976009368896484,0.07326691597700119,0.9982190728187561,0.7917400598526001,0.7060384154319763,-0.17447255551815033,0.8961682915687561,0.7103387117385864,0.692987322807312,-0.05915228649973869,0.5144927501678467,0.8126616477966309,0.844106137752533,-0.19246679544448853,0.8533527851104736,0.7509379386901855,0.8213997483253479,-0.06216592341661453,0.4514305889606476,0.8192250728607178,0.8607783317565918,-0.19831912219524384,0.8011451363563538,0.7692393660545349,0.8427664637565613,-0.06647586077451706,0.5148046612739563,0.7761728167533875,0.8826149106025696,-0.28230801224708557,0.8665437698364258,0.7138657569885254,0.8654641509056091,-0.11096526682376862,0.5517179369926453
29,0.702437698841095,0.3886021673679352,0.017196761444211006,0.9999675750732422,0.7073904871940613,0.3770509958267212,0.0007580302190035582,0.999955952167511,0.7091265916824341,0.3763505816459656,0.0006961922626942396,0.9999661445617676,0.7110316157341003,0.3754934072494507,0.0006970396498218179,0.999972403049469,0.7062045335769653,0.3776942193508148,0.026727821677923203,0.9999427795410156,0.7068605422973633,0.37759625911712646,0.026773041114211082,0.999931812286377,0.7076490521430969,0.37740591168403625,0.026751447468996048,0.9999319911003113,0.7238004207611084,0.37612417340278625,-0.03710804134607315,0.9999790787696838,0.7196629643440247,0.37921231985092163,0.0810561403632164,0.9998937845230103,0.7087596654891968,0.3984336256980896,0.004880557768046856,0.999958872795105,0.7075571417808533,0.40043213963508606,0.038760822266340256,0.9998806118965149,0.7535864114761353,0.4194397032260895,-0.11664613336324692,0.9999984502792358,0.7391337752342224,0.4437255859375,0.16062915325164795,0.9995434880256653,0.7641510367393494,0.48621150851249695,-0.17263802886009216,0.9989215135574341,0.7515985369682312,0.514915943145752,0.19149519503116608,0.14731809496879578,0.7482233047485352,0.568290650844574,-0.17268674075603485,0.9979840517044067,0.7442510724067688,0.582027792930603,0.13843704760074615,0.2692435681819916,0.7480505704879761,0.594230592250824,-0.19537128508090973,0.9949204325675964,0.7424213290214539,0.6062136292457581,0.13311675190925598,0.26394009590148926,0.7421333193778992,0.5938511490821838,-0.1924656331539154,0.9944049715995789,0.7398996949195862,0.6051608324050903,0.1089673712849617,0.2694271206855774,0.7416794896125793,0.5864554047584534,-0.16880333423614502,0.9901630878448486,0.7411123514175415,0.5986236929893494,0.12510612607002258,0.27328160405158997,0.7716533541679382,0.5874095559120178,-0.07404995709657669,0.9995576739311218,0.7518665790557861,0.5975825786590576,0.07410632818937302,0.9983471632003784,0.7915000915527344,0.7067274451255798,-0.16499599814414978,0.9056519865989685,0.7085644602775574,0.6925339698791504,-0.040324557572603226,0.5543464422225952,0.8125008344650269,0.8443112373352051,-0.18452179431915283,0.8665789365768433,0.7420579791069031,0.8226191401481628,-0.045495882630348206,0.49632319808006287,0.8196064829826355,0.8612306714057922,-0.1906922310590744,0.8126053810119629,0.7556430101394653,0.8444269895553589,-0.04992685839533806,0.5506690740585327,0.775701642036438,0.8819453716278076,-0.27313679456710815,0.8781781792640686,0.6951528787612915,0.8651435375213623,-0.09413405507802963,0.5883862376213074
30,0.7003170251846313,0.38793641328811646,0.014695515856146812,0.9999667406082153,0.7054157853126526,0.376777708530426,-0.0029963520355522633,0.9999544024467468,0.7071425914764404,0.3761221170425415,-0.003063645213842392,0.9999646544456482,0.7090175151824951,0.3753134310245514,-0.003064025193452835,0.9999714493751526,0.7042720913887024,0.37731486558914185,0.02487885020673275,0.9999409317970276,0.7049398422241211,0.3771744966506958,0.024921461939811707,0.9999297857284546,0.7057710886001587,0.37690362334251404,0.024897735565900803,0.9999299645423889,0.7217099070549011,0.3761100471019745,-0.04581255093216896,0.9999784827232361,0.7176172137260437,0.378616601228714,0.07974670082330704,0.9998897314071655,0.706199049949646,0.3977883756160736,0.0010425392538309097,0.9999567866325378,0.7049282789230347,0.399280846118927,0.037157267332077026,0.9998729825019836,0.7509626746177673,0.42084845900535583,-0.1281159520149231,0.9999983906745911,0.7371937036514282,0.4435362219810486,0.16171343624591827,0.9995150566101074,0.7604479193687439,0.4863462746143341,-0.18215645849704742,0.9989203810691833,0.7476997971534729,0.5147417783737183,0.19160880148410797,0.137284055352211,0.744360089302063,0.5682389736175537,-0.17393389344215393,0.9979431629180908,0.7421200275421143,0.5804746150970459,0.14044129848480225,0.2522314190864563,0.7428220510482788,0.5942650437355042,-0.19679084420204163,0.9947913885116577,0.740466296672821,0.6048703789710999,0.13517631590366364,0.24801211059093475,0.7374693155288696,0.5937551259994507,-0.19403262436389923,0.9942522644996643,0.7390576004981995,0.6038169264793396,0.11115964502096176,0.2533635199069977,0.7375600337982178,0.5863354206085205,-0.1694997102022171,0.9898079633712769,0.7396014928817749,0.5968711972236633,0.12731771171092987,0.2572264075279236,0.7687410116195679,0.5884705781936646,-0.07592413574457169,0.9995750188827515,0.7479267716407776,0.59746915102005,0.07596304267644882,0.9984379410743713,0.79108726978302,0.7086554765701294,-0.15607747435569763,0.9132673740386963,0.705694854259491,0.694177508354187,-0.031423185020685196,0.5853869318962097,0.811549961566925,0.8448348045349121,-0.157356858253479,0.8773021101951599,0.723171055316925,0.8292285203933716,-0.020009079948067665,0.5323915481567383,0.8197756409645081,0.8619190454483032,-0.16235536336898804,0.8191964626312256,0.7377015948295593,0.8528728485107422,-0.023442883044481277,0.5792403221130371,0.7746590375900269,0.88270103931427,-0.24532946944236755,0.8873461484909058,0.6736993193626404,0.8658881187438965,-0.06705591827630997,0.617506742477417
31,0.6976268887519836,0.3873721957206726,0.018210172653198242,0.9999682903289795,0.7036622166633606,0.37640804052352905,0.0002302225329913199,0.9999564290046692,0.7055566906929016,0.3757528066635132,0.00017276652215514332,0.999966025352478,0.7074675559997559,0.3749891519546509,0.00016838264127727598,0.9999727010726929,0.702170193195343,0.3769485652446747,0.028590459376573563,0.9999438524246216,0.7028048634529114,0.3767962157726288,0.028659962117671967,0.999933123588562,0.7035845518112183,0.3765034079551697,0.02864052541553974,0.9999330639839172,0.7198676466941833,0.37610289454460144,-0.04411863163113594,0.9999793767929077,0.7154315710067749,0.3783855736255646,0.08249164372682571,0.999893307685852,0.7035952210426331,0.3972601294517517,0.003930303733795881,0.999957799911499,0.7017455101013184,0.3986237645149231,0.04051317647099495,0.999875009059906,0.7486282587051392,0.42153626680374146,-0.12312828749418259,0.9999983310699463,0.7322507500648499,0.4444654583930969,0.16785025596618652,0.9994800686836243,0.7581785321235657,0.4869581162929535,-0.17064858973026276,0.9989176988601685,0.7432677149772644,0.5153111219406128,0.2048608511686325,0.12803475558757782,0.7401118278503418,0.5682993531227112,-0.152604877948761,0.9979272484779358,0.7385809421539307,0.5799588561058044,0.16142337024211884,0.2375609427690506,0.7377409934997559,0.5945267677307129,-0.1743151694536209,0.9947227835655212,0.73687744140625,0.6048880815505981,0.1584385484457016,0.2344846874475479,0.73263019323349,0.5938788056373596,-0.17221389710903168,0.994171142578125,0.7361204028129578,0.6035277247428894,0.132921040058136,0.23967374861240387,0.7329527139663696,0.586418867111206,-0.1484658569097519,0.9896032214164734,0.7360748648643494,0.5960704684257507,0.14766903221607208,0.24336107075214386,0.7644480466842651,0.5897009372711182,-0.07614278793334961,0.9995970129966736,0.7440133690834045,0.5974895358085632,0.07617849856615067,0.9985350370407104,0.7902942299842834,0.709022581577301,-0.1464187204837799,0.9205248951911926,0.7053899765014648,0.6945404410362244,-0.0008488795720040798,0.6151726841926575,0.8104591965675354,0.8468747138977051,-0.1549910306930542,0.8873054385185242,0.7081338167190552,0.8353155851364136,0.005461058579385281,0.5689916610717773,0.815002977848053,0.8663840293884277,-0.1605800837278366,0.828629732131958,0.7189604640007019,0.8629481792449951,0.0021513598039746284,0.6091911792755127,0.7762642502784729,0.8853822946548462,-0.2428756207227707,0.8957828283309937,0.6597785353660583,0.8633497953414917,-0.03999527916312218,0.6457548141479492
32,0.6943288445472717,0.3875284790992737,0.0327131524682045,0.9999692440032959,0.6999828815460205,0.3764817416667938,0.016726801171898842,0.9999577403068542,0.7019535303115845,0.3758529722690582,0.016689637675881386,0.9999668002128601,0.7040149569511414,0.3751063644886017,0.016689328476786613,0.9999733567237854,0.6980754733085632,0.3769982159137726,0.04379327967762947,0.9999457597732544,0.698540985584259,0.37683117389678955,0.04384955018758774,0.999935507774353,0.6991017460823059,0.3765338659286499,0.0438564196228981,0.9999352693557739,0.7169260382652283,0.37622126936912537,-0.022910024970769882,0.9999797344207764,0.7114083766937256,0.3784027397632599,0.09704344719648361,0.999893844127655,0.7009381055831909,0.39745527505874634,0.020007293671369553,0.9999576210975647,0.6987981200218201,0.3987504243850708,0.054744087159633636,0.9998747706413269,0.7459065318107605,0.42242854833602905,-0.10757508873939514,0.999998152256012,0.7265791893005371,0.4455937445163727,0.1786441057920456,0.9994322657585144,0.7555943131446838,0.48890775442123413,-0.1453009992837906,0.9988771080970764,0.7380157113075256,0.515748143196106,0.21369482576847076,0.11932405829429626,0.7364830374717712,0.5683231353759766,-0.12718772888183594,0.9977738857269287,0.7346315383911133,0.5796191096305847,0.1739485263824463,0.22109948098659515,0.7337709069252014,0.5950706005096436,-0.14825955033302307,0.9943326115608215,0.7325109243392944,0.60514235496521,0.1719645857810974,0.21903178095817566,0.7285916805267334,0.5940765142440796,-0.1458228975534439,0.9937601685523987,0.7319612503051758,0.6033040285110474,0.1470613032579422,0.22409316897392273,0.7288677096366882,0.5864707231521606,-0.12329228222370148,0.9888858199119568,0.7319464087486267,0.5957661271095276,0.16047842800617218,0.22756047546863556,0.7611203193664551,0.592085063457489,-0.07628736644983292,0.9996070861816406,0.7366093993186951,0.5981489419937134,0.07631972432136536,0.9985995888710022,0.7899002432823181,0.710880696773529,-0.11729085445404053,0.9274929165840149,0.7069958448410034,0.70722895860672,0.038498248904943466,0.6441836357116699,0.8104881048202515,0.8486306667327881,-0.11277595907449722,0.8972047567367554,0.6975762248039246,0.8404380679130554,0.03920843452215195,0.606699526309967,0.8152525424957275,0.8678703904151917,-0.11687391996383667,0.8385099768638611,0.7045458555221558,0.8669204711914062,0.03486698493361473,0.6379186511039734,0.7782595157623291,0.8873133659362793,-0.1994468867778778,0.904515266418457,0.6433701515197754,0.8621909618377686,-0.014305132441222668,0.675759494304657
33,0.6922178864479065,0.3879990875720978,0.018755344673991203,0.9999682903289795,0.6974931955337524,0.37685051560401917,0.0011942937271669507,0.9999563097953796,0.6993016004562378,0.37632858753204346,0.0011555920355021954,0.9999651312828064,0.7012655138969421,0.37570181488990784,0.001165951369330287,0.9999720454216003,0.6959187984466553,0.3772178590297699,0.02955516241490841,0.9999438524246216,0.6964369416236877,0.37702441215515137,0.02960105799138546,0.9999338388442993,0.6970518827438354,0.37671443819999695,0.029592597857117653,0.9999331831932068,0.714076042175293,0.37694263458251953,-0.04388405382633209,0.9999778270721436,0.7091073989868164,0.37859007716178894,0.08100084960460663,0.9998824000358582,0.698487401008606,0.3980935215950012,0.0038081069942563772,0.9999542236328125,0.6967611312866211,0.39914757013320923,0.040023237466812134,0.9998653531074524,0.7419862747192383,0.42376163601875305,-0.13291192054748535,0.9999978542327881,0.7256686091423035,0.44522824883461,0.16654706001281738,0.9993733167648315,0.7518771886825562,0.4921305179595947,-0.16457290947437286,0.9988208413124084,0.7377920746803284,0.5157948136329651,0.20213477313518524,0.11125993728637695,0.7316476106643677,0.5694534182548523,-0.14308276772499084,0.9975394010543823,0.7314803004264832,0.5791360139846802,0.17099346220493317,0.20540903508663177,0.7287277579307556,0.5964347124099731,-0.16400989890098572,0.9937545657157898,0.7279713749885559,0.6048572659492493,0.16447949409484863,0.20432691276073456,0.7241257429122925,0.5950027704238892,-0.1612507402896881,0.9931573867797852,0.7275397181510925,0.6027464270591736,0.14029142260551453,0.20926225185394287,0.7244969010353088,0.5874449014663696,-0.13900226354599,0.9878352880477905,0.7279558777809143,0.5953059196472168,0.15741409361362457,0.212564617395401,0.7583630084991455,0.5945670008659363,-0.07908912748098373,0.9996150732040405,0.7346860766410828,0.5989387035369873,0.0790456086397171,0.9986507296562195,0.7885112166404724,0.7156212329864502,-0.10669080913066864,0.9337339401245117,0.7072270512580872,0.7183710932731628,0.06606214493513107,0.668637752532959,0.8088034987449646,0.8495780229568481,-0.09945882111787796,0.9063918590545654,0.6896664500236511,0.8437582850456238,0.07083594799041748,0.640393078327179,0.8146547675132751,0.8684130311012268,-0.10333491861820221,0.8487924933433533,0.6962143778800964,0.8691891431808472,0.06679423153400421,0.6626278162002563,0.7767199873924255,0.8891022205352783,-0.18442688882350922,0.9127489328384399,0.6332427859306335,0.857256293296814,0.01892685517668724,0.7029677033424377
34,0.6893488168716431,0.3880470097064972,0.015195420011878014,0.9999683499336243,0.6944833397865295,0.3770768642425537,-0.002177651273086667,0.9999567866325378,0.696171760559082,0.37661147117614746,-0.002221564296633005,0.9999650716781616,0.6980172991752625,0.3760627210140228,-0.002216805936768651,0.9999719858169556,0.6931962966918945,0.3773733675479889,0.026140328496694565,0.9999444484710693,0.6937873959541321,0.3771675229072571,0.026180367916822433,0.9999347925186157,0.694495439529419,0.3768393099308014,0.026165880262851715,0.9999339580535889,0.7106273174285889,0.377509742975235,-0.047060806304216385,0.999977171421051,0.7060122489929199,0.3787807822227478,0.07690998166799545,0.9998801350593567,0.6949957013130188,0.3982771933078766,0.0002296208549523726,0.9999531507492065,0.6934689283370972,0.39921069145202637,0.03624258562922478,0.9998637437820435,0.7379525303840637,0.4257407784461975,-0.13588911294937134,0.9999975562095642,0.724065363407135,0.4452228844165802,0.16278433799743652,0.9993410110473633,0.7476953864097595,0.4966423511505127,-0.16785289347171783,0.9987463355064392,0.7335924506187439,0.5160020589828491,0.19893142580986023,0.10431964695453644,0.7270719408988953,0.5722704529762268,-0.14604945480823517,0.9973282217979431,0.727711021900177,0.5795228481292725,0.16701672971248627,0.19228768348693848,0.7249586582183838,0.5991712808609009,-0.16690900921821594,0.9932454824447632,0.7240884304046631,0.6051596403121948,0.16133354604244232,0.19217205047607422,0.7202320694923401,0.5975589156150818,-0.16408775746822357,0.9926194548606873,0.7237042188644409,0.6031233072280884,0.13633346557617188,0.1969224214553833,0.7205396890640259,0.5900135636329651,-0.14196686446666718,0.9868899583816528,0.724186897277832,0.5957130193710327,0.15329015254974365,0.20001810789108276,0.7540393471717834,0.5947946310043335,-0.07971616089344025,0.9996251463890076,0.7331979870796204,0.598908543586731,0.07966312021017075,0.9987068772315979,0.7863727807998657,0.7171868085861206,-0.10734036564826965,0.9390609860420227,0.7053871154785156,0.7192124724388123,0.06567360460758209,0.6878029108047485,0.8071566224098206,0.8503298163414001,-0.10100007802248001,0.9143288135528564,0.6859197020530701,0.8436184525489807,0.06965678185224533,0.6690828800201416,0.8116567134857178,0.8692301511764526,-0.10469835996627808,0.8587827682495117,0.6929129362106323,0.8692290186882019,0.06586502492427826,0.6837347745895386,0.7752736210823059,0.8887855410575867,-0.18151478469371796,0.919762372970581,0.6283628940582275,0.8521185517311096,0.019649410620331764,0.7258557677268982
35,0.6847927570343018,0.38805127143859863,0.007970166392624378,0.9999656081199646,0.6904935836791992,0.3771565556526184,-0.010039660148322582,0.9999532103538513,0.6921502947807312,0.37673860788345337,-0.010085725225508213,0.9999616146087646,0.6939323544502258,0.37624678015708923,-0.01008477434515953,0.9999690651893616,0.6893227696418762,0.3773947060108185,0.018479395657777786,0.9999409317970276,0.6900411248207092,0.37717577815055847,0.018514687195420265,0.9999312162399292,0.6908906698226929,0.37686461210250854,0.018483055755496025,0.9999299645423889,0.7064818143844604,0.37818947434425354,-0.05579322203993797,0.9999738335609436,0.7022132277488708,0.3789973556995392,0.06939785182476044,0.9998691082000732,0.690388560295105,0.39837080240249634,-0.007046223618090153,0.9999474883079529,0.6888394951820374,0.39922308921813965,0.02928631752729416,0.9998507499694824,0.734843373298645,0.42708054184913635,-0.14200849831104279,0.9999968409538269,0.717466413974762,0.4452544152736664,0.15607011318206787,0.9992970824241638,0.7440029978752136,0.4988323450088501,-0.17254939675331116,0.9985561370849609,0.7279338240623474,0.5161420702934265,0.19211456179618835,0.09782035648822784,0.7229607701301575,0.5739368796348572,-0.1475609987974167,0.9968542456626892,0.723287045955658,0.579932689666748,0.15538741648197174,0.18070419132709503,0.72068190574646,0.6004491448402405,-0.16823172569274902,0.9922587275505066,0.7204009890556335,0.605331301689148,0.15478700399398804,0.18170320987701416,0.7160944938659668,0.5987387299537659,-0.1665390133857727,0.991567850112915,0.7194681167602539,0.6034009456634521,0.12887726724147797,0.18628816306591034,0.7163922786712646,0.5914961695671082,-0.14389494061470032,0.9851275086402893,0.7197076678276062,0.5960507392883301,0.14175495505332947,0.18905723094940186,0.7498672604560852,0.5965844988822937,-0.08021871000528336,0.9996314644813538,0.7265428900718689,0.5997667908668518,0.08016597479581833,0.9987584948539734,0.7834371328353882,0.7188759446144104,-0.1120569109916687,0.9441209435462952,0.7017744183540344,0.7213274836540222,0.07941696792840958,0.7088497877120972,0.8056729435920715,0.850772500038147,-0.1108626052737236,0.9219752550125122,0.6874860525131226,0.8459478616714478,0.09984017163515091,0.6969878673553467,0.8104659914970398,0.8703052401542664,-0.11543811112642288,0.8690162301063538,0.6967774033546448,0.8722714781761169,0.09731053560972214,0.7052979469299316,0.7752496600151062,0.8908098340034485,-0.1958501636981964,0.9266437292098999,0.6277101039886475,0.8543620705604553,0.053380243480205536,0.7484626770019531
36,0.6807769536972046,0.3880559206008911,0.009680301882326603,0.9999614953994751,0.6866540908813477,0.3772890865802765,-0.0077520254999399185,0.9999478459358215,0.6883823871612549,0.3769151568412781,-0.007800539489835501,0.9999568462371826,0.6902410387992859,0.3764801323413849,-0.0077993376180529594,0.9999651312828064,0.6854817271232605,0.37746739387512207,0.02034180797636509,0.9999343752861023,0.6862205266952515,0.3772405683994293,0.02037922665476799,0.99992436170578,0.6871170401573181,0.3769097626209259,0.02034848928451538,0.9999224543571472,0.7026849389076233,0.3789782226085663,-0.051668163388967514,0.9999696612358093,0.6982988119125366,0.37937790155410767,0.0718790739774704,0.9998474717140198,0.6862552165985107,0.3983725607395172,-0.004618767648935318,0.9999398589134216,0.6847763061523438,0.39919590950012207,0.03123617172241211,0.9998310804367065,0.7305129766464233,0.42811062932014465,-0.13841789960861206,0.9999964237213135,0.7104196548461914,0.4452374577522278,0.15797865390777588,0.9992288947105408,0.7410585284233093,0.499601811170578,-0.17439281940460205,0.998420238494873,0.7222275733947754,0.5162063241004944,0.19371555745601654,0.09153666347265244,0.720584511756897,0.5751599073410034,-0.14931949973106384,0.9966152310371399,0.7194060683250427,0.5810957551002502,0.1550014764070511,0.16979803144931793,0.7177816033363342,0.601671576499939,-0.1686708927154541,0.9917829036712646,0.716105580329895,0.6057763695716858,0.1545030027627945,0.17187027633190155,0.7130988836288452,0.5999369621276855,-0.16947580873966217,0.9910609126091003,0.7154180407524109,0.6038717031478882,0.12868395447731018,0.17626060545444489,0.7134932279586792,0.5925300717353821,-0.14627066254615784,0.9841997623443604,0.7160763740539551,0.5969873070716858,0.1414359211921692,0.17874416708946228,0.7452846765518188,0.5962837338447571,-0.08083073794841766,0.999636709690094,0.7200232744216919,0.5993173718452454,0.08077339082956314,0.998799741268158,0.778785765171051,0.7181898951530457,-0.11226906627416611,0.9488090872764587,0.6971935033798218,0.7196214199066162,0.07175882160663605,0.7281616926193237,0.8046123385429382,0.8507522940635681,-0.11137043684720993,0.9290227293968201,0.6836171746253967,0.8455307483673096,0.07916489243507385,0.7228206992149353,0.8100274205207825,0.8692187666893005,-0.11595451831817627,0.8782260417938232,0.6930532455444336,0.8710035681724548,0.07543298602104187,0.7253509759902954,0.7739047408103943,0.8907904028892517,-0.19873499870300293,0.9330436587333679,0.6272991895675659,0.8556244969367981,0.029131628572940826,0.7695470452308655
37,0.6767882108688354,0.38801535964012146,0.003742902772501111,0.9999579787254333,0.6828654408454895,0.3773389160633087,-0.013594962656497955,0.9999430179595947,0.6847215294837952,0.37699881196022034,-0.013639068230986595,0.9999528527259827,0.6865838170051575,0.3766153156757355,-0.013634514063596725,0.9999619722366333,0.681334376335144,0.37748029828071594,0.015110084787011147,0.9999276995658875,0.6819532513618469,0.3772504925727844,0.015149231068789959,0.9999173283576965,0.682701587677002,0.3769305348396301,0.015120093710720539,0.9999144673347473,0.6986764073371887,0.37935635447502136,-0.05760275200009346,0.999966561794281,0.6935453414916992,0.3796038031578064,0.06924798339605331,0.999823272228241,0.6818779110908508,0.3983161747455597,-0.010585817508399487,0.9999349117279053,0.6801448464393616,0.3990659713745117,0.026160821318626404,0.9998158812522888,0.7256176471710205,0.428363561630249,-0.14944222569465637,0.9999963045120239,0.7055203914642334,0.4452362656593323,0.1589885652065277,0.9991717338562012,0.7360697984695435,0.49990251660346985,-0.1904868185520172,0.9983913898468018,0.7163706421852112,0.5157864093780518,0.19402334094047546,0.08650905638933182,0.7173880338668823,0.5766017436981201,-0.16746516525745392,0.9965482950210571,0.7148167490959167,0.5812055468559265,0.15495750308036804,0.16080047190189362,0.7152029275894165,0.6027458906173706,-0.1892828643321991,0.9916262626647949,0.7119978666305542,0.6058014631271362,0.15479141473770142,0.1636589765548706,0.7104268074035645,0.6013484597206116,-0.18891641497612,0.990894079208374,0.7115114331245422,0.6039979457855225,0.12869474291801453,0.16793346405029297,0.7106459736824036,0.5939793586730957,-0.1640242040157318,0.9838107824325562,0.7120763659477234,0.5970550179481506,0.1413724571466446,0.1702001839876175,0.7416845560073853,0.5959852337837219,-0.08461127430200577,0.9996418952941895,0.7173601388931274,0.5992113351821899,0.08453860878944397,0.9988364577293396,0.7748386859893799,0.7183785438537598,-0.10955817997455597,0.9533560276031494,0.6943187713623047,0.7197846174240112,0.07662498950958252,0.747831404209137,0.8026582598686218,0.8487598896026611,-0.10198505967855453,0.9356364607810974,0.681686520576477,0.8450292348861694,0.08515184372663498,0.7471199035644531,0.8107520341873169,0.8667067885398865,-0.1063045859336853,0.8865547180175781,0.6930963397026062,0.8700710535049438,0.08122788369655609,0.7441535592079163,0.7672998309135437,0.891132116317749,-0.19554463028907776,0.9390600323677063,0.6288660168647766,0.8571881055831909,0.030651312321424484,0.789472758769989
38,0.6719987988471985,0.38775765895843506,-0.015086829662322998,0.9999552369117737,0.6778726577758789,0.37722623348236084,-0.033499445766210556,0.9999400973320007,0.6796501874923706,0.37689661979675293,-0.03353827819228172,0.9999504089355469,0.6814802289009094,0.3765227794647217,-0.0335346981883049,0.9999600052833557,0.6766061782836914,0.37736764550209045,-0.00383367040194571,0.9999228119850159,0.6773037910461426,0.3771417737007141,-0.003793914569541812,0.9999117255210876,0.6781167984008789,0.3768184781074524,-0.0038052196614444256,0.9999082088470459,0.693871021270752,0.37934181094169617,-0.07953823357820511,0.9999648928642273,0.6892151832580566,0.37960660457611084,0.05198417976498604,0.9998065233230591,0.6769784092903137,0.3979426324367523,-0.029954999685287476,0.9999318718910217,0.6753915548324585,0.3986840844154358,0.008113832212984562,0.9998058080673218,0.720116376876831,0.4286041557788849,-0.16755662858486176,0.9999961853027344,0.701692521572113,0.44426798820495605,0.14571431279182434,0.9991379380226135,0.7301045060157776,0.4993768334388733,-0.20999887585639954,0.9983859062194824,0.7126699686050415,0.5127178430557251,0.18494205176830292,0.08240608870983124,0.7139844298362732,0.5764514207839966,-0.19184263050556183,0.9965255856513977,0.7100257873535156,0.5790392756462097,0.13879282772541046,0.15450821816921234,0.7125268578529358,0.6026063561439514,-0.21674008667469025,0.9915348291397095,0.7078956365585327,0.6042618155479431,0.13838563859462738,0.1580905318260193,0.7079059481620789,0.6012635827064514,-0.21619273722171783,0.9908014535903931,0.7072052359580994,0.6022850275039673,0.11001195013523102,0.1623852550983429,0.7079511284828186,0.5936950445175171,-0.18900899589061737,0.9835816025733948,0.7074283361434937,0.5943827629089355,0.12404028326272964,0.16447080671787262,0.7330303192138672,0.5964987277984619,-0.08725406974554062,0.9996489882469177,0.7116436958312988,0.5990196466445923,0.08718659728765488,0.998877227306366,0.7655273675918579,0.7180255651473999,-0.10883744060993195,0.9572055339813232,0.6913087964057922,0.7205270528793335,0.08051741123199463,0.7637843489646912,0.7986211776733398,0.846785306930542,-0.09530965983867645,0.9415250420570374,0.6781908869743347,0.8466655611991882,0.09598512947559357,0.7682722210884094,0.8103366494178772,0.863700270652771,-0.09909648448228836,0.8944951295852661,0.6912955045700073,0.8712744116783142,0.09250781685113907,0.7598576545715332,0.7630976438522339,0.8885900974273682,-0.18871764838695526,0.9444344639778137,0.626274049282074,0.8619816899299622,0.039597444236278534,0.8070533871650696
39,0.667918860912323,0.3861541450023651,-0.011351318098604679,0.9999539256095886,0.6739813089370728,0.3757603168487549,-0.027018267661333084,0.9999391436576843,0.6756197214126587,0.3755311071872711,-0.02706829644739628,0.9999497532844543,0.6773495674133301,0.37525874376296997,-0.027071824297308922,0.9999594688415527,0.6728106141090393,0.3758064806461334,-0.00344482553191483,0.9999200701713562,0.6735048294067383,0.3756125271320343,-0.0033958263229578733,0.9999080300331116,0.6743035912513733,0.37535297870635986,-0.0034304221626371145,0.999903678894043,0.6893914937973022,0.37918150424957275,-0.06704003363847733,0.9999644756317139,0.6850079298019409,0.37925365567207336,0.05886648967862129,0.999793529510498,0.6721963882446289,0.39619338512420654,-0.022311383858323097,0.9999301433563232,0.6706667542457581,0.396831750869751,0.009185140021145344,0.9998000860214233,0.7144389152526855,0.42842671275138855,-0.1582684963941574,0.9999962449073792,0.6969945430755615,0.44344210624694824,0.16341881453990936,0.999091386795044,0.7243764996528625,0.498997300863266,-0.20724014937877655,0.9984059929847717,0.7085534930229187,0.5093012452125549,0.20434032380580902,0.07787603884935379,0.7109568119049072,0.5763430595397949,-0.1947031468153,0.9965835213661194,0.702803373336792,0.5762081742286682,0.15620140731334686,0.1477968692779541,0.7102479934692383,0.6025393009185791,-0.21985110640525818,0.9916641712188721,0.7002420425415039,0.6006975769996643,0.1585884541273117,0.15258313715457916,0.7052271366119385,0.6011245250701904,-0.21730585396289825,0.9909549951553345,0.6998953819274902,0.6000964641571045,0.12901629507541656,0.15690098702907562,0.7048121094703674,0.5936087369918823,-0.19095167517662048,0.9837741851806641,0.7003717422485352,0.5926304459571838,0.14105722308158875,0.1587313711643219,0.7240652441978455,0.5968450903892517,-0.09431668370962143,0.9996628761291504,0.7017804384231567,0.5990594029426575,0.09425345808267593,0.9989184737205505,0.7575647234916687,0.7177927494049072,-0.11439068615436554,0.9609072804450989,0.68539959192276,0.7228147387504578,0.10027714818716049,0.7766305804252625,0.7999616265296936,0.8450034856796265,-0.11127125471830368,0.9470479488372803,0.6750450730323792,0.8474082350730896,0.12299726903438568,0.7871372103691101,0.814193844795227,0.8623340129852295,-0.11579345911741257,0.9031493663787842,0.6886247992515564,0.8720503449440002,0.1205490380525589,0.7745662331581116,0.7669010162353516,0.888919472694397,-0.20874539017677307,0.9495694041252136,0.6259344220161438,0.8650480508804321,0.06971331685781479,0.8229009509086609
40,0.6631402969360352,0.38546305894851685,-0.005082546733319759,0.999950110912323,0.6692678332328796,0.37511831521987915,-0.020529482513666153,0.9999359846115112,0.6709325909614563,0.3748597502708435,-0.020578758791089058,0.999947190284729,0.6726511120796204,0.37456759810447693,-0.020578807219862938,0.9999574422836304,0.6681196689605713,0.3752126395702362,0.0039038590621203184,0.9999142289161682,0.668849766254425,0.37500056624412537,0.003949049394577742,0.9998995065689087,0.6696857810020447,0.3747231662273407,0.00391628872603178,0.9998939037322998,0.6848733425140381,0.3788769245147705,-0.06363674998283386,0.9999634623527527,0.6806125044822693,0.37882450222969055,0.06091650575399399,0.9997706413269043,0.6675533056259155,0.39559435844421387,-0.016525784507393837,0.9999260306358337,0.6660000085830688,0.39626607298851013,0.01469015795737505,0.9997864365577698,0.708518922328949,0.4277357757091522,-0.15901242196559906,0.9999962449073792,0.6945514678955078,0.44192707538604736,0.16713100671768188,0.9990484714508057,0.719443142414093,0.49764156341552734,-0.21075467765331268,0.9984313249588013,0.7060388326644897,0.5077539086341858,0.20716805756092072,0.0732574537396431,0.707206130027771,0.5751877427101135,-0.19670243561267853,0.996649980545044,0.7004109621047974,0.5763064622879028,0.16076679527759552,0.14035549759864807,0.707630455493927,0.6019647121429443,-0.22231334447860718,0.99179607629776,0.6986837983131409,0.6011821031570435,0.16422352194786072,0.14605529606342316,0.7025260329246521,0.6010158061981201,-0.21877072751522064,0.991104245185852,0.698341965675354,0.600440502166748,0.1345338672399521,0.1503450721502304,0.701820433139801,0.5935820937156677,-0.19254851341247559,0.9839573502540588,0.6983984112739563,0.5930715203285217,0.14559011161327362,0.15216374397277832,0.7174318432807922,0.5967169404029846,-0.09610667824745178,0.9996601343154907,0.6969128251075745,0.5985655188560486,0.09604529291391373,0.9989331364631653,0.7490087151527405,0.7177045345306396,-0.11514603346586227,0.9642618894577026,0.6814181804656982,0.7243667840957642,0.09748492389917374,0.7893200516700745,0.7972707748413086,0.8419257998466492,-0.10681648552417755,0.9519528150558472,0.6737422347068787,0.8488501906394958,0.1185835525393486,0.8040832281112671,0.8141670227050781,0.8569900989532471,-0.11041543632745743,0.9108325839042664,0.6874950528144836,0.8743703961372375,0.11590207368135452,0.7877085208892822,0.7677522897720337,0.8874554634094238,-0.19829511642456055,0.9540829062461853,0.6236202120780945,0.8707658052444458,0.062206849455833435,0.8367719054222107
41,0.6588294506072998,0.3851374387741089,-0.004226751159876585,0.9999460577964783,0.6651883125305176,0.3747938275337219,-0.02248316816985607,0.9999317526817322,0.6669864654541016,0.3744538128376007,-0.022531023249030113,0.9999437928199768,0.6688012480735779,0.3740982115268707,-0.022529026493430138,0.9999547600746155,0.663655161857605,0.3750348389148712,0.00666201813146472,0.9999064207077026,0.6642239689826965,0.37484103441238403,0.00670058187097311,0.9998883605003357,0.6648999452590942,0.3745711147785187,0.006675027310848236,0.999880850315094,0.6807902455329895,0.3785828649997711,-0.0695619136095047,0.9999616742134094,0.6754993200302124,0.3786555230617523,0.0645861029624939,0.9997348785400391,0.6635804772377014,0.3950447142124176,-0.01811196655035019,0.9999215006828308,0.6616166830062866,0.3957148790359497,0.018986215814948082,0.9997712969779968,0.7039573192596436,0.4269471764564514,-0.1682356595993042,0.9999963641166687,0.6870942115783691,0.4419918358325958,0.1684652864933014,0.9990533590316772,0.7136899828910828,0.49726006388664246,-0.22830966114997864,0.9984638094902039,0.6955773234367371,0.5084779858589172,0.21148638427257538,0.07087354362010956,0.7023845314979553,0.5750192999839783,-0.22485573589801788,0.9968147277832031,0.6877694129943848,0.5776344537734985,0.1672040969133377,0.14023295044898987,0.7041024565696716,0.601875901222229,-0.2533242404460907,0.9921635389328003,0.6841833591461182,0.603090763092041,0.17186252772808075,0.1465345025062561,0.6980301737785339,0.6011291742324829,-0.2506299614906311,0.9915065765380859,0.6842061877250671,0.6032522916793823,0.1407705396413803,0.15112106502056122,0.6965757012367249,0.5937113165855408,-0.22128324210643768,0.9845504760742188,0.6856874227523804,0.5956677794456482,0.1514509916305542,0.1528787761926651,0.7171525955200195,0.5965937376022339,-0.0982373058795929,0.9996501207351685,0.6941617727279663,0.5988178849220276,0.09818855673074722,0.9989483952522278,0.7450697422027588,0.7177144885063171,-0.11583741754293442,0.9672453999519348,0.6792651414871216,0.7246578335762024,0.10009944438934326,0.8022165298461914,0.7946879267692566,0.8386473059654236,-0.10095713287591934,0.9563572406768799,0.6745811700820923,0.8486084342002869,0.12670855224132538,0.8204175233840942,0.8133681416511536,0.8523669242858887,-0.10411255806684494,0.9175558090209961,0.6872652769088745,0.8739475011825562,0.12435600161552429,0.8013449311256409,0.766941249370575,0.8854881525039673,-0.19528105854988098,0.9581592082977295,0.626801609992981,0.8735553622245789,0.0673016756772995,0.850162148475647
42,0.6536177396774292,0.3845013678073883,-0.0065605551935732365,0.9999475479125977,0.6602036356925964,0.3740593492984772,-0.02476431429386139,0.9999333620071411,0.6619912981987,0.3736792504787445,-0.024808531627058983,0.999944806098938,0.6638542413711548,0.3732994794845581,-0.024798903614282608,0.9999558329582214,0.6588374376296997,0.3744582235813141,0.005557413212954998,0.9999080300331116,0.659507155418396,0.3743132948875427,0.005595799069851637,0.9998890161514282,0.6602843999862671,0.3740985095500946,0.005578937008976936,0.9998816847801208,0.675927460193634,0.3781750798225403,-0.07054580003023148,0.9999622702598572,0.6708760857582092,0.37833860516548157,0.06506075710058212,0.9997307658195496,0.6581255793571472,0.3944058120250702,-0.020835062488913536,0.9999238848686218,0.6563050746917725,0.39502039551734924,0.017962967976927757,0.9997777342796326,0.6989482045173645,0.42599740624427795,-0.17151786386966705,0.999996542930603,0.681193470954895,0.4431266784667969,0.169352188706398,0.9991018176078796,0.7086206674575806,0.4965718984603882,-0.23623113334178925,0.998542070388794,0.684858500957489,0.5097944736480713,0.21435882151126862,0.07280441373586655,0.6982778310775757,0.5748676061630249,-0.24888844788074493,0.997063398361206,0.6713837385177612,0.5859900116920471,0.17031250894069672,0.15544377267360687,0.7011231184005737,0.6014267206192017,-0.278834730386734,0.9927396774291992,0.6639920473098755,0.6110775470733643,0.17551198601722717,0.1608019769191742,0.6937536597251892,0.6011052131652832,-0.2761331796646118,0.992133617401123,0.6619871258735657,0.6122685670852661,0.14427557587623596,0.16596382856369019,0.6918337941169739,0.593629002571106,-0.24543723464012146,0.9856085777282715,0.667151927947998,0.6042844653129578,0.15460501611232758,0.16716307401657104,0.7115762829780579,0.5927307605743408,-0.09821531176567078,0.9996523261070251,0.6905078887939453,0.5985037088394165,0.0981554239988327,0.9990007281303406,0.7339916229248047,0.7168424725532532,-0.11624689400196075,0.9698048233985901,0.6782811284065247,0.7239265441894531,0.09456713497638702,0.8118726015090942,0.789239227771759,0.8331111669540405,-0.09724020212888718,0.9601865410804749,0.6746880412101746,0.8483755588531494,0.11675585806369781,0.8341420888900757,0.8095220327377319,0.8455082178115845,-0.09943603724241257,0.9236299991607666,0.6869773268699646,0.8737834692001343,0.11394860595464706,0.8123037219047546,0.7662197351455688,0.8835228681564331,-0.18529178202152252,0.9617358446121216,0.6257498264312744,0.8744536638259888,0.05627702921628952,0.8613526225090027
43,0.6485272645950317,0.3835679292678833,0.01845858059823513,0.9999511241912842,0.6554887890815735,0.37320464849472046,0.0017985941376537085,0.9999377131462097,0.6572697162628174,0.3728565275669098,0.0017548151081427932,0.9999480247497559,0.6591706275939941,0.3725147247314453,0.0017765057273209095,0.9999586343765259,0.6542131304740906,0.37366393208503723,0.03300441429018974,0.9999138712882996,0.6549078226089478,0.3735932409763336,0.03304606303572655,0.9998953342437744,0.6556822061538696,0.37347647547721863,0.0330355279147625,0.9998893141746521,0.6711702942848206,0.37784862518310547,-0.04367702454328537,0.9999643564224243,0.665928840637207,0.3780357539653778,0.0951826348900795,0.9997451901435852,0.6523171663284302,0.3935447335243225,0.003185469191521406,0.9999289512634277,0.6507432460784912,0.3941277265548706,0.043274883180856705,0.9997936487197876,0.6943529844284058,0.42588385939598083,-0.1647581160068512,0.9999967813491821,0.675518810749054,0.44410210847854614,0.19853198528289795,0.9991738796234131,0.7032281160354614,0.4962579905986786,-0.2350580394268036,0.9985945820808411,0.6761980056762695,0.5122519731521606,0.24296040832996368,0.07771185040473938,0.6950303316116333,0.5734753012657166,-0.27238932251930237,0.9972701668739319,0.6607807874679565,0.5926395654678345,0.19970808923244476,0.1792125701904297,0.6984072327613831,0.5990507006645203,-0.3044973909854889,0.9932366013526917,0.6525494456291199,0.6166462898254395,0.20617520809173584,0.18182912468910217,0.6897716522216797,0.600274920463562,-0.2990128695964813,0.9926748275756836,0.6509816646575928,0.6178330183029175,0.17516157031059265,0.1875973343849182,0.6876822113990784,0.5927199125289917,-0.2685549259185791,0.986495852470398,0.6552062630653381,0.6104521751403809,0.18422064185142517,0.18794341385364532,0.7046969532966614,0.5859066247940063,-0.101881243288517,0.9996747374534607,0.6853072643280029,0.5956372618675232,0.10179556161165237,0.9990829229354858,0.7161849737167358,0.7148550152778625,-0.12885652482509613,0.9721130728721619,0.6785345673561096,0.7218233346939087,0.08768920600414276,0.8156793117523193,0.7778592705726624,0.8247439861297607,-0.11008856445550919,0.9637126326560974,0.6756824254989624,0.848675012588501,0.1065027192234993,0.8455870151519775,0.8013337850570679,0.8338004350662231,-0.10978884249925613,0.9292019009590149,0.6870889067649841,0.8735247850418091,0.10356223583221436,0.8212571740150452,0.7618168592453003,0.8832283616065979,-0.1899595558643341,0.9651122689247131,0.626744270324707,0.8751400709152222,0.04920090362429619,0.8712328672409058
44,0.6431635022163391,0.3835660219192505,0.03519558161497116,0.9999549984931946,0.6499407887458801,0.37327662110328674,0.01946946792304516,0.9999426007270813,0.6518505215644836,0.37292176485061646,0.019429972395300865,0.9999518990516663,0.6538630127906799,0.3725700378417969,0.019463665783405304,0.9999618530273438,0.6484655141830444,0.37373629212379456,0.05171843618154526,0.9999204277992249,0.6491950750350952,0.3736628592014313,0.051753148436546326,0.9999028444290161,0.650036096572876,0.3735383152961731,0.05175478383898735,0.9998981356620789,0.6666043996810913,0.3777284026145935,-0.025608260184526443,0.9999669790267944,0.6615139842033386,0.37794917821884155,0.11798166483640671,0.999764084815979,0.6476125717163086,0.3936159014701843,0.01936834491789341,0.9999349117279053,0.6459550857543945,0.3942318260669708,0.06094071641564369,0.9998114109039307,0.6898036599159241,0.4258576035499573,-0.15389086306095123,0.999997079372406,0.6697028875350952,0.44561639428138733,0.2231595814228058,0.9992510676383972,0.6970852017402649,0.4963013827800751,-0.2508854269981384,0.9986672401428223,0.6663694381713867,0.5172841548919678,0.27307775616645813,0.08609408885240555,0.6888920664787292,0.5734130144119263,-0.3130507469177246,0.9974795579910278,0.6503749489784241,0.5999951958656311,0.23257453739643097,0.21740399301052094,0.6923616528511047,0.5990397930145264,-0.34919750690460205,0.9937430024147034,0.641369104385376,0.6224801540374756,0.24061189591884613,0.21535085141658783,0.6838787794113159,0.60025954246521,-0.34027910232543945,0.9932243824005127,0.6390787363052368,0.6240452527999878,0.20926222205162048,0.22160042822360992,0.6815109848976135,0.5927040576934814,-0.308505654335022,0.9874037504196167,0.6447387933731079,0.6162056922912598,0.21728110313415527,0.2208954095840454,0.6990274786949158,0.584124743938446,-0.10847827792167664,0.9997031688690186,0.6817809343338013,0.5950831770896912,0.10837709903717041,0.9991685748100281,0.6996003985404968,0.7148230075836182,-0.15000666677951813,0.974078357219696,0.6814830899238586,0.7196807265281677,0.08251313865184784,0.8105518221855164,0.7686960697174072,0.8223467469215393,-0.13886608183383942,0.9668743014335632,0.6759070754051208,0.8492528796195984,0.10266523063182831,0.8528701066970825,0.7963184118270874,0.8275381326675415,-0.13904282450675964,0.9345744848251343,0.6873704195022583,0.8734367489814758,0.09934975951910019,0.8276067972183228,0.7563858032226562,0.8828946948051453,-0.20870234072208405,0.9681849479675293,0.6288987994194031,0.8748405575752258,0.047743361443281174,0.8790742754936218
45,0.638777494430542,0.38362058997154236,0.06991924345493317,0.9999592900276184,0.6459892392158508,0.37333086133003235,0.05658899247646332,0.9999480843544006,0.6478251218795776,0.37295785546302795,0.05656307563185692,0.9999564290046692,0.6497863531112671,0.3725956976413727,0.05660358816385269,0.999965488910675,0.6446555852890015,0.37379190325737,0.08821699768304825,0.9999279975891113,0.6454111337661743,0.3737122714519501,0.08825664222240448,0.9999120235443115,0.646245539188385,0.373569518327713,0.08828086405992508,0.9999079704284668,0.6622905135154724,0.3778826594352722,0.01619274728000164,0.9999700784683228,0.6573007702827454,0.37806013226509094,0.1571207046508789,0.9997866153717041,0.6430697441101074,0.3939151167869568,0.055203333497047424,0.9999411106109619,0.6416442394256592,0.3944927453994751,0.09603122621774673,0.9998295903205872,0.6847521066665649,0.4258831739425659,-0.11067678034305573,0.9999973773956299,0.6662721037864685,0.4473588466644287,0.2566356360912323,0.9993235468864441,0.6923019886016846,0.49624335765838623,-0.2435716986656189,0.9987432956695557,0.6667808890342712,0.5270826816558838,0.3026985824108124,0.09469903260469437,0.6819290518760681,0.5722566246986389,-0.28665846586227417,0.9976640939712524,0.6422762870788574,0.6062920689582825,0.2619987428188324,0.2539025843143463,0.6846469044685364,0.5978284478187561,-0.32285234332084656,0.9941850900650024,0.6334534287452698,0.6282064914703369,0.26934167742729187,0.2473239004611969,0.6763398051261902,0.5979718565940857,-0.3116166591644287,0.9937024712562561,0.6309298872947693,0.62891685962677,0.2384614497423172,0.25391295552253723,0.6742963194847107,0.5904654860496521,-0.2814277410507202,0.9881870150566101,0.6360588669776917,0.6208892464637756,0.24709641933441162,0.25228357315063477,0.690166711807251,0.582563579082489,-0.11016137152910233,0.9997307658195496,0.6776332855224609,0.5946661233901978,0.11005733907222748,0.9992490410804749,0.6819911599159241,0.7139952182769775,-0.1592482626438141,0.9762486815452576,0.6794071793556213,0.717194676399231,0.0676330104470253,0.810945987701416,0.7579348683357239,0.8137726187705994,-0.15058808028697968,0.9699023365974426,0.6763061881065369,0.84916752576828,0.08506233245134354,0.861865758895874,0.7838795185089111,0.8142669796943665,-0.1503155678510666,0.939613401889801,0.6877486705780029,0.8732924461364746,0.08251339942216873,0.8348934054374695,0.7506479620933533,0.8828573822975159,-0.2119162678718567,0.9711007475852966,0.6272413730621338,0.8743157386779785,0.02884959802031517,0.887384831905365
46,0.6343942880630493,0.38345831632614136,0.053749602288007736,0.9999628663063049,0.6421197056770325,0.3733287751674652,0.03905636817216873,0.9999525547027588,0.6438779830932617,0.3729901611804962,0.039016615599393845,0.9999600648880005,0.6457889676094055,0.3726383447647095,0.03904280439019203,0.9999684691429138,0.6409398913383484,0.37375807762145996,0.07114028185606003,0.999934196472168,0.6417324542999268,0.37370243668556213,0.07117670774459839,0.9999194145202637,0.6425962448120117,0.3735843002796173,0.07119198143482208,0.9999162554740906,0.6576429605484009,0.3780803680419922,-0.00449800631031394,0.9999725818634033,0.6532487869262695,0.3781804144382477,0.1390639841556549,0.9998053312301636,0.6385083794593811,0.3939574062824249,0.03825010731816292,0.9999462366104126,0.6372520327568054,0.39455699920654297,0.07974135875701904,0.9998450875282288,0.6803483963012695,0.4262503683567047,-0.12382018566131592,0.999997615814209,0.661056637763977,0.4476298391819,0.2385709583759308,0.9993878602981567,0.687224805355072,0.4962823688983917,-0.2378426343202591,0.9988219141960144,0.6588687300682068,0.5267266631126404,0.28947725892066956,0.10060290992259979,0.6749652028083801,0.5714773535728455,-0.2907722592353821,0.997832179069519,0.6370536684989929,0.6052485704421997,0.24980181455612183,0.28325197100639343,0.6767102479934692,0.5966684222221375,-0.32512444257736206,0.9945815801620483,0.6287919878959656,0.626943051815033,0.25769558548927307,0.2722143232822418,0.6693813800811768,0.5962685942649841,-0.3139294683933258,0.994127631187439,0.6269221901893616,0.627872109413147,0.22681356966495514,0.27895352244377136,0.6675865054130554,0.5892074108123779,-0.2851704955101013,0.9888815879821777,0.6328208446502686,0.6195248961448669,0.2349308431148529,0.2769415080547333,0.6813542246818542,0.58211749792099,-0.10954888164997101,0.9997538328170776,0.669852614402771,0.5931846499443054,0.1094609946012497,0.9993197917938232,0.667048454284668,0.7125950455665588,-0.16818736493587494,0.9778944849967957,0.6727361679077148,0.7151539921760559,0.04957810789346695,0.7967812418937683,0.7402462363243103,0.8085845708847046,-0.16109046339988708,0.9722638726234436,0.676056981086731,0.8468728065490723,0.06157829239964485,0.8626183271408081,0.7633520364761353,0.8068631887435913,-0.16098788380622864,0.9430944919586182,0.6869537830352783,0.8732151985168457,0.058409709483385086,0.835538923740387,0.7328146696090698,0.874938428401947,-0.21884366869926453,0.9734375476837158,0.6263917684555054,0.8738160729408264,0.002123206155374646,0.891258716583252
47,0.6302320957183838,0.38347065448760986,0.09845617413520813,0.9999663829803467,0.6377595067024231,0.3733566403388977,0.08624064177274704,0.9999570846557617,0.6395053267478943,0.37300756573677063,0.08619463443756104,0.9999638199806213,0.6413516998291016,0.3726631999015808,0.08621509373188019,0.9999714493751526,0.6367323398590088,0.3737831711769104,0.117900550365448,0.9999404549598694,0.6375983357429504,0.3737182319164276,0.1179228350520134,0.9999269843101501,0.6385118365287781,0.3736172020435333,0.11792363226413727,0.99992436170578,0.6531699895858765,0.378208190202713,0.04464881867170334,0.9999751448631287,0.6490639448165894,0.37844398617744446,0.1854412704706192,0.9998239278793335,0.6349782943725586,0.39439719915390015,0.08307039737701416,0.999951183795929,0.6337004899978638,0.39500075578689575,0.12380688637495041,0.9998596906661987,0.6762811541557312,0.4265296459197998,-0.08493497967720032,0.9999978542327881,0.6591664552688599,0.4477142095565796,0.27868759632110596,0.9994461536407471,0.682611346244812,0.4966026544570923,-0.19950436055660248,0.9988934993743896,0.6553407907485962,0.5300502181053162,0.3268128037452698,0.10474134236574173,0.6682159304618835,0.5704843997955322,-0.28476259112358093,0.9979957938194275,0.6332370042800903,0.6079871654510498,0.2870464026927948,0.30544596910476685,0.6678248047828674,0.5955203771591187,-0.3068266212940216,0.9949694275856018,0.6229260563850403,0.6285067796707153,0.2949106693267822,0.2905997633934021,0.6608548164367676,0.5943368673324585,-0.30863022804260254,0.994541347026825,0.6216176748275757,0.6289399266242981,0.2651747763156891,0.29754212498664856,0.6598219871520996,0.5878024101257324,-0.28044793009757996,0.9895641803741455,0.6272712349891663,0.621234118938446,0.27245670557022095,0.2952430248260498,0.6761029958724976,0.5807414054870605,-0.10784010589122772,0.999775230884552,0.6668531894683838,0.5927698612213135,0.10776529461145401,0.9993842244148254,0.6562777161598206,0.7078624963760376,-0.1759556233882904,0.9789497256278992,0.6661965250968933,0.7128129005432129,0.025683505460619926,0.7795347571372986,0.7235139608383179,0.8085700869560242,-0.17571589350700378,0.9737890362739563,0.6742950081825256,0.8466824889183044,0.02461143769323826,0.8610126972198486,0.7503225207328796,0.8071154356002808,-0.1757032871246338,0.9457682371139526,0.6838162541389465,0.8736152648925781,0.020802265033125877,0.8346288204193115,0.7204071879386902,0.8736394643783569,-0.22836914658546448,0.9751824140548706,0.6229866743087769,0.87357097864151,-0.03649691492319107,0.8926094174385071
48,0.6268764734268188,0.38350218534469604,0.1290808469057083,0.9999696016311646,0.6345376968383789,0.3733866512775421,0.1176529973745346,0.9999611973762512,0.6362208127975464,0.37303757667541504,0.11760996282100677,0.9999672770500183,0.6379779577255249,0.37267884612083435,0.11762692779302597,0.9999741911888123,0.633549690246582,0.37381237745285034,0.14860399067401886,0.9999461770057678,0.634350597858429,0.37374454736709595,0.14862549304962158,0.9999339580535889,0.6351523995399475,0.37363454699516296,0.14862343668937683,0.9999316930770874,0.6495774984359741,0.3784056603908539,0.07600444555282593,0.9999775290489197,0.6453275680541992,0.37881436944007874,0.2132066935300827,0.9998409152030945,0.6316156387329102,0.39471548795700073,0.11365998536348343,0.9999557137489319,0.6304296255111694,0.3953932821750641,0.15332560241222382,0.9998729228973389,0.6724529266357422,0.42679810523986816,-0.05880293995141983,0.9999980330467224,0.6563851237297058,0.4479541480541229,0.3025497794151306,0.9994983673095703,0.6792763471603394,0.49654093384742737,-0.17092204093933105,0.9989562034606934,0.6519155502319336,0.5311152935028076,0.3474309742450714,0.10717547684907913,0.6622294187545776,0.5689845681190491,-0.23466086387634277,0.9981316924095154,0.6262724995613098,0.6098188757896423,0.30555015802383423,0.3191133141517639,0.6608266234397888,0.5939041376113892,-0.26622071862220764,0.9953016638755798,0.6164799332618713,0.6288939714431763,0.31330302357673645,0.3038827180862427,0.6546579003334045,0.5920543074607849,-0.25529980659484863,0.9948958158493042,0.6155059337615967,0.6286969780921936,0.2833293378353119,0.3110491633415222,0.653838574886322,0.5856932401657104,-0.22802597284317017,0.9901595711708069,0.6205348968505859,0.6219137907028198,0.29085394740104675,0.30882716178894043,0.669195830821991,0.581354558467865,-0.1094820573925972,0.9997944235801697,0.6613439321517944,0.5928916335105896,0.10940385609865189,0.9994399547576904,0.6444913744926453,0.7056090831756592,-0.17002061009407043,0.9793937802314758,0.6597364544868469,0.7125144004821777,0.04232124239206314,0.7470896244049072,0.7109876871109009,0.8092289566993713,-0.18119320273399353,0.9746350049972534,0.6745321154594421,0.838763415813446,0.03967319801449776,0.8418201208114624,0.7371730208396912,0.8116953372955322,-0.1824691742658615,0.9480778574943542,0.6853014230728149,0.8640187382698059,0.03549667447805405,0.8259131908416748,0.7025464773178101,0.8740692138671875,-0.22884242236614227,0.976365327835083,0.6249070763587952,0.873734176158905,-0.014306869357824326,0.8839223980903625
49,0.6226145029067993,0.38350600004196167,0.11478270590305328,0.9999720454216003,0.6300931572914124,0.3733500838279724,0.10164463520050049,0.9999643564224243,0.6319327354431152,0.3730121850967407,0.10159677267074585,0.9999698996543884,0.633814811706543,0.37267011404037476,0.10159365832805634,0.9999763369560242,0.6289648413658142,0.3737695813179016,0.13179416954517365,0.9999505877494812,0.6297199726104736,0.3737145662307739,0.13182838261127472,0.9999392032623291,0.630523145198822,0.3736293911933899,0.1318148523569107,0.9999374747276306,0.6454557776451111,0.37832918763160706,0.0585540309548378,0.9999793171882629,0.6409787535667419,0.37879252433776855,0.1925201565027237,0.999854326248169,0.62732994556427,0.39472442865371704,0.09951095283031464,0.9999586343765259,0.6261654496192932,0.3954196274280548,0.1382330060005188,0.9998819231987,0.6679728627204895,0.4267914891242981,-0.0678049772977829,0.9999982118606567,0.6539109349250793,0.4476635158061981,0.2824785113334656,0.9995376467704773,0.6744424700737,0.4957734942436218,-0.15800435841083527,0.9989745616912842,0.6562401056289673,0.5280299782752991,0.32602351903915405,0.10339785367250443,0.6550741195678711,0.5671688318252563,-0.19240087270736694,0.9981586933135986,0.6364744305610657,0.5978413820266724,0.28867292404174805,0.3089599311351776,0.6522369384765625,0.591367781162262,-0.221099853515625,0.9953723549842834,0.6292104125022888,0.616802453994751,0.29755526781082153,0.2962972819805145,0.6470254063606262,0.5899487733840942,-0.2096383273601532,0.9949644207954407,0.6259105801582336,0.6183267831802368,0.27086198329925537,0.3030683994293213,0.6470577716827393,0.5833696722984314,-0.18549476563930511,0.9902028441429138,0.6305332183837891,0.6120922565460205,0.27569764852523804,0.30130448937416077,0.6657235622406006,0.5817192792892456,-0.10969077050685883,0.999809980392456,0.6573783159255981,0.5923060774803162,0.10959768295288086,0.9994842410087585,0.6286742091178894,0.6993221640586853,-0.1650630086660385,0.980201780796051,0.64327073097229,0.7086980938911438,0.06561750918626785,0.7118179798126221,0.6939831376075745,0.8097154498100281,-0.1803387999534607,0.9757940769195557,0.6741988658905029,0.8294923305511475,0.05246640741825104,0.820731520652771,0.7186251282691956,0.811859130859375,-0.18165117502212524,0.9503719806671143,0.6808851957321167,0.8550381064414978,0.048873674124479294,0.8148430585861206,0.6806401014328003,0.8746288418769836,-0.22430017590522766,0.9775741100311279,0.6260058283805847,0.8731183409690857,0.00465706130489707,0.8731017112731934
50,0.6173298358917236,0.3835192024707794,0.09110686182975769,0.999962568283081,0.6239172220230103,0.3732371926307678,0.0719047263264656,0.9999573230743408,0.6256325840950012,0.3728659749031067,0.07184941321611404,0.9999627470970154,0.6275308728218079,0.37249112129211426,0.07175491005182266,0.9999720454216003,0.6229989528656006,0.373664528131485,0.10010717064142227,0.9999417662620544,0.6238786578178406,0.37358957529067993,0.1001395434141159,0.9999241232872009,0.6249231100082397,0.3734933137893677,0.10008496046066284,0.99992835521698,0.6397449970245361,0.37736010551452637,0.024367060512304306,0.9999749064445496,0.636849582195282,0.3781812787055969,0.1536545753479004,0.9998379349708557,0.6227220296859741,0.3947449028491974,0.07906803488731384,0.9999402165412903,0.6217951774597168,0.39545100927352905,0.11461575329303741,0.9998441934585571,0.6636995077133179,0.4268939793109894,-0.08474727720022202,0.9999979138374329,0.6513514518737793,0.44600537419319153,0.2355310320854187,0.9995331168174744,0.6691209673881531,0.49491217732429504,-0.17729729413986206,0.9988399744033813,0.6579374670982361,0.5206384658813477,0.26946303248405457,0.09750144928693771,0.6490507125854492,0.5644574761390686,-0.20950007438659668,0.9976933002471924,0.6431428790092468,0.5836188793182373,0.21815840899944305,0.28802239894866943,0.6459063291549683,0.5873365998268127,-0.23745670914649963,0.9944173097610474,0.6357028484344482,0.6051649451255798,0.22014053165912628,0.2782575786113739,0.6414798498153687,0.5867215394973755,-0.2277502566576004,0.9938979744911194,0.6328991651535034,0.6051021218299866,0.1951196938753128,0.2846193015575409,0.6420334577560425,0.5799763798713684,-0.20362401008605957,0.9883702397346497,0.637703537940979,0.5995248556137085,0.2052733153104782,0.28315526247024536,0.6612265110015869,0.5820327997207642,-0.10663685202598572,0.999793529510498,0.6553376913070679,0.5890917181968689,0.10659496486186981,0.9994601607322693,0.6174302101135254,0.6935340762138367,-0.1495436131954193,0.9790736436843872,0.6424639821052551,0.704201877117157,0.07287938892841339,0.680248498916626,0.6736050844192505,0.8118407726287842,-0.13719302415847778,0.9738831520080566,0.6749534606933594,0.8199390172958374,0.06453177332878113,0.7912388443946838,0.6939026713371277,0.8148093819618225,-0.13547605276107788,0.9486352205276489,0.6891276240348816,0.8534063100814819,0.061426110565662384,0.7967728972434998,0.6484147906303406,0.872961163520813,-0.174089714884758,0.9758654236793518,0.643220067024231,0.8729239702224731,0.022615212947130203,0.8475542664527893
51,0.6127779483795166,0.38413992524147034,0.08053001761436462,0.9999632239341736,0.6187697052955627,0.3735504746437073,0.06373220682144165,0.9999576807022095,0.6204903721809387,0.37310755252838135,0.06368248164653778,0.9999629259109497,0.6224414110183716,0.3726523220539093,0.06364406645298004,0.9999723434448242,0.6174506545066833,0.3740858733654022,0.0935904011130333,0.9999428391456604,0.6181612014770508,0.37403222918510437,0.09362316131591797,0.9999249577522278,0.6189895272254944,0.3739405870437622,0.09359677135944366,0.9999303817749023,0.6350495219230652,0.3773256838321686,0.01838221587240696,0.9999749660491943,0.63104647397995,0.3782196044921875,0.14784400165081024,0.9998438954353333,0.6183565855026245,0.3954160213470459,0.06672053784132004,0.9999377131462097,0.6171350479125977,0.3962208330631256,0.10514792054891586,0.9998441338539124,0.6578596234321594,0.42677202820777893,-0.08700544387102127,0.9999979138374329,0.6489010453224182,0.4447081387042999,0.22489456832408905,0.999547004699707,0.6634480357170105,0.4939998984336853,-0.16214601695537567,0.9988125562667847,0.6535293459892273,0.5190749168395996,0.25725769996643066,0.09496791660785675,0.6429474949836731,0.5633443593978882,-0.17767421901226044,0.9975603222846985,0.6399362683296204,0.5834969878196716,0.20966508984565735,0.273059606552124,0.6388535499572754,0.5869742035865784,-0.20353198051452637,0.9941073656082153,0.6354617476463318,0.6049907803535461,0.2119668424129486,0.26524317264556885,0.6340957283973694,0.5864571928977966,-0.1950826197862625,0.9935398697853088,0.6323683857917786,0.6053208112716675,0.18633966147899628,0.27117007970809937,0.6348369121551514,0.5796089768409729,-0.17199765145778656,0.9877141714096069,0.6345687508583069,0.5989575386047363,0.19703052937984467,0.2702617645263672,0.6527823805809021,0.5816929340362549,-0.09758803993463516,0.9997898936271667,0.653617262840271,0.5877212882041931,0.09760650992393494,0.9994634985923767,0.6055314540863037,0.6883136034011841,-0.13388057053089142,0.979255735874176,0.6446196436882019,0.7036203145980835,0.07153508812189102,0.6633361577987671,0.6509989500045776,0.8132833242416382,-0.12113890796899796,0.9728867411613464,0.6647462844848633,0.8249053359031677,0.058518487960100174,0.7739886045455933,0.6629432439804077,0.8273641467094421,-0.11953048408031464,0.9476750493049622,0.6770071387290955,0.8553860783576965,0.05487462133169174,0.7822214961051941,0.6186511516571045,0.8726983666419983,-0.15309032797813416,0.9746090769767761,0.6293861865997314,0.8713809251785278,0.018872981891036034,0.8298384547233582
52,0.6083188652992249,0.3840242922306061,0.10561235249042511,0.9999656081199646,0.6143699884414673,0.37328046560287476,0.09251435846090317,0.9999604225158691,0.616236686706543,0.37285736203193665,0.09246951341629028,0.9999653100967407,0.6182383894920349,0.3724339008331299,0.09245782345533371,0.9999741911888123,0.6130277514457703,0.3737601041793823,0.12105216085910797,0.999946653842926,0.6137915253639221,0.37368083000183105,0.12108534574508667,0.999929666519165,0.614720344543457,0.373587965965271,0.12106022983789444,0.9999352693557739,0.6311662197113037,0.37679731845855713,0.05176455155014992,0.999976634979248,0.6271730661392212,0.3777327835559845,0.17776130139827728,0.9998551607131958,0.6138998866081238,0.3953664302825928,0.09252715855836868,0.9999403953552246,0.6125936508178711,0.39615559577941895,0.12905436754226685,0.99985271692276,0.6534987688064575,0.4266407787799835,-0.05570575222373009,0.9999979734420776,0.6438535451889038,0.44306856393814087,0.25405824184417725,0.9995619058609009,0.6588641405105591,0.49256929755210876,-0.13108399510383606,0.9988096952438354,0.6485071778297424,0.5164891481399536,0.2818896770477295,0.09147252887487411,0.6385924220085144,0.560390293598175,-0.14262855052947998,0.9975380301475525,0.6348513960838318,0.5775437355041504,0.23136548697948456,0.256510853767395,0.6349302530288696,0.5844172239303589,-0.16813942790031433,0.9940505027770996,0.6317994594573975,0.6023428440093994,0.2283376157283783,0.25059348344802856,0.6300629377365112,0.584654688835144,-0.1612890660762787,0.9934539198875427,0.6287068128585815,0.6026948690414429,0.20707964897155762,0.25619441270828247,0.6307691335678101,0.5773372054100037,-0.13732895255088806,0.9875150918960571,0.6299232244491577,0.5953130125999451,0.21963302791118622,0.2561383843421936,0.6462880373001099,0.5806049108505249,-0.09377787262201309,0.9997848272323608,0.6492335796356201,0.5867620706558228,0.09380558878183365,0.9994663000106812,0.5998759269714355,0.6872538328170776,-0.1282578706741333,0.9795463681221008,0.6431131958961487,0.7046768069267273,0.04076525196433067,0.6620581150054932,0.629184365272522,0.8276185393333435,-0.12961825728416443,0.9721800088882446,0.6634833812713623,0.8399879336357117,-0.003535511903464794,0.7671536803245544,0.6434394717216492,0.8469735383987427,-0.12838616967201233,0.9463611245155334,0.6707965731620789,0.8613937497138977,-0.011373872868716717,0.776982307434082,0.5886844992637634,0.8729699850082397,-0.17545799911022186,0.9735004305839539,0.6291113495826721,0.8791961669921875,-0.06150297820568085,0.8207279443740845
53,0.6035168766975403,0.38390618562698364,0.09317749738693237,0.9999660849571228,0.6097784042358398,0.3729298710823059,0.0794934630393982,0.999961256980896,0.6115554571151733,0.37255436182022095,0.07944657653570175,0.9999661445617676,0.613450288772583,0.3721807301044464,0.0794360414147377,0.9999750852584839,0.6085832118988037,0.3733159005641937,0.10881459712982178,0.9999479651451111,0.6094233989715576,0.37320807576179504,0.10885055363178253,0.9999306797981262,0.6104200482368469,0.3731103539466858,0.10883453488349915,0.9999372959136963,0.6261250376701355,0.37659066915512085,0.03847811743617058,0.9999777674674988,0.6224639415740967,0.3773791491985321,0.16866545379161835,0.9998600482940674,0.6083751320838928,0.3953683078289032,0.07987528294324875,0.9999414086341858,0.6071538925170898,0.3960866630077362,0.11753179132938385,0.9998551607131958,0.6481209993362427,0.4264129102230072,-0.0737890750169754,0.9999980926513672,0.6371681094169617,0.4424322247505188,0.2561536133289337,0.9995640516281128,0.6544657349586487,0.49229443073272705,-0.15314924716949463,0.9988434910774231,0.6408106088638306,0.5150777101516724,0.29046353697776794,0.08662544190883636,0.6347535252571106,0.558770477771759,-0.16318602859973907,0.9975908398628235,0.628774106502533,0.5742498636245728,0.2366935908794403,0.24026614427566528,0.6317614912986755,0.5827476978302002,-0.18990135192871094,0.994158148765564,0.6257707476615906,0.6003917455673218,0.2307463437318802,0.23567628860473633,0.6265947222709656,0.5831649899482727,-0.18460914492607117,0.9935376644134521,0.6232057809829712,0.600362241268158,0.2096397578716278,0.2409849911928177,0.6272709965705872,0.575497031211853,-0.15856628119945526,0.9876112937927246,0.6246363520622253,0.5924994945526123,0.22344782948493958,0.24170325696468353,0.6441540718078613,0.5800661444664001,-0.09398350864648819,0.9997856020927429,0.6420580148696899,0.5863795876502991,0.09389646351337433,0.9994593262672424,0.5973145365715027,0.6881541013717651,-0.14851252734661102,0.9799486398696899,0.6306894421577454,0.7031905055046082,0.019491570070385933,0.6549690365791321,0.6075040698051453,0.8325155973434448,-0.1698082536458969,0.9722756743431091,0.6601953506469727,0.8424792885780334,-0.014825524762272835,0.7621305584907532,0.6346600651741028,0.8573237657546997,-0.1742720603942871,0.9428415894508362,0.6613372564315796,0.8696750998497009,-0.02197420969605446,0.7728061676025391,0.5601189136505127,0.8716689944267273,-0.24826036393642426,0.9735809564590454,0.6055409908294678,0.8783828020095825,-0.08034327626228333,0.8196919560432434
54,0.5984077453613281,0.3839084506034851,0.057723864912986755,0.9999627470970154,0.6046585440635681,0.3729190230369568,0.04222555086016655,0.9999570846557617,0.6062947511672974,0.3725477457046509,0.04218176379799843,0.999962329864502,0.6080472469329834,0.37217390537261963,0.042166244238615036,0.9999728798866272,0.603632390499115,0.37326693534851074,0.07212614268064499,0.99994295835495,0.6045095324516296,0.3731342554092407,0.07216794043779373,0.9999225735664368,0.6055588126182556,0.3729994297027588,0.07215119153261185,0.9999322295188904,0.6205044984817505,0.3765561878681183,-0.0011387243866920471,0.9999762177467346,0.6174150705337524,0.3772852122783661,0.13146348297595978,0.9998461604118347,0.602934718132019,0.39538267254829407,0.04413841664791107,0.9999382495880127,0.601855993270874,0.3960897624492645,0.08258014172315598,0.9998467564582825,0.6412997841835022,0.42665937542915344,-0.10568554699420929,0.9999980926513672,0.6316417455673218,0.44251778721809387,0.22602960467338562,0.9995349645614624,0.6483138799667358,0.49481889605522156,-0.1758652925491333,0.9988173246383667,0.6345372200012207,0.5161193609237671,0.2591438591480255,0.08115793019533157,0.6282259821891785,0.5594881772994995,-0.17511267960071564,0.9975380897521973,0.622444748878479,0.5772035121917725,0.20305390655994415,0.2241201251745224,0.6245325803756714,0.5838298201560974,-0.20343762636184692,0.9940445423126221,0.6195871829986572,0.6020389795303345,0.20125576853752136,0.22113804519176483,0.6191620826721191,0.5834237337112427,-0.18698790669441223,0.9933720231056213,0.6160001158714294,0.6020983457565308,0.17497900128364563,0.22625266015529633,0.6196256279945374,0.5758137702941895,-0.1671261489391327,0.9872764945030212,0.6174263954162598,0.5944821834564209,0.18846507370471954,0.2276342362165451,0.6383635401725769,0.5805618762969971,-0.09513206779956818,0.9997602105140686,0.6355380415916443,0.5867098569869995,0.09504072368144989,0.9994065165519714,0.592390239238739,0.6904823184013367,-0.13024970889091492,0.9794223308563232,0.6345569491386414,0.7071491479873657,0.0334504060447216,0.642698347568512,0.5748092532157898,0.8386312127113342,-0.13065285980701447,0.9726992845535278,0.6625251770019531,0.8448607921600342,-0.007888905704021454,0.7601926922798157,0.5872129201889038,0.8622316122055054,-0.13434568047523499,0.9410815238952637,0.6634954810142517,0.8706012964248657,-0.018671613186597824,0.772502064704895,0.5393481254577637,0.8681246638298035,-0.24478667974472046,0.9736353158950806,0.6106699109077454,0.8801739811897278,-0.042658790946006775,0.8188945651054382
55,0.5939035415649414,0.3846984803676605,0.05655541270971298,0.9999647736549377,0.599957287311554,0.37376442551612854,0.04050968587398529,0.9999589920043945,0.6013532876968384,0.3733779191970825,0.04045958071947098,0.9999640583992004,0.6030227541923523,0.37294888496398926,0.04045350104570389,0.999974250793457,0.5991806983947754,0.3739074170589447,0.07112541049718857,0.9999458193778992,0.6000116467475891,0.37367039918899536,0.0711735412478447,0.9999260902404785,0.6010576486587524,0.37340667843818665,0.07116608321666718,0.9999356269836426,0.6152799129486084,0.3771156966686249,-0.0028919093310832977,0.9999775886535645,0.6126723289489746,0.37769708037376404,0.13192161917686462,0.9998533725738525,0.598075270652771,0.39655396342277527,0.042954422533512115,0.9999423623085022,0.5972436666488647,0.39709222316741943,0.08211422711610794,0.9998564720153809,0.6352501511573792,0.4272770583629608,-0.10690901428461075,0.9999982118606567,0.6271348595619202,0.44379884004592896,0.2281799614429474,0.999553918838501,0.6429492235183716,0.49482461810112,-0.1794750988483429,0.9988446831703186,0.6289359927177429,0.5213249325752258,0.2577386498451233,0.07737339287996292,0.6238666772842407,0.5600267648696899,-0.18357016146183014,0.9976407289505005,0.6155176162719727,0.5809773802757263,0.19375528395175934,0.21527817845344543,0.620241105556488,0.5854452848434448,-0.20657585561275482,0.9942665100097656,0.6101865768432617,0.6058818101882935,0.1903732866048813,0.2140248864889145,0.6141821146011353,0.5840882658958435,-0.19856184720993042,0.9935896396636963,0.608016848564148,0.6048364043235779,0.1626829206943512,0.21923035383224487,0.614240825176239,0.5761682987213135,-0.1755949854850769,0.9876787066459656,0.6097833514213562,0.597914457321167,0.17855754494667053,0.22164854407310486,0.6325803995132446,0.5819504261016846,-0.09590752422809601,0.9997630715370178,0.6307124495506287,0.58852618932724,0.09585054963827133,0.9994159936904907,0.5850435495376587,0.6976091861724854,-0.12837819755077362,0.9782082438468933,0.6396700143814087,0.7150193452835083,0.03974536433815956,0.6383136510848999,0.5457032918930054,0.8389787077903748,-0.13248036801815033,0.9738991856575012,0.664308488368988,0.8466185927391052,0.01397017389535904,0.7680174708366394,0.5511904954910278,0.8663637638092041,-0.13640132546424866,0.9425922632217407,0.6675249338150024,0.8707104325294495,0.004822148010134697,0.7809332013130188,0.4995131194591522,0.8547276258468628,-0.22776225209236145,0.9745142459869385,0.6145039796829224,0.8799865245819092,-0.031183304265141487,0.8241454362869263
56,0.5893983840942383,0.384848415851593,0.030143151059746742,0.9999673962593079,0.5953903794288635,0.3742564618587494,0.012944510206580162,0.999961793422699,0.5967279672622681,0.3739510774612427,0.012892784550786018,0.999966561794281,0.5983568429946899,0.3735945522785187,0.012895713560283184,0.9999760985374451,0.5948266983032227,0.3742732107639313,0.04442548379302025,0.9999496340751648,0.5956833958625793,0.3740403950214386,0.044481854885816574,0.999931275844574,0.5967776775360107,0.373757928609848,0.04447543993592262,0.9999400973320007,0.6096506118774414,0.37783360481262207,-0.03389660269021988,0.9999791979789734,0.6077438592910767,0.378182590007782,0.10414080321788788,0.9998632669448853,0.5929787158966064,0.39666947722435,0.015020840801298618,0.9999470710754395,0.5922508835792542,0.39716628193855286,0.05518421530723572,0.9998677968978882,0.6277225017547607,0.4288138747215271,-0.1331079751253128,0.9999983310699463,0.6223646402359009,0.44406381249427795,0.20373299717903137,0.9995774030685425,0.6344114542007446,0.49924203753471375,-0.1976679116487503,0.9988813996315002,0.6228834390640259,0.5239861607551575,0.2339250147342682,0.07458344846963882,0.6176719069480896,0.5646663904190063,-0.1998763233423233,0.9977549910545349,0.6108372211456299,0.5841774940490723,0.16992583870887756,0.20836909115314484,0.6145170331001282,0.591841995716095,-0.23300985991954803,0.9945213198661804,0.6049125790596008,0.6073175668716431,0.16890652477741241,0.20917853713035583,0.6085413098335266,0.5904331207275391,-0.2264455258846283,0.9938567876815796,0.6032664179801941,0.6067121624946594,0.13899806141853333,0.21456079185009003,0.6084405183792114,0.5829044580459595,-0.19471953809261322,0.9881873726844788,0.605069100856781,0.5999312996864319,0.15429845452308655,0.21815374493598938,0.6258355975151062,0.5882561802864075,-0.09638790786266327,0.9997683167457581,0.62453693151474,0.5927125215530396,0.09633798152208328,0.9994339942932129,0.5813974142074585,0.7050545811653137,-0.11469288170337677,0.9771705865859985,0.6408747434616089,0.7195331454277039,0.06398913264274597,0.6340314745903015,0.5259780287742615,0.8375071287155151,-0.11848778277635574,0.9756202101707458,0.6652637720108032,0.8488309979438782,0.05693880841135979,0.7776526808738708,0.5281846523284912,0.8649232387542725,-0.12276577204465866,0.945906937122345,0.669254720211029,0.8721956014633179,0.05315369367599487,0.7913342714309692,0.4755137264728546,0.8399671316146851,-0.20955030620098114,0.9759220480918884,0.6154614686965942,0.8794454336166382,0.003909026272594929,0.8309161067008972
57,0.5827725529670715,0.3859815001487732,-0.013595384545624256,0.9999691843986511,0.5885719060897827,0.3755299150943756,-0.030942553654313087,0.9999635219573975,0.589949905872345,0.37515926361083984,-0.030974537134170532,0.9999681711196899,0.5915769338607788,0.3747001588344574,-0.030975447967648506,0.9999772310256958,0.587994396686554,0.3755165636539459,1.6843889170559123e-05,0.9999523162841797,0.5889284610748291,0.3752315044403076,7.026537059573457e-05,0.9999351501464844,0.5901031494140625,0.3748345673084259,7.805768836988136e-05,0.9999434351921082,0.6032769083976746,0.3785538971424103,-0.0755908265709877,0.9999799728393555,0.6017478704452515,0.37891077995300293,0.06004834920167923,0.9998703002929688,0.5868169069290161,0.3976498246192932,-0.027812665328383446,0.9999508261680603,0.5861784815788269,0.3981524407863617,0.011755791492760181,0.9998772740364075,0.6205494403839111,0.4311925768852234,-0.16115739941596985,0.9999983310699463,0.619513213634491,0.44503161311149597,0.16024017333984375,0.9995948076248169,0.6257523894309998,0.5060259103775024,-0.21167603135108948,0.998865008354187,0.6219677329063416,0.5241680145263672,0.18548327684402466,0.07165754586458206,0.6098409295082092,0.5746502876281738,-0.20013922452926636,0.997650682926178,0.6149325966835022,0.5875862240791321,0.11610876768827438,0.19724565744400024,0.6078277230262756,0.600080132484436,-0.23463919758796692,0.9942561984062195,0.6112711429595947,0.6102597713470459,0.11455823481082916,0.2003023475408554,0.6024700999259949,0.5995854735374451,-0.22644300758838654,0.9935372471809387,0.60780268907547,0.6095686554908752,0.08409027755260468,0.20556169748306274,0.6023314595222473,0.5929202437400818,-0.19481313228607178,0.9877136945724487,0.6090430021286011,0.6018534302711487,0.10083358734846115,0.20972515642642975,0.6174051761627197,0.5954755544662476,-0.09648682177066803,0.9997513294219971,0.6199755668640137,0.5980538129806519,0.09648334980010986,0.9993909001350403,0.5701411366462708,0.7181050777435303,-0.09060700982809067,0.9768083095550537,0.6419435143470764,0.723192572593689,0.10140031576156616,0.6314197182655334,0.5165576934814453,0.8377463817596436,-0.07583386451005936,0.9775096774101257,0.6656920313835144,0.848517894744873,0.11690148711204529,0.7874612212181091,0.5182851552963257,0.8659685850143433,-0.07814306020736694,0.9501864910125732,0.6719091534614563,0.8720927238464355,0.11585289984941483,0.8023288249969482,0.4655417501926422,0.8354322910308838,-0.15106897056102753,0.9773834347724915,0.6159666180610657,0.8793120384216309,0.07033374905586243,0.8363791704177856
58,0.576688289642334,0.38639500737190247,-0.013881590217351913,0.9999704360961914,0.582481324672699,0.3758620023727417,-0.031217914074659348,0.9999645948410034,0.5839311480522156,0.3755359649658203,-0.031247492879629135,0.9999691843986511,0.5854922533035278,0.3751429319381714,-0.03124552220106125,0.9999778866767883,0.5820571184158325,0.3758651912212372,-0.0005857064388692379,0.999954104423523,0.5831664800643921,0.3756192922592163,-0.0005378088098950684,0.999937891960144,0.584444522857666,0.37528476119041443,-0.000541144807357341,0.9999460577964783,0.5975793600082397,0.3792175352573395,-0.0762132853269577,0.9999803304672241,0.5965989828109741,0.3796161115169525,0.05830594152212143,0.9998760223388672,0.5803918838500977,0.39790990948677063,-0.028090940788388252,0.9999538064002991,0.5798569321632385,0.3984322249889374,0.011128666810691357,0.9998854994773865,0.612850546836853,0.4327642619609833,-0.1608763039112091,0.9999982714653015,0.6154640316963196,0.44550350308418274,0.15578141808509827,0.9996141195297241,0.6169599890708923,0.5099570751190186,-0.20901136100292206,0.9987357258796692,0.6202707290649414,0.5243582129478455,0.17751803994178772,0.06934637576341629,0.6038529276847839,0.5802067518234253,-0.19184093177318573,0.9971796870231628,0.6155625581741333,0.5890200138092041,0.10911589860916138,0.18633444607257843,0.6023688912391663,0.6049619317054749,-0.2246687412261963,0.9933186173439026,0.611048698425293,0.6123443245887756,0.1074373796582222,0.1914726346731186,0.5975064635276794,0.6047338843345642,-0.2157200276851654,0.9924415946006775,0.6079012155532837,0.6114292740821838,0.07818898558616638,0.1966598778963089,0.5973860621452332,0.5987709164619446,-0.1867603212594986,0.9860192537307739,0.6081721782684326,0.603419840335846,0.0942908227443695,0.2012128382921219,0.6084743142127991,0.5986217856407166,-0.09629660844802856,0.9997182488441467,0.6155962944030762,0.6011595726013184,0.09631355851888657,0.9993133544921875,0.5601810216903687,0.7175354957580566,-0.08477117866277695,0.9764905571937561,0.6407825946807861,0.7243798971176147,0.10390815883874893,0.6322079300880432,0.5139837861061096,0.8389599919319153,-0.068104587495327,0.9792294502258301,0.6655973196029663,0.8482673764228821,0.12197377532720566,0.7961097955703735,0.517959475517273,0.8659025430679321,-0.07026273012161255,0.9539222717285156,0.6733022928237915,0.8711530566215515,0.12129216641187668,0.8122833967208862,0.4616049826145172,0.8417439460754395,-0.14210215210914612,0.9786470532417297,0.61739182472229,0.8786338567733765,0.07785482704639435,0.8411258459091187
59,0.5705637335777283,0.38674986362457275,-0.006793702021241188,0.9999718070030212,0.5765013694763184,0.3764546811580658,-0.023884521797299385,0.9999657273292542,0.5779695510864258,0.37619104981422424,-0.023914551362395287,0.9999701976776123,0.5796106457710266,0.3758586347103119,-0.023914378136396408,0.9999786019325256,0.5760725140571594,0.37645936012268066,0.0066291820257902145,0.9999558925628662,0.577093780040741,0.3762562870979309,0.006676955614238977,0.9999404549598694,0.5782879590988159,0.3759574890136719,0.0066729518584907055,0.9999485015869141,0.5913293361663818,0.38031312823295593,-0.06842069327831268,0.9999808073043823,0.5901234149932861,0.38084113597869873,0.0659325048327446,0.9998813271522522,0.5742109417915344,0.3982600271701813,-0.020708005875349045,0.9999565482139587,0.5736397504806519,0.398647665977478,0.018409905955195427,0.9998930096626282,0.6058060526847839,0.4333451986312866,-0.1559889316558838,0.9999982714653015,0.6091577410697937,0.4455738365650177,0.16311410069465637,0.9996325373649597,0.6109775900840759,0.5096977353096008,-0.20855338871479034,0.9986079335212708,0.6153492331504822,0.5242183208465576,0.18520104885101318,0.06713046878576279,0.5989788174629211,0.5803791284561157,-0.19313810765743256,0.9966508150100708,0.6123286485671997,0.5881603360176086,0.12030555307865143,0.1750737428665161,0.5972610712051392,0.605286180973053,-0.2252650111913681,0.9923011660575867,0.6096015572547913,0.6121361255645752,0.11930661648511887,0.1817631870508194,0.5927909016609192,0.6051658987998962,-0.2165479212999344,0.9912471175193787,0.605246901512146,0.6111769080162048,0.09076369553804398,0.18686161935329437,0.5925739407539368,0.5989518165588379,-0.18817085027694702,0.9841085076332092,0.6048523783683777,0.6032763123512268,0.10564804822206497,0.19169622659683228,0.6005147695541382,0.599704384803772,-0.09647247195243835,0.9996922016143799,0.6088252663612366,0.6018720865249634,0.09649284183979034,0.9992552399635315,0.5549514889717102,0.7164425253868103,-0.08776973932981491,0.9764542579650879,0.6354963779449463,0.7253038883209229,0.10213275998830795,0.636538028717041,0.5138769149780273,0.8446127772331238,-0.07387018948793411,0.9808393120765686,0.6652119159698486,0.8478614687919617,0.11859484016895294,0.8059378266334534,0.5192053318023682,0.8691049814224243,-0.07639281451702118,0.9572156667709351,0.6740550994873047,0.8710420727729797,0.11750638484954834,0.8226028680801392,0.4585438370704651,0.8432301878929138,-0.15113750100135803,0.9799205660820007,0.6216338872909546,0.8782978653907776,0.0725901871919632,0.8474773168563843
60,0.5642814636230469,0.3873816132545471,0.008706222288310528,0.9999731183052063,0.5703452825546265,0.3773760497570038,-0.008269165642559528,0.9999667406082153,0.5718303918838501,0.37712353467941284,-0.008300557732582092,0.9999711513519287,0.5735238194465637,0.37678617238998413,-0.008294502273201942,0.9999793171882629,0.5697905421257019,0.3773529827594757,0.02198994904756546,0.9999575018882751,0.570740282535553,0.3771298825740814,0.022033128887414932,0.9999424815177917,0.5718406438827515,0.3767823874950409,0.022021660581231117,0.9999505281448364,0.5848988890647888,0.381315141916275,-0.05267361178994179,0.9999814629554749,0.5834881663322449,0.3816874325275421,0.08101741969585419,0.9998852610588074,0.5682002305984497,0.3990250527858734,-0.004932824056595564,0.999958872795105,0.567512035369873,0.3991137146949768,0.03394319862127304,0.9998990893363953,0.599762499332428,0.433072030544281,-0.14497384428977966,0.9999983310699463,0.6029927730560303,0.44565072655677795,0.17707759141921997,0.9996439218521118,0.6049998998641968,0.5082821249961853,-0.2058221995830536,0.9985926151275635,0.6108585000038147,0.5247374773025513,0.20157089829444885,0.06479190289974213,0.5925113558769226,0.5797101855278015,-0.1987714320421219,0.9965969324111938,0.6116570830345154,0.588826060295105,0.14132754504680634,0.16473889350891113,0.5907511115074158,0.6051843762397766,-0.22903017699718475,0.9922197461128235,0.6079469919204712,0.613753616809845,0.13987897336483002,0.17255578935146332,0.5859495997428894,0.6052555441856384,-0.22150297462940216,0.9911213517189026,0.6033591032028198,0.6127772927284241,0.11252228170633316,0.17763687670230865,0.5856736898422241,0.5985863208770752,-0.19413171708583832,0.9838588833808899,0.6022254824638367,0.6045887470245361,0.12694670259952545,0.1827002912759781,0.5922307968139648,0.6014045476913452,-0.09650868922472,0.9996739625930786,0.5996467471122742,0.603820264339447,0.09651754796504974,0.9992141127586365,0.5493835806846619,0.717427670955658,-0.08601313084363937,0.9771304130554199,0.6296559572219849,0.7270345091819763,0.09482207894325256,0.6525139212608337,0.510504424571991,0.8487257361412048,-0.07551607489585876,0.9823330044746399,0.6653245687484741,0.8473016619682312,0.10497017204761505,0.8184599876403809,0.5170466303825378,0.8717032670974731,-0.07870234549045563,0.9596262574195862,0.6744109392166138,0.870894193649292,0.10289272665977478,0.8338101506233215,0.45892608165740967,0.8502993583679199,-0.15701082348823547,0.9812105298042297,0.622029185295105,0.8782731890678406,0.056127846240997314,0.8562749624252319
61,0.559007465839386,0.3873750567436218,0.003178275190293789,0.9999695420265198,0.5648330450057983,0.37748169898986816,-0.014593197032809258,0.9999615550041199,0.5662010908126831,0.3772200644016266,-0.01462890300899744,0.9999672174453735,0.5677489042282104,0.37688228487968445,-0.01461442094296217,0.9999764561653137,0.5644589066505432,0.3774820566177368,0.01567518152296543,0.9999499917030334,0.5654207468032837,0.3772594928741455,0.015703223645687103,0.9999328851699829,0.5665486454963684,0.3769090473651886,0.01568101905286312,0.9999412298202515,0.5784971714019775,0.38157951831817627,-0.06093638017773628,0.9999796748161316,0.5773349404335022,0.38185015320777893,0.07476718723773956,0.9998560547828674,0.562981128692627,0.39903268218040466,-0.01105612050741911,0.9999544024467468,0.5623255968093872,0.39914631843566895,0.02809963747859001,0.9998869895935059,0.592688262462616,0.432826429605484,-0.16029393672943115,0.9999983310699463,0.5933328866958618,0.4456895887851715,0.1774105578660965,0.9995884299278259,0.5987606644630432,0.5074372291564941,-0.22724321484565735,0.9986631274223328,0.597856342792511,0.5246821045875549,0.2106303721666336,0.06106095761060715,0.5847933888435364,0.581291139125824,-0.22714921832084656,0.9967912435531616,0.5916122794151306,0.58849036693573,0.17018036544322968,0.1538849025964737,0.5839740633964539,0.6074962615966797,-0.2545759975910187,0.9926220178604126,0.5883583426475525,0.613618791103363,0.17494559288024902,0.16168944537639618,0.5787309408187866,0.6075383424758911,-0.24822235107421875,0.9915918707847595,0.5871213674545288,0.6127553582191467,0.14846251904964447,0.16668882966041565,0.5780189037322998,0.6008052229881287,-0.22253873944282532,0.9845368266105652,0.5867927074432373,0.6045092344284058,0.15646307170391083,0.171529158949852,0.584943950176239,0.6033176183700562,-0.09751418977975845,0.9996814727783203,0.5860830545425415,0.6050758361816406,0.0974331945180893,0.9992297887802124,0.5895202159881592,0.7277208566665649,-0.09948800504207611,0.9791346788406372,0.5600980520248413,0.7263780236244202,0.08248325437307358,0.6817964315414429,0.6532981395721436,0.8461800813674927,-0.08349864184856415,0.9839134216308594,0.5109281539916992,0.8471998572349548,0.09052606672048569,0.8344460129737854,0.6681375503540039,0.8687483072280884,-0.08647488057613373,0.961384654045105,0.5197130441665649,0.8710293769836426,0.08539855480194092,0.8441253304481506,0.61236172914505,0.8734971880912781,-0.17782893776893616,0.9828095436096191,0.48073428869247437,0.8695743083953857,0.02376306802034378,0.8685575127601624
62,0.5513342022895813,0.3870132565498352,-0.006663509178906679,0.9999716281890869,0.5576457381248474,0.3772497773170471,-0.02339046820998192,0.9999638795852661,0.5589861273765564,0.3770199120044708,-0.023412734270095825,0.9999693036079407,0.5604651570320129,0.3767220079898834,-0.023391222581267357,0.9999778866767883,0.5576075911521912,0.3772472143173218,0.00626648124307394,0.9999527931213379,0.5587866306304932,0.3770352005958557,0.006304644048213959,0.9999367594718933,0.5601199865341187,0.3766876459121704,0.006309486459940672,0.9999445080757141,0.5713506937026978,0.38154420256614685,-0.0673254057765007,0.9999808669090271,0.5709498524665833,0.3818317651748657,0.06450530886650085,0.999863862991333,0.5554550290107727,0.39858201146125793,-0.020125050097703934,0.9999576807022095,0.5550829172134399,0.39868420362472534,0.018063483759760857,0.9998951554298401,0.5844067335128784,0.4326610863208771,-0.15823428332805634,0.9999983906745911,0.5861369967460632,0.4456418454647064,0.16190780699253082,0.9995898604393005,0.590054452419281,0.5069459676742554,-0.21744024753570557,0.9986802339553833,0.5895135998725891,0.5243400931358337,0.1891232132911682,0.05827239528298378,0.5767530202865601,0.5808942317962646,-0.21475549042224884,0.9968650937080383,0.5823626518249512,0.588446855545044,0.14041703939437866,0.14412814378738403,0.5763114094734192,0.6081944108009338,-0.24100996553897858,0.9927929043769836,0.5782880783081055,0.6135686039924622,0.14026208221912384,0.15271370112895966,0.5705488324165344,0.6081510186195374,-0.2369878590106964,0.9917873740196228,0.576655387878418,0.6127380728721619,0.11343597620725632,0.1575973629951477,0.5697034597396851,0.6008339524269104,-0.2120104879140854,0.9848617315292358,0.5764029026031494,0.6045596599578857,0.12617821991443634,0.16264529526233673,0.5741205215454102,0.6035930514335632,-0.0965314507484436,0.9996852874755859,0.5797892212867737,0.6056306958198547,0.09644246101379395,0.9992265701293945,0.5478594303131104,0.7245523929595947,-0.08132345974445343,0.9807193875312805,0.5976350903511047,0.7256196141242981,0.09648524969816208,0.7065119743347168,0.5220043063163757,0.8495648503303528,-0.06541437655687332,0.9854368567466736,0.597022533416748,0.8481797575950623,0.11360391229391098,0.8491159677505493,0.529601514339447,0.8719698190689087,-0.06787241995334625,0.96479332447052,0.6061468720436096,0.8711661696434021,0.11155927181243896,0.8566011786460876,0.5151874423027039,0.8738875389099121,-0.1479261815547943,0.9843719601631165,0.5571104884147644,0.869824230670929,0.06571958214044571,0.8799259662628174
63,0.5438663959503174,0.38633760809898376,0.0016331496881321073,0.9999731183052063,0.5505014061927795,0.37607210874557495,-0.015065022744238377,0.9999654293060303,0.5518852472305298,0.37589186429977417,-0.015090866945683956,0.9999707341194153,0.5533719062805176,0.37560203671455383,-0.015069427900016308,0.99997878074646,0.5503756403923035,0.3761445879936218,0.014253421686589718,0.9999545216560364,0.5515305995941162,0.37599873542785645,0.014285353012382984,0.9999391436576843,0.5528085231781006,0.3756469488143921,0.014286643825471401,0.9999465942382812,0.5639393925666809,0.38127613067626953,-0.059427350759506226,0.9999816417694092,0.562953770160675,0.381317138671875,0.07054129987955093,0.9998689293861389,0.5475814342498779,0.3976823091506958,-0.012036082334816456,0.9999595880508423,0.5470439195632935,0.39778968691825867,0.025707056745886803,0.999900221824646,0.57715904712677,0.43248313665390015,-0.15175841748714447,0.9999983906745911,0.5781465768814087,0.44489625096321106,0.1646306961774826,0.9995909333229065,0.5815271139144897,0.506890058517456,-0.21485169231891632,0.9986905455589294,0.5819622278213501,0.5230302214622498,0.19534243643283844,0.05633004382252693,0.5689204335212708,0.5802077651023865,-0.20896540582180023,0.9969622492790222,0.570709228515625,0.588517963886261,0.1490989625453949,0.1366465538740158,0.5683950781822205,0.6071892380714417,-0.23260052502155304,0.9930194616317749,0.5678907632827759,0.6134834885597229,0.14946730434894562,0.14577694237232208,0.5628109574317932,0.6071348786354065,-0.22878850996494293,0.9920571446418762,0.5650172233581543,0.6127027869224548,0.12207772582769394,0.15065032243728638,0.5618912577629089,0.5997811555862427,-0.20672984421253204,0.9853019118309021,0.5658852458000183,0.6046114563941956,0.13491447269916534,0.155931293964386,0.5656153559684753,0.6024484038352966,-0.0958394780755043,0.9996914863586426,0.5705568194389343,0.6048862338066101,0.0957309827208519,0.9992437958717346,0.5483415126800537,0.7227053642272949,-0.0866706594824791,0.9821471571922302,0.5728477835655212,0.7252983450889587,0.09193284809589386,0.7285749912261963,0.5743231177330017,0.8478698134422302,-0.0739896148443222,0.9867609739303589,0.5802037119865417,0.8465176820755005,0.104043148458004,0.8615059852600098,0.589910626411438,0.8716667294502258,-0.07620595395565033,0.9676058888435364,0.5919412970542908,0.8686114549636841,0.10153127461671829,0.8657917380332947,0.5436936020851135,0.8742620348930359,-0.1512463241815567,0.9857290387153625,0.5417720079421997,0.8694038391113281,0.05483206361532211,0.8894529342651367
64,0.5381829738616943,0.38558825850486755,-0.00037752799107693136,0.9999729990959167,0.5448702573776245,0.37463340163230896,-0.018156016245484352,0.9999651908874512,0.5461359024047852,0.3745588958263397,-0.018186967819929123,0.9999704957008362,0.5475075840950012,0.3743778169155121,-0.018162863329052925,0.9999784231185913,0.5449445247650146,0.37468433380126953,0.011921760626137257,0.9999538064002991,0.5461699962615967,0.3746178448200226,0.011949525214731693,0.9999382495880127,0.5475528836250305,0.3743514120578766,0.011943363584578037,0.9999458193778992,0.557750403881073,0.38069015741348267,-0.06574786454439163,0.9999814033508301,0.5575414896011353,0.3804813623428345,0.06921889632940292,0.9998638033866882,0.5412132143974304,0.39672282338142395,-0.015347599983215332,0.9999585747718811,0.5408869385719299,0.3969133496284485,0.023599928244948387,0.9998987913131714,0.5695538520812988,0.4317944347858429,-0.16245397925376892,0.9999983906745911,0.5722264647483826,0.44466540217399597,0.16664643585681915,0.9995984435081482,0.5729905962944031,0.5063731670379639,-0.21999552845954895,0.9986845850944519,0.5766800045967102,0.5229833126068115,0.2010076493024826,0.05394654721021652,0.5597805380821228,0.5797073245048523,-0.20824883878231049,0.9969729781150818,0.5658401846885681,0.5901490449905396,0.15117429196834564,0.12901069223880768,0.559150755405426,0.6065633296966553,-0.232609361410141,0.9930452704429626,0.56102055311203,0.6136654615402222,0.1561710685491562,0.13837279379367828,0.5531538128852844,0.6064916849136353,-0.22820936143398285,0.9921274781227112,0.5583844184875488,0.6129475831985474,0.12735043466091156,0.14319443702697754,0.5525295734405518,0.5991447567939758,-0.20505394041538239,0.9852880239486694,0.558268129825592,0.6054996252059937,0.1369897872209549,0.14831757545471191,0.5584256649017334,0.6017253994941711,-0.09855037182569504,0.9997066855430603,0.5612919926643372,0.604550302028656,0.09841001033782959,0.9992892146110535,0.5490897297859192,0.7261524200439453,-0.10654684156179428,0.98359215259552,0.5426012277603149,0.7249072790145874,0.09019006043672562,0.7475184798240662,0.6436375379562378,0.8364645838737488,-0.08684396743774414,0.987943708896637,0.5084268450737,0.8465015888214111,0.10580937564373016,0.8727260231971741,0.6635419726371765,0.8520767092704773,-0.08674241602420807,0.9697327017784119,0.5175741314888,0.8693714737892151,0.10296063870191574,0.8724977374076843,0.6123626828193665,0.882185161113739,-0.15439613163471222,0.9869795441627502,0.4827178716659546,0.8673788905143738,0.05223125219345093,0.8982025384902954
65,0.5312709212303162,0.38404327630996704,0.0016259007388725877,0.9999743103981018,0.5377863645553589,0.3725588023662567,-0.015226335264742374,0.9999667406082153,0.5390766859054565,0.3724505603313446,-0.015258431434631348,0.9999718070030212,0.5404596328735352,0.3722473680973053,-0.015242254361510277,0.9999793767929077,0.5377740859985352,0.37270882725715637,0.014601501636207104,0.999955415725708,0.5389701128005981,0.3726406693458557,0.014636971056461334,0.9999401569366455,0.5403364300727844,0.37235960364341736,0.014639176428318024,0.9999479055404663,0.5505673289299011,0.37876543402671814,-0.0606621652841568,0.9999821186065674,0.5505889654159546,0.37847718596458435,0.07271899282932281,0.9998689293861389,0.5344179272651672,0.39479532837867737,-0.012288449332118034,0.9999608993530273,0.5338857769966125,0.39512285590171814,0.026252007111907005,0.9999050498008728,0.5614539384841919,0.42947378754615784,-0.15837353467941284,0.9999984502792358,0.5648065209388733,0.4425816833972931,0.16672711074352264,0.999617874622345,0.5626523494720459,0.5060111284255981,-0.21390153467655182,0.9986637830734253,0.5677397847175598,0.5214292407035828,0.1913638561964035,0.05285431072115898,0.5480565428733826,0.5793114900588989,-0.19811606407165527,0.9969656467437744,0.5560574531555176,0.5893784165382385,0.13362491130828857,0.12400440126657486,0.5470874905586243,0.606203019618988,-0.2249346822500229,0.9930845499038696,0.5492949485778809,0.6130805015563965,0.13268104195594788,0.1345927119255066,0.5418305397033691,0.6059681177139282,-0.21906930208206177,0.9921671152114868,0.5479013323783875,0.6122978329658508,0.10415967553853989,0.13950607180595398,0.5411363244056702,0.5984035134315491,-0.19433113932609558,0.9853916764259338,0.5476160049438477,0.6046273708343506,0.11860628426074982,0.14510227739810944,0.548784613609314,0.5991644263267517,-0.09786403924226761,0.9997124075889587,0.5572426319122314,0.6024601459503174,0.09773831069469452,0.9992797374725342,0.5333932638168335,0.7213131189346313,-0.09329371154308319,0.9841278791427612,0.5661540031433105,0.722317636013031,0.09522369503974915,0.7550911903381348,0.5155309438705444,0.8423184156417847,-0.07392870634794235,0.988929033279419,0.6229293942451477,0.8287761211395264,0.11689622700214386,0.8799070119857788,0.5233251452445984,0.8635198473930359,-0.07520246505737305,0.9719879031181335,0.6446690559387207,0.841459333896637,0.11623764038085938,0.8806918263435364,0.47155049443244934,0.8784677386283875,-0.14422769844532013,0.9879142642021179,0.5998592972755432,0.8717626929283142,0.07785763591527939,0.9039404392242432
66,0.524936854839325,0.3802923858165741,0.0030159265734255314,0.9999746680259705,0.5314110517501831,0.36897796392440796,-0.01357105653733015,0.9999668598175049,0.5326452255249023,0.36890584230422974,-0.013598565943539143,0.9999719262123108,0.5340492725372314,0.36877408623695374,-0.013579843565821648,0.9999793767929077,0.5316826701164246,0.3692217767238617,0.016238944604992867,0.9999549388885498,0.5330056548118591,0.36923322081565857,0.01627326011657715,0.9999390840530396,0.5345575213432312,0.36906617879867554,0.01627240888774395,0.9999473690986633,0.5439401865005493,0.37528565526008606,-0.05853212997317314,0.9999818801879883,0.5446870923042297,0.3748990297317505,0.07439930737018585,0.9998680353164673,0.5280837416648865,0.39135679602622986,-0.010685333982110023,0.9999616146087646,0.5278835296630859,0.391865998506546,0.027761662378907204,0.9999082088470459,0.5507329106330872,0.425052285194397,-0.15608350932598114,0.9999984502792358,0.5577890276908875,0.43948689103126526,0.1699765920639038,0.9996292591094971,0.5490419864654541,0.5048490762710571,-0.21456846594810486,0.9986200928688049,0.5625978112220764,0.5189040899276733,0.196494922041893,0.052535027265548706,0.5342174172401428,0.5790570378303528,-0.19877468049526215,0.9969395995140076,0.5544543862342834,0.5892125964164734,0.14251264929771423,0.1185099259018898,0.5333253741264343,0.6058154702186584,-0.2261113077402115,0.9930934906005859,0.5476678609848022,0.612104594707489,0.14249053597450256,0.1298711895942688,0.5282580852508545,0.6049518585205078,-0.21952024102210999,0.9921780824661255,0.544098973274231,0.6105805039405823,0.11437509208917618,0.13473649322986603,0.5275253653526306,0.5977234840393066,-0.19475476443767548,0.9854074120521545,0.5434932112693787,0.6020368337631226,0.12782037258148193,0.14050602912902832,0.5411100387573242,0.594960629940033,-0.09985413402318954,0.9997168779373169,0.5507001280784607,0.5990532040596008,0.09972517192363739,0.9992777109146118,0.5364527702331543,0.7208912372589111,-0.09061802923679352,0.9849042296409607,0.5570360422134399,0.7210911512374878,0.09823162853717804,0.7652016282081604,0.5077686905860901,0.8452385663986206,-0.07068946212530136,0.9899075627326965,0.6273682117462158,0.8184177875518799,0.12839122116565704,0.8882143497467041,0.5156393051147461,0.8680272102355957,-0.0718996524810791,0.9743666052818298,0.6468678712844849,0.8278127312660217,0.1284944862127304,0.8889795541763306,0.4901094138622284,0.8763937950134277,-0.14228977262973785,0.9889306426048279,0.6012017130851746,0.8727569580078125,0.08699458092451096,0.9107454419136047
67,0.5187031030654907,0.37941843271255493,0.005253805313259363,0.9999738335609436,0.5247977375984192,0.36809784173965454,-0.01107721496373415,0.999966025352478,0.5260443687438965,0.36800631880760193,-0.011090030893683434,0.9999712705612183,0.5274837613105774,0.36782124638557434,-0.011054322123527527,0.9999786615371704,0.5249999165534973,0.36831608414649963,0.01914350315928459,0.9999524354934692,0.5262470245361328,0.3683134615421295,0.019162246957421303,0.9999356269836426,0.5276939868927002,0.36810681223869324,0.019153693690896034,0.9999445676803589,0.5375841856002808,0.37428951263427734,-0.057782113552093506,0.9999808669090271,0.5379342436790466,0.3737454116344452,0.07531914114952087,0.9998608827590942,0.5219994187355042,0.3904953598976135,-0.009896217845380306,0.9999604225158691,0.52176433801651,0.39095619320869446,0.0289824977517128,0.9999058246612549,0.5443113446235657,0.4229426681995392,-0.15687735378742218,0.9999983906745911,0.551059901714325,0.4376497268676758,0.17220637202262878,0.9996229410171509,0.5390403270721436,0.501713216304779,-0.21711604297161102,0.9985946416854858,0.5531413555145264,0.5155295133590698,0.2013522982597351,0.05155331641435623,0.5233465433120728,0.5783819556236267,-0.19895358383655548,0.9969105124473572,0.5389876961708069,0.5798784494400024,0.15646523237228394,0.11277033388614655,0.5220257043838501,0.6018486022949219,-0.22679999470710754,0.9930632710456848,0.5333792567253113,0.602064847946167,0.16155381500720978,0.12472547590732574,0.5182552933692932,0.6008239984512329,-0.21947909891605377,0.9921594262123108,0.5313786268234253,0.6008514165878296,0.133438378572464,0.12945997714996338,0.5182175636291504,0.5942257642745972,-0.19502370059490204,0.9853675365447998,0.5312700271606445,0.5930003523826599,0.14190144836902618,0.13516002893447876,0.5378652811050415,0.5912702083587646,-0.10419760644435883,0.9997192621231079,0.5443647503852844,0.5950032472610474,0.1040506362915039,0.9992759227752686,0.5331056714057922,0.7205939292907715,-0.09326640516519547,0.9855018854141235,0.536675751209259,0.7189353704452515,0.09891677647829056,0.7690709829330444,0.5135893225669861,0.8478881120681763,-0.07479998469352722,0.9907559752464294,0.6147945523262024,0.808062732219696,0.1297975480556488,0.8943921327590942,0.5213297009468079,0.8708628416061401,-0.07708387821912766,0.9764770269393921,0.5953240394592285,0.8392559289932251,0.1296999454498291,0.8949761986732483,0.507847011089325,0.8759288191795349,-0.14918756484985352,0.98982834815979,0.551792323589325,0.8726815581321716,0.08476438373327255,0.9161290526390076
68,0.5130767822265625,0.3787359893321991,0.005946143064647913,0.9999629855155945,0.5190853476524353,0.3678106367588043,-0.010828637517988682,0.9999557733535767,0.5202917456626892,0.36776483058929443,-0.010849294252693653,0.9999627470970154,0.5216508507728577,0.3676289916038513,-0.010817951522767544,0.999971866607666,0.5194570422172546,0.36794722080230713,0.019726663827896118,0.9999306201934814,0.5207836031913757,0.367926687002182,0.019748836755752563,0.9999067187309265,0.5222890973091125,0.367715448141098,0.019739633426070213,0.9999209642410278,0.5315969586372375,0.3741760849952698,-0.05979079008102417,0.999972403049469,0.5326635837554932,0.3733966052532196,0.07651793211698532,0.9998037815093994,0.5157568454742432,0.3898076117038727,-0.009242442436516285,0.9999487996101379,0.5157436728477478,0.3902128338813782,0.029982998967170715,0.9998795986175537,0.535947322845459,0.4213429093360901,-0.1602793037891388,0.9999982118606567,0.5475342869758606,0.43449586629867554,0.17229396104812622,0.9995946288108826,0.527216911315918,0.498379111289978,-0.2266053408384323,0.9984269738197327,0.5478532910346985,0.5099356770515442,0.20254935324192047,0.05107831209897995,0.5130865573883057,0.5745200514793396,-0.2090928554534912,0.9965331554412842,0.5351359248161316,0.570313572883606,0.15535877645015717,0.10851603746414185,0.5111249685287476,0.595889151096344,-0.23574362695217133,0.9924718737602234,0.5292105674743652,0.5876379609107971,0.15951324999332428,0.1220235526561737,0.5078615546226501,0.5960931181907654,-0.22682690620422363,0.9914978742599487,0.5298629999160767,0.590692400932312,0.13104687631130219,0.12681888043880463,0.5086075067520142,0.5897262692451477,-0.2040265053510666,0.9842244386672974,0.5288365483283997,0.5809406042098999,0.14052852988243103,0.13205233216285706,0.530259907245636,0.5901778936386108,-0.10465343296527863,0.9997159242630005,0.5392062664031982,0.5932081341743469,0.10451116412878036,0.9991899132728577,0.5219594240188599,0.7194035649299622,-0.09344327449798584,0.9860131740570068,0.5232353806495667,0.714453935623169,0.10811755806207657,0.7785763740539551,0.5051000714302063,0.8484472632408142,-0.07145614176988602,0.9915850758552551,0.6015658974647522,0.80268394947052,0.1485452950000763,0.9016803503036499,0.5142627358436584,0.8722031712532043,-0.07309666275978088,0.9785455465316772,0.6019201278686523,0.806600034236908,0.14959801733493805,0.9025987982749939,0.46775174140930176,0.8761598467826843,-0.14628030359745026,0.9906993508338928,0.5782795548439026,0.8667144775390625,0.11120331287384033,0.9222207069396973
69,0.5079102516174316,0.37745028734207153,0.0053916918113827705,0.9999527931213379,0.5139610767364502,0.3669528663158417,-0.011425855569541454,0.9999463558197021,0.5149317979812622,0.3669591546058655,-0.011449684388935566,0.9999549388885498,0.5160104632377625,0.36689096689224243,-0.011414587497711182,0.9999659657478333,0.5147160291671753,0.3670186698436737,0.019251996651291847,0.9999116063117981,0.5160947442054749,0.36698827147483826,0.01927497237920761,0.9998819828033447,0.5176742672920227,0.36679807305336,0.019265813753008842,0.9999003410339355,0.5248188376426697,0.3736247420310974,-0.06052311509847641,0.9999651312828064,0.5269659161567688,0.3727278411388397,0.0759904757142067,0.9997508525848389,0.5097936987876892,0.38857439160346985,-0.009872418828308582,0.9999384880065918,0.5101114511489868,0.3889235556125641,0.029511477798223495,0.9998546242713928,0.5270191431045532,0.4202089309692383,-0.16385246813297272,0.999998152256012,0.5425438284873962,0.4327971935272217,0.17171917855739594,0.9995639324188232,0.5186651349067688,0.4985707402229309,-0.23445941507816315,0.9983264207839966,0.5445905923843384,0.5091646313667297,0.20314054191112518,0.0501234233379364,0.5012267827987671,0.5745454430580139,-0.2224322408437729,0.9963676333427429,0.5325644016265869,0.5689589977264404,0.15542671084403992,0.10324188321828842,0.496242880821228,0.5945993065834045,-0.24985313415527344,0.9922539591789246,0.5251045823097229,0.585798978805542,0.1593790501356125,0.11767211556434631,0.49323973059654236,0.5946753025054932,-0.240583136677742,0.9912462830543518,0.5234556198120117,0.5870653390884399,0.13102172315120697,0.1224103569984436,0.49497419595718384,0.5885887742042542,-0.21712179481983185,0.9836907386779785,0.520191490650177,0.580085813999176,0.14056411385536194,0.12726978957653046,0.526340663433075,0.5899652242660522,-0.10587267577648163,0.9997190833091736,0.5380812287330627,0.5916671752929688,0.10571013391017914,0.9991072416305542,0.5157316327095032,0.7167580127716064,-0.09387675672769547,0.9864810705184937,0.519002377986908,0.7102549076080322,0.11374733597040176,0.785088837146759,0.5050262808799744,0.8488761186599731,-0.07463446259498596,0.9923127293586731,0.5866996645927429,0.8021469116210938,0.15244217216968536,0.9071221947669983,0.5147260427474976,0.8738487958908081,-0.0763351172208786,0.9802678227424622,0.6026930212974548,0.803196132183075,0.15317854285240173,0.9084844589233398,0.461335152387619,0.8755618929862976,-0.1493082493543625,0.9914577603340149,0.5759522914886475,0.8639739751815796,0.11763116717338562,0.9271239638328552
70,0.5022404789924622,0.3774520754814148,0.013060473836958408,0.9999371767044067,0.5082395672798157,0.3669907748699188,-0.00536496564745903,0.9999309778213501,0.5091066956520081,0.36699116230010986,-0.00538793345913291,0.999942421913147,0.5100710988044739,0.3669181764125824,-0.0053452844731509686,0.999956488609314,0.5091367363929749,0.3670147955417633,0.025977248325943947,0.9998826384544373,0.5105633735656738,0.3669530749320984,0.026001734659075737,0.9998435378074646,0.5121611952781677,0.3667354881763458,0.02598114125430584,0.9998682737350464,0.5186339616775513,0.373439759016037,-0.0595313161611557,0.9999544620513916,0.5212718844413757,0.3725990653038025,0.07865741103887558,0.9996722936630249,0.5044142603874207,0.3884908854961395,-0.004417667631059885,0.9999220967292786,0.5050559639930725,0.388824999332428,0.036012280732393265,0.9998102784156799,0.5202630758285522,0.41835761070251465,-0.1647443175315857,0.999998152256012,0.5402250289916992,0.43214547634124756,0.17243197560310364,0.9995351433753967,0.5114336609840393,0.49860233068466187,-0.2420113980770111,0.9982612133026123,0.5402047038078308,0.5096088647842407,0.2059396356344223,0.04871954396367073,0.48748427629470825,0.5726046562194824,-0.24335670471191406,0.9962128400802612,0.5284523367881775,0.5703345537185669,0.15712665021419525,0.09932363033294678,0.48183032870292664,0.5916059017181396,-0.2727769613265991,0.9920385479927063,0.520402729511261,0.5864043831825256,0.15964318811893463,0.11480015516281128,0.4777025282382965,0.5916693210601807,-0.2636617124080658,0.9909892082214355,0.5167717337608337,0.586754322052002,0.13095420598983765,0.11943844705820084,0.4795601963996887,0.5858747363090515,-0.23822557926177979,0.9830538034439087,0.5157819986343384,0.5829757452011108,0.14158225059509277,0.12373947352170944,0.5163451433181763,0.5896226167678833,-0.10869619995355606,0.9997301697731018,0.5307623147964478,0.5917938351631165,0.10852953046560287,0.9990748167037964,0.5054212212562561,0.7143281698226929,-0.1064314916729927,0.9866963028907776,0.5104187726974487,0.7105950117111206,0.11280419677495956,0.7905377149581909,0.5031139254570007,0.8496199250221252,-0.09066632390022278,0.992946207523346,0.5728754997253418,0.8016513586044312,0.15081442892551422,0.9118515849113464,0.5143995881080627,0.8735746741294861,-0.09327040612697601,0.9817519783973694,0.5923975110054016,0.806227445602417,0.15154018998146057,0.9138175249099731,0.45324769616127014,0.8757908344268799,-0.1700962632894516,0.9921196103096008,0.5590850114822388,0.8604317307472229,0.11762991547584534,0.9315351247787476
71,0.496711790561676,0.3769279718399048,0.026989107951521873,0.9999029040336609,0.5025339126586914,0.36620935797691345,0.006400273647159338,0.9999015927314758,0.5033345222473145,0.36617913842201233,0.00636579655110836,0.9999183416366577,0.504227340221405,0.3660758137702942,0.006398471537977457,0.9999369382858276,0.5036481022834778,0.36618664860725403,0.03708949685096741,0.9998301267623901,0.5051571130752563,0.36606377363204956,0.0371149443089962,0.9997771978378296,0.5068181753158569,0.36579298973083496,0.03706507012248039,0.9998077154159546,0.5131429433822632,0.3724213242530823,-0.056601833552122116,0.9999294877052307,0.516198456287384,0.37162959575653076,0.08053547888994217,0.999542236328125,0.4989982843399048,0.3878381848335266,0.00744288507848978,0.9998785853385925,0.4999261796474457,0.3881804943084717,0.0469365119934082,0.9997004866600037,0.5144889950752258,0.41741466522216797,-0.162649467587471,0.9999980330467224,0.536525547504425,0.43164610862731934,0.17108416557312012,0.9994789958000183,0.5021432042121887,0.49710023403167725,-0.23652800917625427,0.9979521036148071,0.5413590669631958,0.5096040368080139,0.20365843176841736,0.04944954067468643,0.4757974445819855,0.5684877038002014,-0.23816095292568207,0.9955547451972961,0.5289411544799805,0.570305585861206,0.15754730999469757,0.09787243604660034,0.4689588248729706,0.5878521203994751,-0.26501840353012085,0.9910142421722412,0.5225156545639038,0.5852472186088562,0.16008169949054718,0.11415505409240723,0.465396523475647,0.5878618359565735,-0.25721293687820435,0.9898229837417603,0.5186686515808105,0.5867743492126465,0.13199344277381897,0.11861155182123184,0.468002051115036,0.5821614861488342,-0.23333464562892914,0.9808194041252136,0.5201161503791809,0.5809500217437744,0.1423746794462204,0.12196555733680725,0.5110160708427429,0.588494062423706,-0.10856930911540985,0.9997386932373047,0.524192214012146,0.5909417271614075,0.10837962478399277,0.9990219473838806,0.5012901425361633,0.7128811478614807,-0.10622090846300125,0.9862563610076904,0.5009231567382812,0.7081493139266968,0.11160743236541748,0.7932724952697754,0.5058056116104126,0.8496761322021484,-0.08457047492265701,0.9934185147285461,0.5473676323890686,0.8046838641166687,0.16281992197036743,0.9147147536277771,0.5153730511665344,0.872913122177124,-0.08735474944114685,0.9828510284423828,0.5675310492515564,0.8118937015533447,0.1652553826570511,0.9171754121780396,0.4613032341003418,0.8756982088088989,-0.16553620994091034,0.9926028847694397,0.526755154132843,0.8557422161102295,0.13351522386074066,0.9348368048667908
72,0.4912375509738922,0.376485139131546,0.041917044669389725,0.9998483657836914,0.4970932602882385,0.36574217677116394,0.02191542088985443,0.9998524188995361,0.4980267584323883,0.36567434668540955,0.021877914667129517,0.9998775124549866,0.49906033277511597,0.3655480146408081,0.021910466253757477,0.9999041557312012,0.4980081617832184,0.3657531440258026,0.051809679716825485,0.9997513294219971,0.49952688813209534,0.36561277508735657,0.051837243139743805,0.9996762275695801,0.5012416243553162,0.3653453588485718,0.05176891013979912,0.999722421169281,0.5081866979598999,0.3717748820781708,-0.04038442671298981,0.9998863339424133,0.5109047889709473,0.37115830183029175,0.09334953129291534,0.9993473887443542,0.4935982823371887,0.38735461235046387,0.022779613733291626,0.9997901320457458,0.49431121349334717,0.38773930072784424,0.06137561798095703,0.9994921088218689,0.5101607441902161,0.4153747856616974,-0.15160948038101196,0.9999979138374329,0.5318424105644226,0.43161508440971375,0.17616833746433258,0.9994205832481384,0.49530354142189026,0.494211882352829,-0.23159287869930267,0.9976595044136047,0.5418288111686707,0.5099496245384216,0.2046043872833252,0.0497504323720932,0.46659496426582336,0.5633167028427124,-0.23213623464107513,0.9946865439414978,0.5199338793754578,0.5715005993843079,0.16098672151565552,0.09647572040557861,0.45866748690605164,0.5843023657798767,-0.25883692502975464,0.989521324634552,0.5136929154396057,0.5879560708999634,0.16370216012001038,0.11292099207639694,0.4549703299999237,0.5850488543510437,-0.25109606981277466,0.9881189465522766,0.5076726078987122,0.5891059637069702,0.13626135885715485,0.11713285744190216,0.4578429162502289,0.5792266130447388,-0.2274518460035324,0.9776040315628052,0.5106213688850403,0.5827369093894958,0.14634843170642853,0.11999982595443726,0.505341649055481,0.5859232544898987,-0.10955360531806946,0.9997478723526001,0.5195929408073425,0.5890363454818726,0.10931456834077835,0.999001681804657,0.4922534227371216,0.7092947959899902,-0.10694767534732819,0.985761821269989,0.49027004837989807,0.7046024799346924,0.10993454605340958,0.790530800819397,0.50368732213974,0.8458878993988037,-0.08454330265522003,0.9936256408691406,0.5274267196655273,0.8074670433998108,0.16113972663879395,0.9129638075828552,0.5117008090019226,0.869086503982544,-0.08730939775705338,0.9829472303390503,0.5461855530738831,0.8173075914382935,0.16380347311496735,0.9165589213371277,0.4633641242980957,0.8753381967544556,-0.16467928886413574,0.9927814602851868,0.5052105188369751,0.8529786467552185,0.1297147125005722,0.9350221753120422
73,0.4872914254665375,0.37528032064437866,0.04409163445234299,0.9998124837875366,0.4928869903087616,0.3649682402610779,0.02387280762195587,0.9998235702514648,0.49358466267585754,0.3649168908596039,0.02382494881749153,0.9998525977134705,0.49436238408088684,0.3648286759853363,0.02385241538286209,0.9998836517333984,0.49416613578796387,0.36500412225723267,0.05404488742351532,0.9997053742408752,0.49569541215896606,0.36490339040756226,0.054066773504018784,0.9996187686920166,0.4973796010017395,0.3647097945213318,0.05399719625711441,0.9996723532676697,0.502865731716156,0.3709183633327484,-0.03831353411078453,0.9998630285263062,0.5066195726394653,0.37041687965393066,0.09593740105628967,0.999262809753418,0.48929357528686523,0.3861466646194458,0.02461814507842064,0.9997308850288391,0.4903603196144104,0.3865933120250702,0.0634198859333992,0.999369740486145,0.5033342242240906,0.4145446717739105,-0.15182556211948395,0.999997615814209,0.5288664698600769,0.43150225281715393,0.18046805262565613,0.9993642568588257,0.4852634072303772,0.4939758777618408,-0.21950139105319977,0.9976200461387634,0.529147744178772,0.510126531124115,0.20592638850212097,0.05044881999492645,0.4498662054538727,0.5625271797180176,-0.19288071990013123,0.9941532611846924,0.5011397004127502,0.5775429010391235,0.1625458300113678,0.09513209015130997,0.4426802694797516,0.5840047001838684,-0.2153659462928772,0.988355815410614,0.4960627555847168,0.5895096063613892,0.16644655168056488,0.1112671047449112,0.4401940405368805,0.5843302607536316,-0.20776699483394623,0.9868331551551819,0.4933297038078308,0.5898971557617188,0.13905362784862518,0.11519721895456314,0.44229480624198914,0.5784454345703125,-0.18756693601608276,0.9753642082214355,0.49288812279701233,0.5834859609603882,0.14811523258686066,0.1177239865064621,0.4998927116394043,0.585726797580719,-0.11110017448663712,0.9997387528419495,0.512509822845459,0.587848424911499,0.11083918809890747,0.9988982677459717,0.4896245300769806,0.708209753036499,-0.11116217076778412,0.984055757522583,0.47815611958503723,0.7029594779014587,0.10138032585382462,0.7802578210830688,0.5027366876602173,0.8445613384246826,-0.08992286026477814,0.9930283427238464,0.5074226260185242,0.8086221814155579,0.15185323357582092,0.8985878229141235,0.5151198506355286,0.8659965991973877,-0.09210941195487976,0.9819713234901428,0.5206246376037598,0.8257755637168884,0.15384767949581146,0.9082552790641785,0.4642868936061859,0.8751718401908875,-0.16596029698848724,0.9919845461845398,0.48457711935043335,0.8485185503959656,0.11878382414579391,0.9258437752723694
74,0.482258141040802,0.37463054060935974,0.04099823161959648,0.9998128414154053,0.48796626925468445,0.3645533621311188,0.022860828787088394,0.9998226165771484,0.4888090193271637,0.36452507972717285,0.02275921404361725,0.9998518824577332,0.4897286295890808,0.364472895860672,0.022806117311120033,0.9998825788497925,0.4888681471347809,0.3646431267261505,0.05328075960278511,0.9997055530548096,0.49032050371170044,0.36459386348724365,0.0533267967402935,0.9996193647384644,0.49193984270095825,0.3644722104072571,0.053242068737745285,0.9996715188026428,0.498593807220459,0.37051212787628174,-0.041495129466056824,0.9998642206192017,0.501822292804718,0.37013694643974304,0.09399843961000443,0.9992676973342896,0.48431819677352905,0.3854048550128937,0.02327495440840721,0.999728262424469,0.48490849137306213,0.3859001100063324,0.061675574630498886,0.9993704557418823,0.49830493330955505,0.4139295220375061,-0.15325073897838593,0.9999974966049194,0.5232028365135193,0.43181565403938293,0.18025489151477814,0.9993724822998047,0.47526901960372925,0.4934135675430298,-0.21412838995456696,0.997708261013031,0.5185258388519287,0.5103617310523987,0.20828630030155182,0.05232885107398033,0.437795490026474,0.5596044063568115,-0.18095389008522034,0.9941094517707825,0.4838942587375641,0.5766562819480896,0.16256286203861237,0.09705062210559845,0.43052902817726135,0.5817038416862488,-0.20428889989852905,0.9881004691123962,0.4805276095867157,0.5905282497406006,0.16637715697288513,0.11290911585092545,0.42803430557250977,0.5813733339309692,-0.19848838448524475,0.9865957498550415,0.47813576459884644,0.5910009145736694,0.138474702835083,0.11674768477678299,0.4303162395954132,0.5747649669647217,-0.1761828511953354,0.9749066829681396,0.4779970943927765,0.5845552086830139,0.14808808267116547,0.1186772882938385,0.49751967191696167,0.5838194489479065,-0.1104375347495079,0.9997363090515137,0.5032750368118286,0.5858727097511292,0.11015716940164566,0.998904824256897,0.49171745777130127,0.7066885828971863,-0.12099511921405792,0.9845624566078186,0.4624245762825012,0.7004271149635315,0.08989692479372025,0.7833334803581238,0.5010078549385071,0.8414962887763977,-0.10297859460115433,0.993162214756012,0.48858028650283813,0.8214518427848816,0.12688510119915009,0.8965421319007874,0.5125134587287903,0.8649666905403137,-0.10448165237903595,0.9821947813034058,0.49937868118286133,0.8458764553070068,0.12683241069316864,0.9038487076759338,0.46317532658576965,0.8749646544456482,-0.1774810254573822,0.9921787977218628,0.4559789001941681,0.8487809300422668,0.08436330407857895,0.9250683188438416
75,0.4755008816719055,0.3729477822780609,0.02226383239030838,0.9998204112052917,0.4812299311161041,0.3629767894744873,0.0035456367768347263,0.9998272657394409,0.48230764269828796,0.3629170358181,0.0034651414025574923,0.9998555779457092,0.4835200011730194,0.36284714937210083,0.0035027035046368837,0.999885618686676,0.48173093795776367,0.3631184697151184,0.03313444182276726,0.9997148513793945,0.4830520749092102,0.3630616366863251,0.033185385167598724,0.9996307492256165,0.4846296012401581,0.36293959617614746,0.03313697874546051,0.9996803998947144,0.4934179484844208,0.3688884675502777,-0.0493619330227375,0.9998701810836792,0.49537643790245056,0.36857473850250244,0.08363590389490128,0.999295175075531,0.47818225622177124,0.3835344612598419,0.0067863366566598415,0.999740719795227,0.47834065556526184,0.38393816351890564,0.04470665007829666,0.9993979334831238,0.4941558837890625,0.4128512144088745,-0.1614128202199936,0.9999975562095642,0.5142301321029663,0.4305819869041443,0.17990894615650177,0.9993965029716492,0.46962618827819824,0.49131447076797485,-0.21737776696681976,0.9978513121604919,0.5035931468009949,0.5080196857452393,0.20831046998500824,0.05352269858121872,0.42899399995803833,0.5553399324417114,-0.1845417022705078,0.9942620396614075,0.47024375200271606,0.5730127692222595,0.1618349403142929,0.09728839248418808,0.42052650451660156,0.5784962177276611,-0.20824070274829865,0.988222062587738,0.46689048409461975,0.5886496901512146,0.16528718173503876,0.11239175498485565,0.41731613874435425,0.577908992767334,-0.20249126851558685,0.9867652654647827,0.4634157717227936,0.5890669226646423,0.13759037852287292,0.1161794438958168,0.42018061876296997,0.571105420589447,-0.17965656518936157,0.9751479029655457,0.46327725052833557,0.5818549394607544,0.14730426669120789,0.11771050095558167,0.49431294202804565,0.5785229802131653,-0.10937120765447617,0.9997465014457703,0.49425724148750305,0.5794979333877563,0.10908488929271698,0.998969554901123,0.49053525924682617,0.7048726677894592,-0.12507261335849762,0.9855797290802002,0.44861385226249695,0.6961694955825806,0.07524736225605011,0.796757698059082,0.5013454556465149,0.8417002558708191,-0.10649659484624863,0.9935387372970581,0.4654635488986969,0.8218598961830139,0.11607949435710907,0.9009053707122803,0.5110968947410583,0.8644288778305054,-0.10783127695322037,0.9819195866584778,0.4786606431007385,0.8456721305847168,0.11608295142650604,0.9032639265060425,0.4619191586971283,0.8749790191650391,-0.1873096078634262,0.9925756454467773,0.4273291528224945,0.8511356711387634,0.06907245516777039,0.9275897145271301
76,0.47063151001930237,0.3730599582195282,0.0009176930179819465,0.999830424785614,0.4769063889980316,0.3631286025047302,-0.018080979585647583,0.9998341798782349,0.4780953824520111,0.36306390166282654,-0.018152991309762,0.9998608827590942,0.4794495105743408,0.3629879355430603,-0.01813698373734951,0.9998900890350342,0.4770428538322449,0.36326587200164795,0.010847511701285839,0.9997291564941406,0.4782368838787079,0.363203763961792,0.010906954295933247,0.9996474981307983,0.4796893000602722,0.363080769777298,0.010881081223487854,0.9996935725212097,0.4892755448818207,0.3686489462852478,-0.06266901642084122,0.9998776316642761,0.4902476668357849,0.368498295545578,0.06761150807142258,0.9993261694908142,0.4736354947090149,0.38364604115486145,-0.011613347567617893,0.9997531175613403,0.47338733077049255,0.38408395648002625,0.02580750547349453,0.9994250535964966,0.48947009444236755,0.41111522912979126,-0.16846846044063568,0.999997615814209,0.5067117810249329,0.4234374165534973,0.16938349604606628,0.9994184374809265,0.4662390947341919,0.4865187704563141,-0.22803995013237,0.9980080127716064,0.5112485289573669,0.5078956484794617,0.1935327649116516,0.05931521952152252,0.4202158749103546,0.5494491457939148,-0.19709353148937225,0.9943981170654297,0.48940765857696533,0.5737603902816772,0.14570756256580353,0.09846270829439163,0.41026654839515686,0.5737999677658081,-0.2188224047422409,0.9882745742797852,0.4866604804992676,0.5923967957496643,0.14881816506385803,0.11168881505727768,0.40740689635276794,0.5740091800689697,-0.2137404978275299,0.9868793487548828,0.48320189118385315,0.5912743210792542,0.12340665608644485,0.11512002348899841,0.41069167852401733,0.5662131309509277,-0.19161437451839447,0.9751173853874207,0.4829479455947876,0.5852071642875671,0.13220655918121338,0.11602561920881271,0.48899564146995544,0.5774176120758057,-0.10902989655733109,0.9997619390487671,0.48390084505081177,0.5795080661773682,0.10876183956861496,0.9990412592887878,0.4910825192928314,0.7054506540298462,-0.13464684784412384,0.9865785837173462,0.4410044550895691,0.697394847869873,0.06019467115402222,0.8105667233467102,0.5018749237060547,0.8421044945716858,-0.11650911718606949,0.993958055973053,0.4364790916442871,0.8264861702919006,0.10293389111757278,0.907985270023346,0.5127544403076172,0.8665658831596375,-0.11853523552417755,0.9817945957183838,0.4446944296360016,0.8520922064781189,0.10245507955551147,0.9072972536087036,0.4610181152820587,0.875331461429596,-0.20852303504943848,0.9930636286735535,0.3905332088470459,0.8523834347724915,0.04730300232768059,0.9325258135795593
77,0.4659590721130371,0.37390705943107605,0.005643349606543779,0.9998419284820557,0.4715651571750641,0.36395463347435,-0.01652776636183262,0.9998443722724915,0.4727468192577362,0.3638308346271515,-0.016515057533979416,0.9998685717582703,0.47410836815834045,0.3637097179889679,-0.01644798554480076,0.9998963475227356,0.47147879004478455,0.36406809091567993,0.016438692808151245,0.9997484087944031,0.4724780023097992,0.3639638423919678,0.016479432582855225,0.9996711015701294,0.4737009108066559,0.36382752656936646,0.01644713059067726,0.9997140169143677,0.48375576734542847,0.36870691180229187,-0.04349783435463905,0.9998862147331238,0.4841184914112091,0.36861780285835266,0.07521019130945206,0.9993704557418823,0.46906542778015137,0.38457587361335754,-0.004757694900035858,0.999767541885376,0.4685038924217224,0.3851858973503113,0.02619062550365925,0.9994611144065857,0.48288464546203613,0.4110592007637024,-0.14465203881263733,0.999997615814209,0.5032144784927368,0.4239952564239502,0.18106389045715332,0.9994480013847351,0.4581834375858307,0.48707884550094604,-0.1948995143175125,0.9981006979942322,0.5006711483001709,0.5077113509178162,0.19783759117126465,0.06439927965402603,0.4091298282146454,0.5492849946022034,-0.15720978379249573,0.9940463304519653,0.48511412739753723,0.5787990093231201,0.15225796401500702,0.09669186919927597,0.3990594148635864,0.5725409388542175,-0.1779322624206543,0.9872671365737915,0.4830048084259033,0.6035555601119995,0.15605716407299042,0.1079699769616127,0.397335410118103,0.573078989982605,-0.1729808747768402,0.9858560562133789,0.48006635904312134,0.6028060913085938,0.13410338759422302,0.11105334013700485,0.4006778299808502,0.5661388039588928,-0.15244261920452118,0.9731199741363525,0.47800910472869873,0.5907561182975769,0.14056265354156494,0.11178751289844513,0.4825350344181061,0.5772139430046082,-0.10567644983530045,0.9997742772102356,0.47900864481925964,0.5801371335983276,0.10544350743293762,0.9991084933280945,0.4893473982810974,0.7058566808700562,-0.1370638757944107,0.9873093366622925,0.4348130524158478,0.6986021995544434,0.06049587205052376,0.8205480575561523,0.5015977025032043,0.8421279191970825,-0.1254550963640213,0.9941359162330627,0.4110022485256195,0.8327161073684692,0.07905738055706024,0.9139934182167053,0.5115408897399902,0.8665704131126404,-0.12783513963222504,0.9807565808296204,0.41718459129333496,0.8590444922447205,0.07611240446567535,0.9104001522064209,0.4616990387439728,0.8751911520957947,-0.21306201815605164,0.9933030605316162,0.3656245470046997,0.8483676910400391,0.01735011301934719,0.9363411664962769
78,0.458586722612381,0.3741098940372467,0.02885759435594082,0.9998510479927063,0.46450430154800415,0.3641856014728546,0.008623143658041954,0.9998524188995361,0.4656364917755127,0.36405935883522034,0.008567092008888721,0.9998740553855896,0.4669279158115387,0.3639344871044159,0.008586573414504528,0.9999005198478699,0.46454691886901855,0.3642849326133728,0.03903244063258171,0.9997647404670715,0.4656011164188385,0.36417827010154724,0.03908190131187439,0.9996918439865112,0.46688342094421387,0.36404183506965637,0.039049919694662094,0.9997320771217346,0.47704872488975525,0.36875590682029724,-0.038725074380636215,0.9998921155929565,0.4779687225818634,0.3686458468437195,0.0909353569149971,0.9994062185287476,0.46182259917259216,0.3849496841430664,0.013440903276205063,0.9997762441635132,0.46146923303604126,0.3856077492237091,0.0501253604888916,0.9994882345199585,0.4769724905490875,0.4114920496940613,-0.14144191145896912,0.9999972581863403,0.4961489737033844,0.42629820108413696,0.1835242509841919,0.9994746446609497,0.4522912800312042,0.48784583806991577,-0.17887704074382782,0.998126208782196,0.49528369307518005,0.5079889893531799,0.20576493442058563,0.07329247891902924,0.4020853638648987,0.5502001047134399,-0.11866862326860428,0.9928513169288635,0.48036646842956543,0.5809627771377563,0.17114824056625366,0.09713615477085114,0.39112934470176697,0.57170569896698,-0.13426893949508667,0.9847033023834229,0.4834806025028229,0.6091098785400391,0.17707720398902893,0.10640139132738113,0.3897174894809723,0.5721321105957031,-0.13086025416851044,0.9832289218902588,0.48025768995285034,0.6078138947486877,0.1554611623287201,0.10926004499197006,0.3937295079231262,0.5659956336021423,-0.11376845836639404,0.9686334133148193,0.47408342361450195,0.5925331711769104,0.15980884432792664,0.10975169390439987,0.47596466541290283,0.5778750777244568,-0.10336780548095703,0.9997838139533997,0.4734526574611664,0.5802658200263977,0.10310958325862885,0.9991715550422668,0.48772677779197693,0.7081615924835205,-0.13058975338935852,0.9880788922309875,0.42734986543655396,0.7038729190826416,0.07597170770168304,0.8288986682891846,0.5015448331832886,0.8437547087669373,-0.11589781194925308,0.9943311810493469,0.38773438334465027,0.836185097694397,0.09364312887191772,0.9201599955558777,0.5100663900375366,0.866591215133667,-0.1180817112326622,0.9801285266876221,0.39064690470695496,0.8622087836265564,0.09030701965093613,0.9137023687362671,0.46264350414276123,0.8760272860527039,-0.20002369582653046,0.9935303330421448,0.3384201228618622,0.8383985757827759,0.0327119305729866,0.9402500987052917
79,0.45330917835235596,0.37587177753448486,0.031256143003702164,0.9998613595962524,0.45853811502456665,0.36579760909080505,0.01151498407125473,0.9998623132705688,0.45956188440322876,0.36571118235588074,0.011454404331743717,0.9998815059661865,0.46075543761253357,0.36561256647109985,0.011471710167825222,0.9999064803123474,0.4586065709590912,0.36576685309410095,0.04172028228640556,0.9997822046279907,0.4595738351345062,0.3656301200389862,0.041767604649066925,0.9997142553329468,0.4607711434364319,0.3654581606388092,0.04174761101603508,0.999751627445221,0.4706093668937683,0.3697238862514496,-0.040387559682130814,0.9998988509178162,0.4716515839099884,0.36938178539276123,0.09280072152614594,0.9994430541992188,0.4565797746181488,0.3864794075489044,0.014551731757819653,0.9997876882553101,0.4563864767551422,0.38706454634666443,0.052818626165390015,0.9995190501213074,0.4726109802722931,0.41240760684013367,-0.14427629113197327,0.9999969601631165,0.49158456921577454,0.4298924505710602,0.18339389562606812,0.9994966983795166,0.44923773407936096,0.48833996057510376,-0.18295405805110931,0.9981495141983032,0.49285888671875,0.5090272426605225,0.21000713109970093,0.08039524406194687,0.39987993240356445,0.5491155385971069,-0.1193506121635437,0.9919092059135437,0.47654101252555847,0.5817837119102478,0.1762218028306961,0.0971669852733612,0.38820692896842957,0.5698444247245789,-0.13485242426395416,0.982611358165741,0.4771016538143158,0.6072501540184021,0.18294167518615723,0.10504238307476044,0.38644516468048096,0.5701838135719299,-0.12919923663139343,0.9811487197875977,0.4706055521965027,0.6070932745933533,0.16011600196361542,0.10777933895587921,0.39126381278038025,0.5639899969100952,-0.11332891136407852,0.9649401903152466,0.4688837230205536,0.5927380323410034,0.16451925039291382,0.10786483436822891,0.4679068624973297,0.5822097063064575,-0.10328027606010437,0.9997947812080383,0.4664064347743988,0.5847187638282776,0.10301915556192398,0.9992315769195557,0.4841466248035431,0.7113933563232422,-0.13024814426898956,0.9888873100280762,0.4204086363315582,0.7070215940475464,0.09155402332544327,0.8388880491256714,0.5018385052680969,0.8437389135360718,-0.11020465940237045,0.9946662783622742,0.36901557445526123,0.8344784379005432,0.10133688896894455,0.926625669002533,0.5120099782943726,0.8667666912078857,-0.11040579527616501,0.980373203754425,0.36897850036621094,0.8624248504638672,0.09977038204669952,0.9176791906356812,0.464249849319458,0.8771235942840576,-0.18654972314834595,0.9938958883285522,0.3202070891857147,0.8265169858932495,0.046526893973350525,0.9445362091064453
80,0.44798046350479126,0.37621110677719116,0.06722867488861084,0.9998704791069031,0.45239609479904175,0.36612170934677124,0.04808187112212181,0.9998713731765747,0.45319536328315735,0.36601173877716064,0.04802529886364937,0.99988853931427,0.45412006974220276,0.3658789396286011,0.04803619533777237,0.999911904335022,0.45330414175987244,0.36611756682395935,0.07670192420482635,0.9997981190681458,0.45458856225013733,0.3659818172454834,0.0767379030585289,0.9997351169586182,0.4561353027820587,0.36581289768218994,0.0767098218202591,0.9997695088386536,0.4640218913555145,0.36974310874938965,-0.010522650554776192,0.9999052286148071,0.46698808670043945,0.3694858253002167,0.11812259256839752,0.9994785189628601,0.450933039188385,0.3870236575603485,0.048457659780979156,0.9997982382774353,0.4516739845275879,0.3877730667591095,0.08539120852947235,0.9995478987693787,0.4658057689666748,0.41305673122406006,-0.12033711373806,0.9999968409538269,0.49247658252716064,0.4306110143661499,0.20196376740932465,0.9995082020759583,0.44467076659202576,0.4885469973087311,-0.14453087747097015,0.9982020854949951,0.49673137068748474,0.51761394739151,0.23947185277938843,0.08310319483280182,0.39647620916366577,0.5495365262031555,-0.06900817155838013,0.9914195537567139,0.47107994556427,0.5815790295600891,0.21627821028232574,0.09486863017082214,0.3841151297092438,0.5698978304862976,-0.08172959089279175,0.981453537940979,0.4693587124347687,0.6037693023681641,0.22379747033119202,0.10167038440704346,0.38183221220970154,0.5700249075889587,-0.07821081578731537,0.9800251126289368,0.46398213505744934,0.6020105481147766,0.20124377310276031,0.10430888086557388,0.38649052381515503,0.563877284526825,-0.06346822530031204,0.9629151821136475,0.463550865650177,0.5923377275466919,0.20473958551883698,0.10440512746572495,0.46237125992774963,0.5821622014045715,-0.10256750881671906,0.9998071789741516,0.46434035897254944,0.5853462815284729,0.1022602766752243,0.9992898106575012,0.47896674275398254,0.7124329805374146,-0.12028367072343826,0.9895044565200806,0.4158194959163666,0.7082483172416687,0.09158177673816681,0.8465321063995361,0.5010820627212524,0.8438932299613953,-0.10105385631322861,0.9948834180831909,0.3570212423801422,0.8329966068267822,0.103676937520504,0.9320425987243652,0.5129833221435547,0.8668058514595032,-0.10092382878065109,0.9797746539115906,0.355099081993103,0.8599269986152649,0.10166265070438385,0.9202319383621216,0.4647933840751648,0.8788974285125732,-0.17697927355766296,0.9940751194953918,0.3110509216785431,0.8227576613426208,0.04711905121803284,0.9478896260261536
81,0.43975427746772766,0.3762269616127014,0.024151325225830078,0.9998785257339478,0.4453583359718323,0.3661881685256958,0.003975506406277418,0.9998790621757507,0.44646990299224854,0.3661099672317505,0.0039306702092289925,0.9998945593833923,0.4477204978466034,0.3660039007663727,0.003960626665502787,0.999916672706604,0.44597959518432617,0.36615410447120667,0.03533805534243584,0.9998120665550232,0.4473409950733185,0.3660268783569336,0.03535855934023857,0.9997537136077881,0.448857843875885,0.3658669590950012,0.03533415496349335,0.9997857809066772,0.4581526219844818,0.3700297772884369,-0.05339254066348076,0.9999105334281921,0.4601301848888397,0.36965522170066833,0.08748643845319748,0.9995083808898926,0.4430161118507385,0.3870791792869568,0.005468772258609533,0.9998081922531128,0.44354552030563354,0.38781413435935974,0.046038586646318436,0.9995750188827515,0.4612126648426056,0.4165976941585541,-0.16222164034843445,0.9999964833259583,0.47889891266822815,0.4337575137615204,0.1847732812166214,0.9995258450508118,0.43881848454475403,0.49122554063796997,-0.17790856957435608,0.9981449246406555,0.4783039093017578,0.5189644694328308,0.23079006373882294,0.08120661973953247,0.3913540840148926,0.5501276254653931,-0.113071970641613,0.9902980923652649,0.4582323133945465,0.5814379453659058,0.1990325152873993,0.09071362763643265,0.3789847791194916,0.5706573724746704,-0.13086089491844177,0.9790626764297485,0.4530085027217865,0.6036189794540405,0.20411735773086548,0.09717872738838196,0.37662121653556824,0.5705840587615967,-0.12495128810405731,0.9776138067245483,0.4512201249599457,0.5983906388282776,0.17462711036205292,0.09983113408088684,0.3809003233909607,0.5644117593765259,-0.1070452332496643,0.9587847590446472,0.451109915971756,0.59186851978302,0.18480916321277618,0.0998513400554657,0.45434266328811646,0.5896199345588684,-0.10317272692918777,0.9998124837875366,0.45157742500305176,0.592730700969696,0.10286498814821243,0.9993376731872559,0.4758968949317932,0.7159540057182312,-0.0960567370057106,0.9902517795562744,0.4025067985057831,0.7117658853530884,0.11449214816093445,0.8567264676094055,0.5004221796989441,0.843851625919342,-0.05155230313539505,0.9952260255813599,0.3470262587070465,0.8322573900222778,0.14989271759986877,0.9375876784324646,0.5133949518203735,0.8667572140693665,-0.04987287148833275,0.9800337553024292,0.3465675115585327,0.8595226407051086,0.14929017424583435,0.9232844710350037,0.46553751826286316,0.8792804479598999,-0.12877067923545837,0.9944304823875427,0.2998708188533783,0.826300323009491,0.09287962317466736,0.9516963958740234
82,0.43407392501831055,0.37623846530914307,0.010267654433846474,0.9998866319656372,0.4397280812263489,0.3662716746330261,-0.010125689208507538,0.9998865127563477,0.4407179653644562,0.36619219183921814,-0.010166379623115063,0.9999009966850281,0.4418390691280365,0.3660842776298523,-0.01013256423175335,0.9999215006828308,0.44051021337509155,0.3662169575691223,0.021842584013938904,0.9998254179954529,0.4418231248855591,0.3660828471183777,0.02186773344874382,0.9997718930244446,0.4433155655860901,0.3659229278564453,0.021841702982783318,0.9998012185096741,0.452753484249115,0.37014085054397583,-0.06734058260917664,0.9999165534973145,0.45490482449531555,0.36979928612709045,0.07691505551338196,0.9995400905609131,0.43730446696281433,0.38715288043022156,-0.00791811104863882,0.9998205900192261,0.4381527304649353,0.38786908984184265,0.03354865312576294,0.9996052384376526,0.45586714148521423,0.4184010624885559,-0.17686282098293304,0.999996542930603,0.47209709882736206,0.43547049164772034,0.179080531001091,0.9995506405830383,0.4343350827693939,0.4948212802410126,-0.209042027592659,0.998212993144989,0.47441786527633667,0.519568681716919,0.22710107266902924,0.08182577788829803,0.38721412420272827,0.5506256818771362,-0.13497744500637054,0.9904683828353882,0.45146510004997253,0.5817840099334717,0.19156241416931152,0.08945425599813461,0.37354156374931335,0.5709640979766846,-0.15749163925647736,0.9793079495429993,0.4500652551651001,0.6053569912910461,0.1913585662841797,0.09531556814908981,0.3708515167236328,0.5709635019302368,-0.15087825059890747,0.9778889417648315,0.44619426131248474,0.5983763337135315,0.16045919060707092,0.09803185611963272,0.3744851052761078,0.5647914409637451,-0.12754960358142853,0.9589402079582214,0.4458891451358795,0.5923058986663818,0.17540337145328522,0.09776971489191055,0.4476969838142395,0.5958501696586609,-0.10497927665710449,0.9998180270195007,0.4426550567150116,0.5982609391212463,0.10466935485601425,0.9993792772293091,0.4727694094181061,0.7205455303192139,-0.08925904333591461,0.9910957217216492,0.3944772779941559,0.7187784910202026,0.12604984641075134,0.8677897453308105,0.5003364086151123,0.8438617587089539,-0.03806952387094498,0.9956222772598267,0.34421852231025696,0.8356624245643616,0.16823172569274902,0.9430408477783203,0.5130975842475891,0.8667523860931396,-0.036409709602594376,0.9808324575424194,0.3443678617477417,0.86344313621521,0.16763918101787567,0.92735356092453,0.4646419882774353,0.8791592121124268,-0.11934126913547516,0.9948559999465942,0.2939750552177429,0.8297288417816162,0.10898715257644653,0.9556310772895813
83,0.42893266677856445,0.37609124183654785,-0.0037358938716351986,0.9998936653137207,0.43452900648117065,0.36624976992607117,-0.024233940988779068,0.9998928308486938,0.43534421920776367,0.3661678433418274,-0.024270955473184586,0.9999065399169922,0.4362732172012329,0.3660711348056793,-0.02423589676618576,0.9999256730079651,0.4357765316963196,0.36621665954589844,0.007938774302601814,0.9998363256454468,0.43727368116378784,0.3660893142223358,0.00797200482338667,0.9997866749763489,0.438990980386734,0.3659381568431854,0.007957401685416698,0.9998137354850769,0.4462619423866272,0.37020325660705566,-0.08106555789709091,0.9999220371246338,0.4497351348400116,0.3700147569179535,0.06440261006355286,0.9995642304420471,0.4318731725215912,0.3870756924152374,-0.02152414619922638,0.9998318552970886,0.4332946538925171,0.38780030608177185,0.020267579704523087,0.9996320009231567,0.4474150240421295,0.41908198595046997,-0.18907544016838074,0.9999966621398926,0.46563905477523804,0.4354194402694702,0.16947196424007416,0.9995726943016052,0.4276011884212494,0.4967409670352936,-0.2284928411245346,0.9982953071594238,0.4667729139328003,0.5190402269363403,0.21654245257377625,0.08162933588027954,0.38300561904907227,0.5559591054916382,-0.16758720576763153,0.9908568263053894,0.4419078230857849,0.5803907513618469,0.17506514489650726,0.08760472387075424,0.3703583776950836,0.5788438320159912,-0.19208762049674988,0.9800006151199341,0.43731793761253357,0.6050028204917908,0.17599816620349884,0.09287580847740173,0.3674696683883667,0.5781530737876892,-0.18517310917377472,0.9786317348480225,0.43557924032211304,0.5979318022727966,0.1455807238817215,0.09562792629003525,0.3713033199310303,0.571390688419342,-0.16130150854587555,0.9599775075912476,0.43743449449539185,0.5913776159286499,0.15901343524456024,0.09512121975421906,0.43745091557502747,0.5960534811019897,-0.10556656122207642,0.9998227953910828,0.43427982926368713,0.5980883240699768,0.105268694460392,0.9994164109230042,0.46654391288757324,0.7215124368667603,-0.07918239384889603,0.9918632507324219,0.3910955488681793,0.7196856141090393,0.13035500049591064,0.8781630992889404,0.498652845621109,0.8416255712509155,-0.01654447428882122,0.9959944486618042,0.3437861204147339,0.8373175263404846,0.17898058891296387,0.948036253452301,0.511318027973175,0.8639792203903198,-0.013728415593504906,0.9816504716873169,0.3445512354373932,0.8651712536811829,0.17870843410491943,0.9310128092765808,0.4618309736251831,0.8790345788002014,-0.09931160509586334,0.9952724575996399,0.29454705119132996,0.8361449241638184,0.11693231761455536,0.959296703338623
84,0.4242692291736603,0.3761543035507202,0.0018512438982725143,0.999901533126831,0.4297806918621063,0.36633145809173584,-0.01814691163599491,0.9999001622200012,0.43063560128211975,0.366260290145874,-0.018186157569289207,0.9999127984046936,0.43165072798728943,0.36619511246681213,-0.01815437711775303,0.9999305605888367,0.4305807948112488,0.3662888705730438,0.014176677912473679,0.9998481273651123,0.43186718225479126,0.36616063117980957,0.014214818365871906,0.9998020529747009,0.4334297180175781,0.36602479219436646,0.014202932827174664,0.9998273253440857,0.44171226024627686,0.3708980679512024,-0.07365498691797256,0.9999278783798218,0.44397833943367004,0.37065407633781433,0.07105639576911926,0.9995905160903931,0.4271988570690155,0.38736483454704285,-0.015604700893163681,0.9998436570167542,0.4280376732349396,0.3880425691604614,0.02642706036567688,0.9996597170829773,0.44250935316085815,0.4210006594657898,-0.18248383700847626,0.9999967217445374,0.45778512954711914,0.435832142829895,0.17200720310211182,0.9995973706245422,0.42166292667388916,0.5001544952392578,-0.2258290797472,0.9983260035514832,0.4518949091434479,0.5187615156173706,0.21776825189590454,0.07920754700899124,0.3802606463432312,0.5607793927192688,-0.16805461049079895,0.9911331534385681,0.43049144744873047,0.5798042416572571,0.17295542359352112,0.08553335070610046,0.3684913218021393,0.5844526886940002,-0.19227328896522522,0.9805094003677368,0.41488924622535706,0.6049556136131287,0.17422232031822205,0.09061945229768753,0.3661632835865021,0.5840548872947693,-0.18547239899635315,0.9791877269744873,0.41164132952690125,0.5986895561218262,0.14332225918769836,0.09346654266119003,0.3707813024520874,0.5769190192222595,-0.16218209266662598,0.9607285261154175,0.42158734798431396,0.5904463529586792,0.15635132789611816,0.09290404617786407,0.4287168085575104,0.5959522724151611,-0.10567232221364975,0.9998266696929932,0.4240662157535553,0.5977621674537659,0.10539157688617706,0.9994547367095947,0.4612703025341034,0.7215160727500916,-0.0867312103509903,0.9925435781478882,0.3837319016456604,0.723822832107544,0.1213182657957077,0.8873626589775085,0.49635258316993713,0.8400536179542542,-0.030572516843676567,0.9963215589523315,0.3376728594303131,0.8410707712173462,0.16049520671367645,0.9525421261787415,0.5115994215011597,0.8608059287071228,-0.02820337750017643,0.9822217226028442,0.3398219645023346,0.8692659139633179,0.15929293632507324,0.9344847202301025,0.46119391918182373,0.8791388273239136,-0.11365501582622528,0.9956464171409607,0.2854905128479004,0.8468112349510193,0.10219816118478775,0.9625774025917053
85,0.41837388277053833,0.3767186999320984,0.00627503264695406,0.9999090433120728,0.42360183596611023,0.36690691113471985,-0.013277971185743809,0.9999072551727295,0.4245053827762604,0.3668254613876343,-0.013325432315468788,0.9999188184738159,0.42555198073387146,0.36677682399749756,-0.01330255251377821,0.9999354481697083,0.4241996109485626,0.36685407161712646,0.016818713396787643,0.9998592138290405,0.4253755807876587,0.3667105436325073,0.016849156469106674,0.9998161196708679,0.4267849326133728,0.36659595370292664,0.016814278438687325,0.9998400211334229,0.43612027168273926,0.371778279542923,-0.06785598397254944,0.9999335408210754,0.4377094507217407,0.37163183093070984,0.08045771718025208,0.9996155500411987,0.42140743136405945,0.3882087469100952,-0.010711463168263435,0.9998549818992615,0.4221041202545166,0.3889017403125763,0.02740672416985035,0.9996860027313232,0.43786805868148804,0.42086198925971985,-0.17839382588863373,0.9999969005584717,0.4541219174861908,0.4364897608757019,0.18940706551074982,0.9996233582496643,0.4164479374885559,0.500676691532135,-0.23487627506256104,0.9983718991279602,0.4503360390663147,0.5195704102516174,0.2288745641708374,0.0779746025800705,0.37889471650123596,0.5670961141586304,-0.19434112310409546,0.9914944767951965,0.4251437783241272,0.5802372097969055,0.1789049357175827,0.08470889180898666,0.3684207499027252,0.5898668169975281,-0.22052347660064697,0.9812309741973877,0.41881540417671204,0.6029232740402222,0.1832420527935028,0.08945110440254211,0.367146372795105,0.5894332528114319,-0.21096564829349518,0.9799702167510986,0.4042581021785736,0.5986582040786743,0.15210509300231934,0.09244506806135178,0.37140893936157227,0.5830692052841187,-0.1878858059644699,0.9618319272994995,0.41356173157691956,0.5906176567077637,0.16273465752601624,0.09178003668785095,0.41869840025901794,0.5950838327407837,-0.10923178493976593,0.9998300075531006,0.4192788898944855,0.5972349643707275,0.108995221555233,0.9994885325431824,0.44935792684555054,0.7203039526939392,-0.10035780072212219,0.9931536316871643,0.3787515461444855,0.7257383465766907,0.11885501444339752,0.8951010704040527,0.49358800053596497,0.835663378238678,-0.04054608568549156,0.9966168999671936,0.336344838142395,0.8428032398223877,0.1535632312297821,0.9564631581306458,0.5112601518630981,0.856131911277771,-0.04154025390744209,0.9827492237091064,0.3389851450920105,0.8714813590049744,0.15204058587551117,0.9376681447029114,0.4587230682373047,0.8792603015899658,-0.11593567579984665,0.9959936738014221,0.2845212519168854,0.8545949459075928,0.09667116403579712,0.9654135704040527
86,0.41274401545524597,0.3767773509025574,0.00845432560890913,0.9999158978462219,0.4186360239982605,0.36695605516433716,-0.011349759995937347,0.9999135732650757,0.4195481538772583,0.36687058210372925,-0.011387268081307411,0.9999241232872009,0.42057156562805176,0.3668234348297119,-0.01135285384953022,0.9999396800994873,0.41936156153678894,0.36692458391189575,0.019821172580122948,0.9998694658279419,0.4206309914588928,0.3667930066585541,0.01985461451113224,0.9998291730880737,0.4220951199531555,0.36669978499412537,0.01982916332781315,0.9998517632484436,0.430593341588974,0.3721187710762024,-0.06605766713619232,0.9999385476112366,0.4324232339859009,0.37216562032699585,0.08170341700315475,0.9996383190155029,0.41464096307754517,0.3882884681224823,-0.008560964837670326,0.9998648762702942,0.41547879576683044,0.3889886736869812,0.030955398455262184,0.9997094869613647,0.42958584427833557,0.4208308160305023,-0.17713351547718048,0.9999969601631165,0.4470154941082001,0.43711891770362854,0.1925148218870163,0.9996458292007446,0.410569965839386,0.5007981657981873,-0.2368624210357666,0.9983978867530823,0.44498640298843384,0.5204645395278931,0.22733667492866516,0.07600215822458267,0.3783091604709625,0.5700615644454956,-0.20186235010623932,0.9918179512023926,0.42165273427963257,0.5806289315223694,0.17834441363811493,0.08393900841474533,0.3692269027233124,0.5936830639839172,-0.22779768705368042,0.9819110035896301,0.41196566820144653,0.6010826230049133,0.1821700930595398,0.08858849853277206,0.36740076541900635,0.5933738350868225,-0.21829654276371002,0.9806947112083435,0.40532755851745605,0.5985403656959534,0.15172931551933289,0.09171270579099655,0.37106770277023315,0.5867127776145935,-0.19562985002994537,0.9629417061805725,0.4102853238582611,0.5909326076507568,0.16223487257957458,0.09091147780418396,0.4079853892326355,0.5946009159088135,-0.11097414791584015,0.9998341202735901,0.40994423627853394,0.5978004336357117,0.11077041923999786,0.9995250105857849,0.43568357825279236,0.7182808518409729,-0.1259816586971283,0.9937583804130554,0.3731508255004883,0.7254588603973389,0.11620453000068665,0.9031851291656494,0.4891984760761261,0.8320580720901489,-0.07369331270456314,0.9969059228897095,0.3360806405544281,0.8430946469306946,0.13339751958847046,0.9603195786476135,0.5083369016647339,0.8502719402313232,-0.07118584960699081,0.9835964441299438,0.33883580565452576,0.870425820350647,0.12876209616661072,0.9416602253913879,0.45638400316238403,0.8792322874069214,-0.13787871599197388,0.9963334798812866,0.2846057713031769,0.8604389429092407,0.06791689246892929,0.9682618975639343
87,0.4088376760482788,0.37681081891059875,0.009864181280136108,0.9999192357063293,0.4148269593715668,0.3670661151409149,-0.009984440170228481,0.9999150037765503,0.41567689180374146,0.3669658899307251,-0.010019883513450623,0.9999247789382935,0.4165908098220825,0.366907000541687,-0.009983622469007969,0.9999402761459351,0.4155869483947754,0.36707836389541626,0.021385975182056427,0.9998732209205627,0.4169502258300781,0.3669731318950653,0.021420059725642204,0.9998325109481812,0.41852524876594543,0.36691197752952576,0.021397117525339127,0.9998558759689331,0.42570972442626953,0.3724267780780792,-0.06470783054828644,0.9999405145645142,0.42822831869125366,0.37264660000801086,0.08174540847539902,0.9996393918991089,0.41050848364830017,0.3882988691329956,-0.007149788085371256,0.9998666048049927,0.4112284779548645,0.3890063464641571,0.03251811861991882,0.9997191429138184,0.4231557548046112,0.4205106198787689,-0.17539247870445251,0.9999968409538269,0.4429658055305481,0.4370807409286499,0.19262969493865967,0.999664306640625,0.4040202498435974,0.500011682510376,-0.23668967187404633,0.9982990622520447,0.44130778312683105,0.5203235149383545,0.22578172385692596,0.0734141394495964,0.37709569931030273,0.571679949760437,-0.20411251485347748,0.9916681051254272,0.4169800579547882,0.578889012336731,0.17826180160045624,0.08260674774646759,0.37049630284309387,0.5941340923309326,-0.2288525253534317,0.9817524552345276,0.4075917899608612,0.5942454934120178,0.1851671189069748,0.08753702789545059,0.3695063889026642,0.5949046015739441,-0.2185918241739273,0.9805212020874023,0.3943074345588684,0.5927618145942688,0.15420670807361603,0.09075134247541428,0.37264493107795715,0.5879825949668884,-0.1979081779718399,0.9625293612480164,0.40619972348213196,0.5894001722335815,0.16248802840709686,0.08996033668518066,0.3996097147464752,0.5942502021789551,-0.11376343667507172,0.9998325109481812,0.4030056297779083,0.5978527665138245,0.11358562856912613,0.9995562434196472,0.4167880117893219,0.7174158692359924,-0.1342736780643463,0.9942477941513062,0.3692982792854309,0.7264989614486694,0.11485619097948074,0.9085008502006531,0.4826391041278839,0.8273488879203796,-0.08892398327589035,0.9971378445625305,0.3339192271232605,0.8451491594314575,0.13109104335308075,0.9635277986526489,0.5046815276145935,0.8400124311447144,-0.08580276370048523,0.9843646883964539,0.3378101885318756,0.8719925284385681,0.1269305795431137,0.9449999332427979,0.4559294581413269,0.8792175054550171,-0.1402217149734497,0.9966105222702026,0.28026723861694336,0.8639329075813293,0.06928575038909912,0.9705585241317749
88,0.40284329652786255,0.37585076689720154,0.004478053655475378,0.9999197721481323,0.40951138734817505,0.3666266202926636,-0.015429549850523472,0.9999106526374817,0.4104645848274231,0.366547554731369,-0.015443217009305954,0.9999191164970398,0.411446213722229,0.3665151596069336,-0.015390142798423767,0.9999356865882874,0.40999430418014526,0.36664849519729614,0.0153101347386837,0.999871015548706,0.41124942898750305,0.366576611995697,0.015322219580411911,0.9998278617858887,0.4126734733581543,0.36654919385910034,0.015284253284335136,0.9998541474342346,0.42019128799438477,0.3724207282066345,-0.06780774891376495,0.9999367594718933,0.4221891164779663,0.3726396858692169,0.0736093521118164,0.9996247887611389,0.4042564034461975,0.38712596893310547,-0.011305341497063637,0.9998623728752136,0.404455304145813,0.38779565691947937,0.028656963258981705,0.9997209310531616,0.4175198972225189,0.41887423396110535,-0.175095796585083,0.9999967217445374,0.4357662796974182,0.4359315037727356,0.183807373046875,0.9996891021728516,0.39755332469940186,0.49823564291000366,-0.23940026760101318,0.9981092214584351,0.4353961944580078,0.5199548006057739,0.2178957611322403,0.07208722084760666,0.3731227219104767,0.571767270565033,-0.22362637519836426,0.9915327429771423,0.41608768701553345,0.581034779548645,0.1773880422115326,0.08477293699979782,0.3687175512313843,0.5933876037597656,-0.25038811564445496,0.9817212820053101,0.4078124165534973,0.595650851726532,0.18474061787128448,0.09028347581624985,0.36814090609550476,0.5942320823669434,-0.23659484088420868,0.9805053472518921,0.4031614363193512,0.5962562561035156,0.15416443347930908,0.09367472678422928,0.3705149292945862,0.5877465605735779,-0.21662259101867676,0.9623988270759583,0.40510067343711853,0.59098881483078,0.16122250258922577,0.09284728765487671,0.3925301730632782,0.5930964946746826,-0.11609746515750885,0.9998337626457214,0.4015631675720215,0.5969204306602478,0.11593587696552277,0.9995900392532349,0.3934485912322998,0.7172735929489136,-0.13772451877593994,0.9945595264434814,0.3739522397518158,0.7241988182067871,0.11500568687915802,0.9064146280288696,0.473482608795166,0.8203745484352112,-0.09025520086288452,0.9972957968711853,0.3338853418827057,0.8439552187919617,0.13845552504062653,0.9655884504318237,0.4973279535770416,0.827080488204956,-0.08641549199819565,0.9849115610122681,0.33826470375061035,0.8711355924606323,0.1353202611207962,0.9469813108444214,0.4532090723514557,0.8792024254798889,-0.13667035102844238,0.9968163371086121,0.284175843000412,0.8622656464576721,0.08337070792913437,0.9721090793609619
89,0.3956668972969055,0.3750692903995514,0.0035015828907489777,0.9999202489852905,0.4026738405227661,0.3661547005176544,-0.016667906194925308,0.9999055862426758,0.40374308824539185,0.3661450743675232,-0.016669368371367455,0.9999122023582458,0.40480685234069824,0.36617162823677063,-0.01661709137260914,0.9999303221702576,0.40299922227859497,0.36610621213912964,0.013901117257773876,0.9998698234558105,0.4042237102985382,0.36607274413108826,0.013899503275752068,0.999823808670044,0.4055439829826355,0.3660751283168793,0.01384603139013052,0.9998533725738525,0.4136568605899811,0.37240657210350037,-0.06864087283611298,0.999930739402771,0.4150514304637909,0.3725985288619995,0.07081122696399689,0.9996172785758972,0.39678865671157837,0.38648712635040283,-0.011880996637046337,0.9998562335968018,0.39685291051864624,0.3868289291858673,0.02806556597352028,0.9997221827507019,0.4110839068889618,0.4183975160121918,-0.17439013719558716,0.9999964833259583,0.4276024103164673,0.4352089464664459,0.18095684051513672,0.9997151494026184,0.39222198724746704,0.49666619300842285,-0.24209058284759521,0.9976657629013062,0.42909520864486694,0.5196247696876526,0.21817660331726074,0.07206150144338608,0.3692800998687744,0.5717611908912659,-0.23737017810344696,0.9905747771263123,0.4164082407951355,0.5832563638687134,0.18821462988853455,0.08847398310899734,0.3657255470752716,0.5930340886116028,-0.2642325162887573,0.9804542064666748,0.4086993932723999,0.5976763963699341,0.20201009511947632,0.0949726402759552,0.36517035961151123,0.5941353440284729,-0.24905851483345032,0.9791827201843262,0.40529292821884155,0.5984398126602173,0.16942526400089264,0.09844814985990524,0.3669920563697815,0.5882556438446045,-0.229893296957016,0.9599937200546265,0.4051770865917206,0.5925017595291138,0.17337624728679657,0.09734898805618286,0.38922256231307983,0.5882559418678284,-0.11853581666946411,0.9998366236686707,0.39942502975463867,0.59355628490448,0.11836601048707962,0.9996238350868225,0.37663617730140686,0.715269923210144,-0.1440356820821762,0.994807243347168,0.37026575207710266,0.7182666063308716,0.11609270423650742,0.8968923091888428,0.45917439460754395,0.812160074710846,-0.09768031537532806,0.9974449872970581,0.3348548412322998,0.8436152338981628,0.1505809724330902,0.9666178822517395,0.48286867141723633,0.815337598323822,-0.09260755032300949,0.9858789443969727,0.34024515748023987,0.8703447580337524,0.14905156195163727,0.9480134844779968,0.44480982422828674,0.8764129877090454,-0.13441891968250275,0.9970180988311768,0.28559020161628723,0.8615833520889282,0.09946466982364655,0.9728509783744812
90,0.38924893736839294,0.3747732937335968,0.004397119395434856,0.9999199509620667,0.3967142701148987,0.3659976124763489,-0.015579404309391975,0.9999023675918579,0.397841215133667,0.3660210967063904,-0.015585142187774181,0.9999067187309265,0.3989967405796051,0.366080641746521,-0.015539106912910938,0.9999268054962158,0.397016316652298,0.3659059703350067,0.01480412483215332,0.9998701214790344,0.39826086163520813,0.36587780714035034,0.01479989942163229,0.9998214244842529,0.3996277451515198,0.3658926486968994,0.01474733930081129,0.9998543858528137,0.4083870053291321,0.3724089562892914,-0.06792496889829636,0.9999262690544128,0.40957051515579224,0.372569739818573,0.06930854916572571,0.9996187090873718,0.3907424509525299,0.3862023949623108,-0.011251471936702728,0.999851644039154,0.39079636335372925,0.386440247297287,0.02833622507750988,0.999723494052887,0.4061438739299774,0.4184301197528839,-0.17247802019119263,0.9999959468841553,0.4215795695781708,0.434947669506073,0.175247922539711,0.9997356534004211,0.38651973009109497,0.49672624468803406,-0.2406838834285736,0.9972286224365234,0.42296722531318665,0.5194966793060303,0.22317758202552795,0.07178481668233871,0.3634539246559143,0.5729173421859741,-0.24359087646007538,0.9900612235069275,0.41210049390792847,0.585939347743988,0.21376271545886993,0.09172292053699493,0.3610413670539856,0.5942130088806152,-0.27035099267959595,0.9799156785011292,0.40624257922172546,0.6019233465194702,0.23040156066417694,0.09917407482862473,0.3602229058742523,0.5950830578804016,-0.2551420032978058,0.9785977602005005,0.40090054273605347,0.6020511984825134,0.19906753301620483,0.1026996448636055,0.3613784909248352,0.5896826386451721,-0.23620828986167908,0.9588266015052795,0.4005160331726074,0.595151960849762,0.20029082894325256,0.1015586107969284,0.3818482458591461,0.5860522985458374,-0.11767728626728058,0.9998310804367065,0.39559102058410645,0.5921346545219421,0.11746443808078766,0.9996476769447327,0.36169594526290894,0.7128973603248596,-0.13922984898090363,0.9945344924926758,0.36542707681655884,0.7138034105300903,0.10906156152486801,0.8769803047180176,0.44600290060043335,0.8024285435676575,-0.10066317766904831,0.9974280595779419,0.3344978392124176,0.8432518243789673,0.14862504601478577,0.963721513748169,0.46575653553009033,0.8038588762283325,-0.09639982134103775,0.9865807890892029,0.34051424264907837,0.8697512149810791,0.1473524272441864,0.9455578923225403,0.43503478169441223,0.8715453147888184,-0.13583388924598694,0.9970923066139221,0.2902356684207916,0.8607823848724365,0.09631949663162231,0.9708195924758911
91,0.3836773633956909,0.37427711486816406,0.00016375123232137412,0.9999068379402161,0.39129745960235596,0.3657519221305847,-0.020227234810590744,0.9998777508735657,0.39241886138916016,0.36582329869270325,-0.02022809349000454,0.9998800158500671,0.39358463883399963,0.3659299314022064,-0.02018272876739502,0.9999064803123474,0.39162477850914,0.3656173050403595,0.010497751645743847,0.9998466968536377,0.39286237955093384,0.3656182587146759,0.010476257652044296,0.9997819066047668,0.39418888092041016,0.36566200852394104,0.01041646022349596,0.9998267292976379,0.4031001329421997,0.3723530173301697,-0.07378938049077988,0.9999077916145325,0.4038636386394501,0.3723351061344147,0.06524655967950821,0.9995570778846741,0.3853379487991333,0.38592472672462463,-0.01579996943473816,0.9998164772987366,0.3854227662086487,0.38599807024002075,0.024306416511535645,0.9996773600578308,0.40330618619918823,0.4184272289276123,-0.17565694451332092,0.9999954700469971,0.41707032918930054,0.43452364206314087,0.1721680909395218,0.999748706817627,0.38500314950942993,0.49560317397117615,-0.25785914063453674,0.9970647096633911,0.41179153323173523,0.5120260715484619,0.2370186299085617,0.06756602227687836,0.3597305715084076,0.5721416473388672,-0.2665649950504303,0.9899924397468567,0.40090909600257874,0.580833375453949,0.250240683555603,0.089950330555439,0.3563050627708435,0.5937173962593079,-0.29468461871147156,0.9799416065216064,0.393222838640213,0.5966930985450745,0.2701459527015686,0.09847340732812881,0.35445931553840637,0.5943756103515625,-0.27799636125564575,0.9785709381103516,0.39016494154930115,0.5980364680290222,0.23727498948574066,0.10195199400186539,0.35582035779953003,0.5887544751167297,-0.2585175335407257,0.9585530757904053,0.39009180665016174,0.5910400748252869,0.2368759661912918,0.10122667253017426,0.3770581781864166,0.5848270654678345,-0.11676108092069626,0.9998325705528259,0.3929928243160248,0.5921072363853455,0.11656224727630615,0.9996733069419861,0.34684768319129944,0.7096667289733887,-0.1463010311126709,0.9941552877426147,0.3565111756324768,0.7117696404457092,0.10126296430826187,0.853178083896637,0.43186327815055847,0.7948119640350342,-0.10389550030231476,0.997309684753418,0.333863228559494,0.8427624702453613,0.14574052393436432,0.9613181352615356,0.45114263892173767,0.7967272996902466,-0.09867958724498749,0.9871338605880737,0.3401145040988922,0.8700290322303772,0.14565005898475647,0.9440852403640747,0.41689929366111755,0.8628180027008057,-0.13157428801059723,0.9970728158950806,0.2882642149925232,0.8602588176727295,0.09364575892686844,0.9690299034118652
92,0.3774236738681793,0.3741247355937958,0.001135837403126061,0.9999026656150818,0.3848831355571747,0.36560699343681335,-0.019277378916740417,0.999866783618927,0.38622239232063293,0.3656950294971466,-0.01927923783659935,0.9998672008514404,0.38758477568626404,0.36582478880882263,-0.01923927292227745,0.9998977184295654,0.3849415183067322,0.36544865369796753,0.01169624924659729,0.9998371601104736,0.38621142506599426,0.36544787883758545,0.011682572774589062,0.9997637271881104,0.3875422477722168,0.3654896914958954,0.011627296917140484,0.9998148083686829,0.3978108763694763,0.37233874201774597,-0.0727677121758461,0.9998985528945923,0.3978898823261261,0.3721430003643036,0.06710464507341385,0.9995273351669312,0.3796217739582062,0.38588064908981323,-0.014906253665685654,0.9997999668121338,0.3793814778327942,0.38592371344566345,0.02545914053916931,0.9996554851531982,0.40072447061538696,0.4191361367702484,-0.17515985667705536,0.9999952912330627,0.4109032452106476,0.4344736337661743,0.17333045601844788,0.9997645020484924,0.38282525539398193,0.49546903371810913,-0.2536490857601166,0.9969920516014099,0.40429651737213135,0.5113030672073364,0.23675207793712616,0.06472688168287277,0.3559325635433197,0.5716405510902405,-0.2627962827682495,0.9901868104934692,0.3956328332424164,0.581786036491394,0.22906991839408875,0.09298039227724075,0.3517996668815613,0.5932932496070862,-0.2915213108062744,0.9803711175918579,0.39006921648979187,0.5996159315109253,0.24541525542736053,0.10311882942914963,0.3493313789367676,0.5940853357315063,-0.2751239240169525,0.9790003895759583,0.3840858042240143,0.5997741222381592,0.2121359407901764,0.10663662105798721,0.350661039352417,0.588259220123291,-0.254529744386673,0.9592412710189819,0.38394492864608765,0.5919932723045349,0.21517157554626465,0.10607194900512695,0.37294235825538635,0.584532618522644,-0.1166369691491127,0.9998378753662109,0.3881181478500366,0.5923004150390625,0.1164984330534935,0.9996985793113708,0.337639719247818,0.7064547538757324,-0.14225095510482788,0.9933899641036987,0.3531506657600403,0.7112845778465271,0.10183896869421005,0.8195576667785645,0.415010541677475,0.7954949736595154,-0.09962933510541916,0.9969651699066162,0.3330833911895752,0.8429515957832336,0.14977091550827026,0.9536389708518982,0.4368125796318054,0.7980543971061707,-0.09459128975868225,0.9874738454818726,0.33900076150894165,0.8710741400718689,0.14990338683128357,0.9383823275566101,0.39779165387153625,0.8597742319107056,-0.1186264380812645,0.9968339204788208,0.2860036790370941,0.860919177532196,0.10726231336593628,0.9630731344223022
93,0.37190836668014526,0.3740202486515045,0.002217475324869156,0.9998891353607178,0.3789610266685486,0.36537835001945496,-0.019017554819583893,0.9998399019241333,0.38029006123542786,0.3654678165912628,-0.019004780799150467,0.9998366832733154,0.3816697895526886,0.3656134307384491,-0.01897038333117962,0.9998747110366821,0.3791262209415436,0.36520257592201233,0.012453602626919746,0.9998113512992859,0.3804093897342682,0.36518803238868713,0.012422510422766209,0.9997211694717407,0.3817443549633026,0.3652191460132599,0.012339797802269459,0.9997866153717041,0.3922216296195984,0.37214893102645874,-0.0721631571650505,0.9998760223388672,0.3922542631626129,0.371648371219635,0.06793583929538727,0.999468207359314,0.374435693025589,0.38585561513900757,-0.013834096491336823,0.9997591972351074,0.37441185116767883,0.3858835995197296,0.027132753282785416,0.9996097087860107,0.3955875635147095,0.41969799995422363,-0.17088346183300018,0.9999945163726807,0.40785422921180725,0.43359798192977905,0.17395435273647308,0.9997774958610535,0.37824001908302307,0.4957214891910553,-0.2494409680366516,0.9966521859169006,0.40121182799339294,0.5110709071159363,0.23714712262153625,0.06303919106721878,0.3504122793674469,0.5713051557540894,-0.2549852132797241,0.9896948337554932,0.3888833522796631,0.5818346738815308,0.22292590141296387,0.09704994410276413,0.3450886905193329,0.5929961800575256,-0.28305497765541077,0.9797406196594238,0.38132739067077637,0.5996841192245483,0.23915721476078033,0.10862160474061966,0.3426912724971771,0.5937830209732056,-0.26620379090309143,0.9782843589782715,0.367133229970932,0.5998247861862183,0.20555436611175537,0.11218204349279404,0.3442572355270386,0.5878180861473083,-0.24669985473155975,0.9578932523727417,0.369539350271225,0.59220290184021,0.20878751575946808,0.1119435653090477,0.36705073714256287,0.5841177105903625,-0.11655348539352417,0.9998327493667603,0.3854844272136688,0.5923212170600891,0.11644796282052994,0.9997159838676453,0.32857441902160645,0.7032027840614319,-0.13836440443992615,0.9923673272132874,0.3515775203704834,0.7113187313079834,0.10670842230319977,0.7831411361694336,0.39522087574005127,0.7989202737808228,-0.08482792973518372,0.996461033821106,0.3338168263435364,0.846802830696106,0.1565801203250885,0.9424618482589722,0.4194055199623108,0.8050159215927124,-0.0777415782213211,0.9876692891120911,0.34125208854675293,0.8723047971725464,0.15719662606716156,0.9306627511978149,0.37359264492988586,0.8577945232391357,-0.09283638000488281,0.9964377880096436,0.2856716513633728,0.8630574941635132,0.11773262917995453,0.9542707204818726
94,0.36745932698249817,0.37388548254966736,0.021322844550013542,0.9998890161514282,0.3741903007030487,0.36516398191452026,0.0007410820107907057,0.999840259552002,0.37561771273612976,0.36522844433784485,0.0007358521688729525,0.999835193157196,0.37710803747177124,0.3653485178947449,0.000771367282141,0.9998750686645508,0.3740173876285553,0.365022748708725,0.03265250474214554,0.99981290102005,0.3751331567764282,0.3650132417678833,0.032653748989105225,0.9997209906578064,0.3763178288936615,0.36503633856773376,0.03261654078960419,0.9997891783714294,0.38790416717529297,0.37176716327667236,-0.05489490553736687,0.999875545501709,0.38707491755485535,0.37117108702659607,0.08775428682565689,0.9994797706604004,0.370307058095932,0.3856385350227356,0.0040029920637607574,0.9997597336769104,0.3699004352092743,0.3856489956378937,0.04551815986633301,0.9996157288551331,0.3926195204257965,0.41987407207489014,-0.15596812963485718,0.9999945759773254,0.4031025767326355,0.4334895610809326,0.18763776123523712,0.9997904300689697,0.37712952494621277,0.49459436535835266,-0.24732787907123566,0.9965412020683289,0.39609062671661377,0.510935366153717,0.24372956156730652,0.06151524931192398,0.34618908166885376,0.5680726766586304,-0.2522926330566406,0.9895684719085693,0.3804631233215332,0.5815309286117554,0.2178470492362976,0.10065548121929169,0.33954015374183655,0.5896255970001221,-0.2818288207054138,0.979689359664917,0.37016770243644714,0.5991326570510864,0.23211847245693207,0.11399427056312561,0.3366488516330719,0.5893940925598145,-0.26438096165657043,0.9781652092933655,0.3561813533306122,0.5998081564903259,0.19857241213321686,0.11748526990413666,0.3383999168872833,0.5834778547286987,-0.24381908774375916,0.9576485753059387,0.35922399163246155,0.592343807220459,0.20338721573352814,0.1175113245844841,0.36315983533859253,0.584297776222229,-0.11531633883714676,0.9998345971107483,0.3805803656578064,0.592332124710083,0.11522986739873886,0.9997265934944153,0.32148876786231995,0.6978675723075867,-0.13183440268039703,0.9906656742095947,0.35013076663017273,0.7107537388801575,0.1176736131310463,0.7390440702438354,0.36808308959007263,0.8024805188179016,-0.09919075667858124,0.9956455230712891,0.332918256521225,0.8429513573646545,0.1505037248134613,0.9143782258033752,0.3904179632663727,0.8088701963424683,-0.0952063500881195,0.9877778887748718,0.33763423562049866,0.8660359382629395,0.14984411001205444,0.9116612672805786,0.34815576672554016,0.857216477394104,-0.10783557593822479,0.9957729578018188,0.2885681390762329,0.8604781031608582,0.11013242602348328,0.9349677562713623
95,0.3632541000843048,0.37290751934051514,0.019771823659539223,0.9998904466629028,0.37001609802246094,0.3643020689487457,-6.780484545743093e-05,0.9998436570167542,0.37147560715675354,0.3644007444381714,-8.056015940383077e-05,0.9998382925987244,0.3729994297027588,0.36452317237854004,-5.396587584982626e-05,0.9998781681060791,0.3696347177028656,0.364132285118103,0.031033918261528015,0.9998174905776978,0.37065306305885315,0.3641349673271179,0.031046103686094284,0.9997282028198242,0.371745765209198,0.36412593722343445,0.03101847693324089,0.9997957348823547,0.3837544023990631,0.3707379400730133,-0.053073443472385406,0.9998791813850403,0.3824220895767212,0.37011441588401794,0.08599676191806793,0.999504566192627,0.36617201566696167,0.3847339451313019,0.0032530806493014097,0.99977046251297,0.3654608130455017,0.3846358060836792,0.04374377056956291,0.9996335506439209,0.38975790143013,0.41985616087913513,-0.1508120745420456,0.9999948740005493,0.3983825445175171,0.43336209654808044,0.18729038536548615,0.999799370765686,0.3769151568412781,0.49364548921585083,-0.22775912284851074,0.9966282248497009,0.3921567499637604,0.5106998085975647,0.23918727040290833,0.06090904772281647,0.3419187068939209,0.5653380155563354,-0.240068718791008,0.9897134304046631,0.37765634059906006,0.5826888680458069,0.19510458409786224,0.10289208590984344,0.334840327501297,0.5868765711784363,-0.2747757136821747,0.97996985912323,0.36975032091140747,0.6014842987060547,0.20356173813343048,0.11788889765739441,0.330958753824234,0.5862812399864197,-0.25550854206085205,0.9783852100372314,0.3613879680633545,0.5999366641044617,0.16799722611904144,0.12122826278209686,0.3329007029533386,0.5801747441291809,-0.2316443771123886,0.9581798315048218,0.36485525965690613,0.592566192150116,0.17930704355239868,0.12157497555017471,0.3600879907608032,0.5844308733940125,-0.10993149131536484,0.9998349547386169,0.3746402859687805,0.5923483371734619,0.10985137522220612,0.9997146129608154,0.3111121654510498,0.6955828666687012,-0.1237504705786705,0.9901379346847534,0.34908515214920044,0.7089231014251709,0.11661819368600845,0.7101006507873535,0.3503534197807312,0.8058242201805115,-0.09702704101800919,0.994985044002533,0.3351093828678131,0.8325213193893433,0.1491914689540863,0.8828849196434021,0.37129488587379456,0.8224730491638184,-0.09377951174974442,0.9873151183128357,0.34476667642593384,0.8567532300949097,0.14900130033493042,0.8879952430725098,0.31744128465652466,0.8590711951255798,-0.1141398698091507,0.9949784278869629,0.29285770654678345,0.8558686375617981,0.1094558984041214,0.9149472117424011
96,0.36070412397384644,0.3721882998943329,0.01804145984351635,0.9998915195465088,0.36718833446502686,0.36360403895378113,-0.0019075031159445643,0.9998460412025452,0.3684803247451782,0.3637244403362274,-0.0019201062386855483,0.9998412728309631,0.3698360323905945,0.3638453185558319,-0.0018903764430433512,0.9998806715011597,0.3670312166213989,0.3633931577205658,0.02930624410510063,0.9998207092285156,0.36802592873573303,0.36338669061660767,0.029312411323189735,0.9997342228889465,0.36908015608787537,0.36334487795829773,0.02927558124065399,0.9998006820678711,0.3799175024032593,0.37003397941589355,-0.05329021438956261,0.9998823404312134,0.3790249824523926,0.36938783526420593,0.08589795231819153,0.9995260834693909,0.3632502853870392,0.38405537605285645,0.0016111084260046482,0.9997789859771729,0.3628317415714264,0.3839159607887268,0.042277950793504715,0.9996479749679565,0.38559436798095703,0.41912803053855896,-0.14751368761062622,0.9999951124191284,0.39497268199920654,0.43285566568374634,0.17794612050056458,0.9998018145561218,0.37398862838745117,0.4927453398704529,-0.2189948409795761,0.996701717376709,0.38939082622528076,0.510639488697052,0.2196483165025711,0.06115678325295448,0.3378951847553253,0.5637160539627075,-0.22614048421382904,0.9897922873497009,0.3744535744190216,0.5826582908630371,0.17511345446109772,0.10327201336622238,0.3309217393398285,0.5846866965293884,-0.25776219367980957,0.9801298379898071,0.36732417345046997,0.6013892889022827,0.18069034814834595,0.11926808953285217,0.32751360535621643,0.5838016271591187,-0.24341152608394623,0.9784637689590454,0.36284366250038147,0.5996500253677368,0.14704813063144684,0.12252414971590042,0.32958945631980896,0.5777692198753357,-0.21923977136611938,0.9585214853286743,0.3633814752101898,0.5921050906181335,0.15973439812660217,0.12306574732065201,0.3552877604961395,0.5845063328742981,-0.10392691940069199,0.9998332858085632,0.3721300959587097,0.5921744108200073,0.10383495688438416,0.9996909499168396,0.3047616183757782,0.6949563026428223,-0.11372186988592148,0.9901478886604309,0.349506139755249,0.707879900932312,0.1135200709104538,0.7034976482391357,0.3346228301525116,0.8153249025344849,-0.09137668460607529,0.9948130249977112,0.33613690733909607,0.8316165804862976,0.13889841735363007,0.869520902633667,0.3511522114276886,0.8361892700195312,-0.09050722420215607,0.9870278239250183,0.34654825925827026,0.8553346395492554,0.13806019723415375,0.8732540607452393,0.2991061806678772,0.8602932691574097,-0.11552362143993378,0.9946632981300354,0.29629164934158325,0.8580683469772339,0.10548398643732071,0.9061940908432007
97,0.3579021096229553,0.37139829993247986,0.015273032709956169,0.9998899698257446,0.36452969908714294,0.3628348410129547,-0.0026130403857678175,0.9998424053192139,0.36578354239463806,0.36298826336860657,-0.0026046400889754295,0.9998385310173035,0.3671324849128723,0.3631294071674347,-0.0025807800702750683,0.9998789429664612,0.36429327726364136,0.3625718057155609,0.026021385565400124,0.9998185038566589,0.3651972711086273,0.36255156993865967,0.026049811393022537,0.9997323155403137,0.36619776487350464,0.36248403787612915,0.026006238535046577,0.9997987747192383,0.37698715925216675,0.36958348751068115,-0.051450327038764954,0.9998817443847656,0.37579259276390076,0.3687957525253296,0.08341573923826218,0.9995357990264893,0.36033058166503906,0.38364794850349426,0.0007248409674502909,0.9997818470001221,0.3597254753112793,0.3834080398082733,0.040130265057086945,0.9996564388275146,0.38204988837242126,0.41747191548347473,-0.14583256840705872,0.999995231628418,0.39048701524734497,0.43259337544441223,0.1770089715719223,0.9998012781143188,0.37283530831336975,0.48968958854675293,-0.21942248940467834,0.9968394637107849,0.38689836859703064,0.5106513500213623,0.21760958433151245,0.06104904040694237,0.3348189890384674,0.5619734525680542,-0.2255750149488449,0.9901884198188782,0.37073755264282227,0.5826365947723389,0.17557984590530396,0.10413623601198196,0.32745903730392456,0.5829458832740784,-0.2564869225025177,0.9807949662208557,0.36355918645858765,0.6012082099914551,0.18163082003593445,0.12063508480787277,0.3237531781196594,0.581661581993103,-0.243203267455101,0.9790999889373779,0.352088063955307,0.6004967093467712,0.14914856851100922,0.12373799085617065,0.3257588744163513,0.5756354331970215,-0.21888938546180725,0.9598099589347839,0.35947686433792114,0.5916591882705688,0.16081419587135315,0.12433905899524689,0.3502453863620758,0.584479033946991,-0.10107485949993134,0.9998242855072021,0.3702322840690613,0.5925788283348083,0.10099926590919495,0.999661922454834,0.2995472848415375,0.694368302822113,-0.10460226237773895,0.9907439947128296,0.3486081063747406,0.7083850502967834,0.11326076090335846,0.7074125409126282,0.3205290138721466,0.8224295973777771,-0.07476748526096344,0.994787871837616,0.3339209258556366,0.8345069289207458,0.139621302485466,0.8679558634757996,0.33213719725608826,0.8427678942680359,-0.07315156608819962,0.9872380495071411,0.3418217599391937,0.8558440804481506,0.1387304812669754,0.8688610792160034,0.28040316700935364,0.8641301989555359,-0.10991889238357544,0.9944044947624207,0.296317458152771,0.8600369095802307,0.10476319491863251,0.9037438631057739
98,0.35410815477371216,0.37062951922416687,0.010369227267801762,0.9998832941055298,0.3607846796512604,0.362090528011322,-0.008307190611958504,0.9998314380645752,0.361956387758255,0.3623247742652893,-0.008293082937598228,0.9998278617858887,0.363251268863678,0.36255285143852234,-0.008259068243205547,0.9998713731765747,0.36068522930145264,0.36174654960632324,0.021264484152197838,0.9998073577880859,0.36161017417907715,0.36173051595687866,0.021294230595231056,0.9997172355651855,0.3626428544521332,0.3616754710674286,0.021240931004285812,0.9997879862785339,0.3730430603027344,0.36936742067337036,-0.05622906982898712,0.999873161315918,0.3723180890083313,0.36844033002853394,0.0783921480178833,0.99952632188797,0.35599347949028015,0.38326603174209595,-0.003922428470104933,0.999770998954773,0.35565248131752014,0.3828941583633423,0.035341303795576096,0.9996509552001953,0.3763108551502228,0.41694939136505127,-0.14924006164073944,0.9999949932098389,0.3886394202709198,0.4322567880153656,0.17350859940052032,0.9997979402542114,0.3670695126056671,0.4887891411781311,-0.22186583280563354,0.9967577457427979,0.3856356739997864,0.5107022523880005,0.21929259598255157,0.05976221337914467,0.33058539032936096,0.56144118309021,-0.23143905401229858,0.990026593208313,0.36783328652381897,0.5818036794662476,0.1865537017583847,0.1034332662820816,0.32357335090637207,0.5829188227653503,-0.2618623673915863,0.9806619882583618,0.3607998192310333,0.5973613858222961,0.19316083192825317,0.12078102678060532,0.3202041983604431,0.581610381603241,-0.24944746494293213,0.9788693785667419,0.3470214307308197,0.598987340927124,0.1603577435016632,0.12387502193450928,0.3217962086200714,0.5755558609962463,-0.22522877156734467,0.959403395652771,0.350972980260849,0.591387927532196,0.17228281497955322,0.12451764196157455,0.34482088685035706,0.5848979353904724,-0.10012953728437424,0.999818742275238,0.36757805943489075,0.5943569540977478,0.10005012899637222,0.9996488094329834,0.29600757360458374,0.6951345205307007,-0.10111691802740097,0.9910754561424255,0.34711945056915283,0.7077832818031311,0.11387623846530914,0.7127530574798584,0.31154969334602356,0.8238615989685059,-0.061776116490364075,0.994844913482666,0.332964152097702,0.8349519968032837,0.14812789857387543,0.8704823851585388,0.3215218484401703,0.8431738018989563,-0.058394450694322586,0.9876649379730225,0.3380145728588104,0.8569214940071106,0.1481848657131195,0.8680912852287292,0.27292636036872864,0.8676563501358032,-0.08940378576517105,0.9943349361419678,0.2971138060092926,0.8602702617645264,0.11705702543258667,0.9044567942619324
99,0.35082006454467773,0.3697218596935272,0.0038208002224564552,0.9998696446418762,0.35735979676246643,0.36112600564956665,-0.01438157819211483,0.9998124241828918,0.35851913690567017,0.36137303709983826,-0.014377922751009464,0.9998098015785217,0.35979366302490234,0.3615996241569519,-0.014352718368172646,0.9998582005500793,0.3572181761264801,0.36073410511016846,0.01498603168874979,0.999785840511322,0.3581412732601166,0.3606923222541809,0.015023822896182537,0.999683141708374,0.35915905237197876,0.3605962097644806,0.014962699264287949,0.9997605681419373,0.36924341320991516,0.3684418797492981,-0.05636985972523689,0.999860942363739,0.3684364855289459,0.36733248829841614,0.0756085216999054,0.9994871616363525,0.35280025005340576,0.38238513469696045,-0.007630405481904745,0.9997459650039673,0.35242199897766113,0.38199251890182495,0.030609868466854095,0.9996265172958374,0.3722105324268341,0.4146345257759094,-0.15073904395103455,0.9999947547912598,0.385073184967041,0.4298531115055084,0.1748395562171936,0.9997850060462952,0.36059966683387756,0.48750039935112,-0.2239852100610733,0.9967295527458191,0.3819645345211029,0.5100604891777039,0.22046102583408356,0.05752524733543396,0.3279999792575836,0.5615977048873901,-0.22815728187561035,0.9899822473526001,0.36157605051994324,0.5780171751976013,0.1848180741071701,0.09960523247718811,0.32097482681274414,0.5831639766693115,-0.25785836577415466,0.9806013703346252,0.35663434863090515,0.5935719013214111,0.19220991432666779,0.11693798005580902,0.31804946064949036,0.5819997191429138,-0.24806427955627441,0.978735625743866,0.3484838306903839,0.5922916531562805,0.16042877733707428,0.11995457857847214,0.31975042819976807,0.5759660601615906,-0.22258539497852325,0.9592159986495972,0.35225069522857666,0.5892812013626099,0.17053651809692383,0.12062399089336395,0.34116503596305847,0.585366427898407,-0.09964241832494736,0.9997982978820801,0.3649618923664093,0.5950343608856201,0.09956783056259155,0.9996200203895569,0.29294711351394653,0.6959133148193359,-0.09194958209991455,0.9912636876106262,0.34652596712112427,0.709962010383606,0.10665015131235123,0.7186487317085266,0.3037307560443878,0.827619194984436,-0.044444069266319275,0.9946268200874329,0.33228713274002075,0.8442835211753845,0.13671047985553741,0.8729948401451111,0.3154418170452118,0.8486003875732422,-0.04042806848883629,0.9876764416694641,0.33571645617485046,0.8647579550743103,0.13586916029453278,0.8680619597434998,0.26284512877464294,0.8717712163925171,-0.07310180366039276,0.9938969612121582,0.294405996799469,0.8621400594711304,0.10148782283067703,0.9039509892463684
100,0.34836873412132263,0.368679016828537,0.00039305974496528506,0.9998514652252197,0.3546311855316162,0.35964611172676086,-0.018071236088871956,0.9997854828834534,0.3557037115097046,0.3598504960536957,-0.01807229220867157,0.9997854828834534,0.3568612039089203,0.3600470721721649,-0.01804123818874359,0.9998387694358826,0.35451868176460266,0.3593181073665619,0.011139262467622757,0.9997565746307373,0.35545533895492554,0.35926249623298645,0.01117047667503357,0.9996435642242432,0.3564888834953308,0.359150230884552,0.011114326305687428,0.9997284412384033,0.36559686064720154,0.367235392332077,-0.060435399413108826,0.9998412728309631,0.36523789167404175,0.36614441871643066,0.06941039860248566,0.9994297027587891,0.3499363958835602,0.3812386095523834,-0.01131629291921854,0.9997071623802185,0.3495866656303406,0.38083481788635254,0.026447361335158348,0.9995887875556946,0.3684511184692383,0.4134225845336914,-0.15194594860076904,0.9999940395355225,0.38096490502357483,0.4279875159263611,0.16946902871131897,0.9997550249099731,0.3563847541809082,0.48664677143096924,-0.22411534190177917,0.9966126084327698,0.3812456429004669,0.5110929012298584,0.20722918212413788,0.055522169917821884,0.3246297538280487,0.5616791248321533,-0.2151353359222412,0.9896424412727356,0.35785341262817383,0.5769753456115723,0.16748204827308655,0.09546999633312225,0.31817933917045593,0.5833635926246643,-0.2420809268951416,0.9800597429275513,0.35211604833602905,0.5930273532867432,0.17372964322566986,0.11271149665117264,0.315311461687088,0.5822553038597107,-0.23242564499378204,0.9780703783035278,0.3454092741012573,0.5913498401641846,0.14339470863342285,0.11570262163877487,0.31693869829177856,0.5763725638389587,-0.20953093469142914,0.9581829905509949,0.34649819135665894,0.5883423089981079,0.1534011960029602,0.11643953621387482,0.33703121542930603,0.5854468941688538,-0.09766757488250732,0.9997547268867493,0.3608737587928772,0.5951522588729858,0.0975833460688591,0.9995543956756592,0.29274091124534607,0.6962069272994995,-0.07423269003629684,0.9913164973258972,0.3447868227958679,0.7105821967124939,0.0983257070183754,0.7289523482322693,0.3013838827610016,0.8303586840629578,-0.020149098709225655,0.9945266842842102,0.3312263488769531,0.8462293744087219,0.12462073564529419,0.8773049712181091,0.31463879346847534,0.8525766730308533,-0.016177548095583916,0.9874637126922607,0.333478718996048,0.8663405179977417,0.12341339886188507,0.8692501783370972,0.2638956308364868,0.8714879751205444,-0.05432486534118652,0.9936120510101318,0.29468727111816406,0.8638696074485779,0.08634500205516815,0.9057533144950867
101,0.3463706076145172,0.3678022623062134,0.0005328197730705142,0.9998412728309631,0.35303133726119995,0.35874679684638977,-0.017072154209017754,0.9997703433036804,0.3540457785129547,0.3589172065258026,-0.017075225710868835,0.999772846698761,0.3551577031612396,0.3591015040874481,-0.017049536108970642,0.9998296499252319,0.35307809710502625,0.3585518002510071,0.011220191605389118,0.9997375011444092,0.35407552123069763,0.3585447072982788,0.011249626986682415,0.9996145367622375,0.355163037776947,0.3584902286529541,0.011190357618033886,0.9997037649154663,0.3629744350910187,0.36662885546684265,-0.05751081928610802,0.9998325705528259,0.3632771372795105,0.3656843900680542,0.07049150764942169,0.9993857145309448,0.3474072813987732,0.37999624013900757,-0.009492572396993637,0.9996873140335083,0.34700870513916016,0.37977850437164307,0.027307135984301567,0.9995665550231934,0.36374232172966003,0.40935438871383667,-0.1515360325574875,0.9999940395355225,0.37870779633522034,0.4279281795024872,0.17268647253513336,0.9997328519821167,0.3525080978870392,0.4829295575618744,-0.22483956813812256,0.9966539144515991,0.3790867328643799,0.5116506814956665,0.21147017180919647,0.054247647523880005,0.3220953643321991,0.5617895722389221,-0.2180185765028,0.9898014664649963,0.3569229543209076,0.5771735906600952,0.1752476990222931,0.09255706518888474,0.31537580490112305,0.5835418701171875,-0.24542638659477234,0.980310320854187,0.3496653437614441,0.5934001207351685,0.1831130087375641,0.10972443968057632,0.3124632239341736,0.5827715396881104,-0.23456986248493195,0.9782825708389282,0.3461017310619354,0.5919576287269592,0.15165460109710693,0.11270951479673386,0.31410685181617737,0.5767194032669067,-0.21199268102645874,0.9585691690444946,0.34660911560058594,0.5883973240852356,0.16088801622390747,0.11342289298772812,0.3338564932346344,0.5853190422058105,-0.09844500571489334,0.999733030796051,0.3578064739704132,0.5953872799873352,0.09835102409124374,0.9995102882385254,0.2906592786312103,0.6980432868003845,-0.0773305594921112,0.9913482666015625,0.34330254793167114,0.7121195793151855,0.09984242171049118,0.7356559634208679,0.30040860176086426,0.8366145491600037,-0.029478933662176132,0.9944233298301697,0.3303769528865814,0.8502293229103088,0.12714888155460358,0.8799159526824951,0.3133569657802582,0.8604093790054321,-0.02611367590725422,0.987372100353241,0.3322218358516693,0.8701979517936707,0.12599502503871918,0.8690483570098877,0.2602832317352295,0.8738090395927429,-0.06761398166418076,0.9933575987815857,0.2943517863750458,0.8655350804328918,0.0872294157743454,0.9065453410148621
102,0.3429778814315796,0.36680054664611816,0.012003676034510136,0.9998078942298889,0.3497796356678009,0.35782933235168457,-0.00758249219506979,0.9997304677963257,0.3506845235824585,0.3579809367656708,-0.007596040144562721,0.9997388124465942,0.3516967296600342,0.35814666748046875,-0.007562445010989904,0.9998034238815308,0.35009077191352844,0.3577525019645691,0.022244572639465332,0.999683678150177,0.3511696755886078,0.3578013479709625,0.022266874089837074,0.9995372295379639,0.3523448705673218,0.3577878773212433,0.022208543494343758,0.9996411800384521,0.35947099328041077,0.3661143481731415,-0.05667627975344658,0.9998036623001099,0.3602495789527893,0.36507007479667664,0.07538267970085144,0.9992504119873047,0.34350597858428955,0.37880679965019226,-0.0020242263562977314,0.9996206760406494,0.3433864712715149,0.3788301646709442,0.036551687866449356,0.9994801878929138,0.3594338297843933,0.4071505665779114,-0.15050096809864044,0.9999937415122986,0.3779772222042084,0.42808255553245544,0.17276884615421295,0.999687135219574,0.34706851840019226,0.4813368618488312,-0.22523389756679535,0.9965322017669678,0.37470728158950806,0.511345624923706,0.21365515887737274,0.052655354142189026,0.3180204927921295,0.5619416832923889,-0.21844080090522766,0.9897415041923523,0.3516395390033722,0.5736804604530334,0.1786140352487564,0.09039328992366791,0.3121916651725769,0.5847036242485046,-0.2468578964471817,0.9802517294883728,0.34515485167503357,0.5933117866516113,0.1869487315416336,0.10774453729391098,0.3100946843624115,0.5842582583427429,-0.23550935089588165,0.9781450629234314,0.33114954829216003,0.5923288464546204,0.15525594353675842,0.11082726716995239,0.3116571009159088,0.5779802203178406,-0.21254554390907288,0.9581835865974426,0.33392953872680664,0.5878488421440125,0.16417640447616577,0.11141155660152435,0.3301490843296051,0.5851548910140991,-0.09785180538892746,0.9997067451477051,0.3551469147205353,0.5953744649887085,0.09772836416959763,0.9994507431983948,0.2899706959724426,0.7013850808143616,-0.07033539563417435,0.9906335473060608,0.34141385555267334,0.7122440338134766,0.08834591507911682,0.7437739372253418,0.29716765880584717,0.8384743928909302,-0.022501666098833084,0.9943155646324158,0.3302260637283325,0.8499341607093811,0.10533513873815536,0.88221275806427,0.30932286381721497,0.8624842166900635,-0.01982160657644272,0.9870694279670715,0.3316212594509125,0.8708754777908325,0.1036265641450882,0.8672987818717957,0.25675299763679504,0.873409628868103,-0.06660231202840805,0.9931207299232483,0.29706254601478577,0.8651523590087891,0.06312688440084457,0.9073824286460876
103,0.3398979604244232,0.3657243251800537,0.0028291130438447,0.999796986579895,0.34711122512817383,0.3569948971271515,-0.016095448285341263,0.9997205138206482,0.3481306731700897,0.35722601413726807,-0.01611391082406044,0.9997303485870361,0.3492636978626251,0.3574693202972412,-0.01608436554670334,0.999796450138092,0.3471279442310333,0.3567834198474884,0.012674051336944103,0.9996703863143921,0.3481524586677551,0.3568246364593506,0.012695363722741604,0.9995192289352417,0.3492753207683563,0.3567987084388733,0.012651510536670685,0.9996253848075867,0.35730409622192383,0.3656975328922272,-0.06058095023036003,0.9997954964637756,0.35732269287109375,0.36420899629592896,0.06729557365179062,0.9992263913154602,0.3405259847640991,0.37791359424591064,-0.00885572750121355,0.999603807926178,0.3401414752006531,0.37777188420295715,0.028235703706741333,0.9994663000106812,0.3562052249908447,0.40697768330574036,-0.15093718469142914,0.9999935626983643,0.37514829635620117,0.42768752574920654,0.16711564362049103,0.9996689558029175,0.3409757614135742,0.48210203647613525,-0.21827465295791626,0.9964706301689148,0.3658984899520874,0.5081406235694885,0.19961558282375336,0.05282004177570343,0.3122202455997467,0.5619654655456543,-0.2030148059129715,0.9896880984306335,0.3497195243835449,0.57319176197052,0.15594077110290527,0.08888692408800125,0.3073224723339081,0.5847471356391907,-0.23024187982082367,0.980170488357544,0.3422848582267761,0.5927974581718445,0.16158202290534973,0.10648787766695023,0.3052212595939636,0.5844472050666809,-0.21978795528411865,0.9780415892601013,0.32899630069732666,0.5925856828689575,0.13182173669338226,0.10959398001432419,0.3065313994884491,0.5781908631324768,-0.19698290526866913,0.9580699801445007,0.337958425283432,0.5876333117485046,0.14211875200271606,0.11000250279903412,0.3279974162578583,0.5837412476539612,-0.09700620174407959,0.9996726512908936,0.3529292047023773,0.59450763463974,0.0968766063451767,0.9993564486503601,0.2903101146221161,0.7032672762870789,-0.06702873110771179,0.9898220300674438,0.33936750888824463,0.7128182053565979,0.09299959987401962,0.7482526302337646,0.2965872883796692,0.8397604823112488,-0.020349999889731407,0.9941346645355225,0.330585777759552,0.8495930433273315,0.10845048725605011,0.8829174041748047,0.30995357036590576,0.8630896210670471,-0.017844034358859062,0.9868894815444946,0.33229681849479675,0.870768666267395,0.11150538921356201,0.865503191947937,0.2595403492450714,0.8733493685722351,-0.06359530985355377,0.9928234219551086,0.2980635464191437,0.8654135465621948,0.0757938101887703,0.907166600227356
104,0.3362540900707245,0.3655140697956085,-0.0027412609197199345,0.9997637271881104,0.34337902069091797,0.3567769229412079,-0.022200962528586388,0.9996862411499023,0.34442615509033203,0.35704562067985535,-0.02222377061843872,0.9997000694274902,0.34560516476631165,0.35731130838394165,-0.022197522222995758,0.999772310256958,0.343355268239975,0.3564603924751282,0.007088341284543276,0.9996259808540344,0.3443734049797058,0.3564722537994385,0.007111546117812395,0.9994582533836365,0.3455207943916321,0.356401264667511,0.007067218888550997,0.9995751976966858,0.3540196120738983,0.36553093791007996,-0.06726283580064774,0.999769389629364,0.35380274057388306,0.3636925220489502,0.06304065138101578,0.9991257190704346,0.33699101209640503,0.3777846097946167,-0.014391615986824036,0.9995487928390503,0.3366226553916931,0.3775370121002197,0.023355061188340187,0.999405026435852,0.35211899876594543,0.4074566960334778,-0.15355125069618225,0.9999931454658508,0.3732278347015381,0.42687612771987915,0.16380970180034637,0.9996351003646851,0.33540359139442444,0.4825684428215027,-0.21995534002780914,0.9962720274925232,0.363046795129776,0.5060772895812988,0.19535952806472778,0.0522935651242733,0.3070940375328064,0.5620574355125427,-0.2047237902879715,0.9891762137413025,0.3469943702220917,0.5717905759811401,0.14994677901268005,0.08595442771911621,0.3026055693626404,0.5847733616828918,-0.23161880671977997,0.9793519973754883,0.33956125378608704,0.5920990705490112,0.1558939516544342,0.10344947129487991,0.3000507056713104,0.5846184492111206,-0.22098414599895477,0.9771166443824768,0.32693731784820557,0.5928083658218384,0.12638868391513824,0.1065196543931961,0.30100640654563904,0.5783714056015015,-0.1985791176557541,0.956439197063446,0.33112871646881104,0.5876028537750244,0.1360965222120285,0.10689249634742737,0.32448655366897583,0.5824394822120667,-0.09713943302631378,0.9996300339698792,0.35062360763549805,0.593160092830658,0.09701281040906906,0.9992131590843201,0.29007354378700256,0.7035703063011169,-0.06490744650363922,0.989337146282196,0.3368400037288666,0.7120645642280579,0.09861888736486435,0.7552279829978943,0.293932169675827,0.8382396697998047,-0.019406097009778023,0.9940820932388306,0.3305850625038147,0.8493321537971497,0.1375444531440735,0.8851935863494873,0.3067062199115753,0.8602398633956909,-0.017374223098158836,0.9869585633277893,0.33239907026290894,0.8701108694076538,0.14003129303455353,0.8666499257087708,0.2593649625778198,0.8731582760810852,-0.06644964218139648,0.9925945401191711,0.29855188727378845,0.8653055429458618,0.10214686393737793,0.9077813029289246
105,0.3332478404045105,0.36492007970809937,-0.0009739972883835435,0.9997370839118958,0.34076833724975586,0.3562449812889099,-0.020336782559752464,0.9996628761291504,0.3419709801673889,0.3565307855606079,-0.0203559547662735,0.9996790289878845,0.3433016836643219,0.35681045055389404,-0.020328819751739502,0.9997548460960388,0.34055623412132263,0.35596221685409546,0.009157835505902767,0.9995935559272766,0.3416220545768738,0.3560134768486023,0.009180545806884766,0.9994178414344788,0.3428257703781128,0.3559745252132416,0.00913594663143158,0.9995450377464294,0.35225245356559753,0.36523711681365967,-0.06673812866210938,0.9997530579566956,0.35192441940307617,0.36336007714271545,0.06510549038648605,0.9990617632865906,0.3342672288417816,0.37726840376853943,-0.013347056694328785,0.9995176196098328,0.33371126651763916,0.3770701289176941,0.024799663573503494,0.9993667602539062,0.35008928179740906,0.40749412775039673,-0.15473759174346924,0.9999929666519165,0.3690107762813568,0.42690354585647583,0.16545183956623077,0.9996076822280884,0.33250388503074646,0.4827860891819,-0.22052589058876038,0.9962013363838196,0.36395055055618286,0.5065866708755493,0.1970784217119217,0.05192769691348076,0.3029807209968567,0.5622959136962891,-0.19774150848388672,0.9885976910591125,0.3440015912055969,0.5745977163314819,0.14776460826396942,0.08230579644441605,0.29817038774490356,0.5848358869552612,-0.22359412908554077,0.9783002138137817,0.328950971364975,0.5971036553382874,0.15272706747055054,0.09942556172609329,0.2953600287437439,0.5846648812294006,-0.21272949874401093,0.9759162664413452,0.3237369954586029,0.597532331943512,0.122960165143013,0.10241477191448212,0.29705798625946045,0.5784362554550171,-0.1914469450712204,0.9544371366500854,0.332309752702713,0.588729739189148,0.13339772820472717,0.10297097265720367,0.32324880361557007,0.5815984606742859,-0.0985240489244461,0.9995976686477661,0.34687864780426025,0.5913519859313965,0.09841018915176392,0.9990682601928711,0.29096129536628723,0.7046581506729126,-0.07229461520910263,0.9891722798347473,0.33291301131248474,0.7121779322624207,0.1035953089594841,0.7569872736930847,0.29317644238471985,0.8405762910842896,-0.02746948041021824,0.994114875793457,0.3292611241340637,0.8491051197052002,0.1489569991827011,0.8855492472648621,0.30684009194374084,0.8640292882919312,-0.021647201851010323,0.9869780540466309,0.3321281969547272,0.8700643181800842,0.1505085527896881,0.8670390248298645,0.25516679883003235,0.8749369382858276,-0.08972958475351334,0.9925647974014282,0.2968088984489441,0.8658187389373779,0.10841535776853561,0.9084025025367737
106,0.3310292363166809,0.3641902804374695,-0.00022250409529078752,0.9996792078018188,0.3382495045661926,0.35525888204574585,-0.019337808713316917,0.9996140599250793,0.3393147587776184,0.35544493794441223,-0.01935393176972866,0.9996358752250671,0.3404862880706787,0.3556036055088043,-0.01932530477643013,0.9997198581695557,0.3383271396160126,0.3551155924797058,0.009661102667450905,0.9995216131210327,0.33949005603790283,0.35517624020576477,0.00968711543828249,0.9993289113044739,0.3407830595970154,0.3551417589187622,0.009642936289310455,0.9994783997535706,0.34908387064933777,0.3640918731689453,-0.06762267649173737,0.9997168183326721,0.34950461983680725,0.3626451790332794,0.06552693992853165,0.9989106059074402,0.33188512921333313,0.3763537108898163,-0.01265612430870533,0.9994488954544067,0.33155557513237,0.37629011273384094,0.025296714156866074,0.9992696046829224,0.34733110666275024,0.4067879915237427,-0.15771763026714325,0.9999926686286926,0.3655215799808502,0.42662549018859863,0.16649678349494934,0.9995613694190979,0.3307799696922302,0.4822550117969513,-0.22259049117565155,0.9961073398590088,0.35925501585006714,0.5067859292030334,0.2000625729560852,0.0516262911260128,0.2985210120677948,0.561944305896759,-0.20345287024974823,0.9880893230438232,0.3420199751853943,0.5763331651687622,0.1490703523159027,0.07976800203323364,0.29327645897865295,0.5834978222846985,-0.22993846237659454,0.9774256944656372,0.3313693702220917,0.597636342048645,0.15371772646903992,0.09689300507307053,0.2897820472717285,0.583313524723053,-0.21878959238529205,0.9749311208724976,0.32789111137390137,0.5975123643875122,0.12321358919143677,0.09987013787031174,0.29169243574142456,0.5771204829216003,-0.19709843397140503,0.9527594447135925,0.3305531144142151,0.5887448787689209,0.13438677787780762,0.10045021772384644,0.3196469247341156,0.581352710723877,-0.1024380549788475,0.9995518922805786,0.34109506011009216,0.5899853110313416,0.10232917964458466,0.9988230466842651,0.291985422372818,0.7058360576629639,-0.07444421947002411,0.9885491728782654,0.3263857960700989,0.7118746638298035,0.10915074497461319,0.7518938779830933,0.2944432199001312,0.8446882367134094,-0.03883688896894455,0.9940221905708313,0.32846206426620483,0.8488767147064209,0.15563394129276276,0.881777286529541,0.30824822187423706,0.868932843208313,-0.038508642464876175,0.9867851138114929,0.332594096660614,0.8685483336448669,0.15706315636634827,0.8648584485054016,0.25699716806411743,0.8753260374069214,-0.11025457084178925,0.9924226999282837,0.2968129515647888,0.8655035495758057,0.11347609758377075,0.9071512818336487
107,0.3285196125507355,0.3635042905807495,0.0010429754620417953,0.9996598362922668,0.33561164140701294,0.35454314947128296,-0.0177293848246336,0.9996036887168884,0.33678165078163147,0.3546473979949951,-0.017755210399627686,0.9996289610862732,0.33807116746902466,0.35472428798675537,-0.017729077488183975,0.9997129440307617,0.33559954166412354,0.35450753569602966,0.011993488296866417,0.99950110912323,0.33677908778190613,0.3545724153518677,0.012023795396089554,0.9993053674697876,0.3380827307701111,0.3545519709587097,0.011994002386927605,0.9994567036628723,0.3469296991825104,0.3626878261566162,-0.06624581664800644,0.9997110962867737,0.34700971841812134,0.3616935908794403,0.06932057440280914,0.9988475441932678,0.3299345076084137,0.37545207142829895,-0.011693790555000305,0.9994253516197205,0.3294520080089569,0.37561649084091187,0.026929359883069992,0.9992234110832214,0.3454533815383911,0.4060285687446594,-0.15866197645664215,0.9999926686286926,0.36392268538475037,0.4266276955604553,0.17061959207057953,0.9995017647743225,0.3281296193599701,0.4820444583892822,-0.22351497411727905,0.9960826635360718,0.35765913128852844,0.506921112537384,0.20104238390922546,0.04963208734989166,0.29423463344573975,0.5597379803657532,-0.20300419628620148,0.9876739382743835,0.33534497022628784,0.5748003125190735,0.15456585586071014,0.07556527853012085,0.28765058517456055,0.5812453627586365,-0.22823862731456757,0.976647675037384,0.32785436511039734,0.5930306911468506,0.15986552834510803,0.09248757362365723,0.2834279537200928,0.581414520740509,-0.21708524227142334,0.9740554094314575,0.3157016932964325,0.5958893895149231,0.12930476665496826,0.09539242088794708,0.2858103811740875,0.5750927925109863,-0.19636298716068268,0.9513861536979675,0.32335609197616577,0.5851719975471497,0.13981157541275024,0.0959886908531189,0.32008931040763855,0.5794939994812012,-0.10456278920173645,0.9995279312133789,0.3379502296447754,0.5872792601585388,0.10443546622991562,0.9986588358879089,0.29418185353279114,0.706058144569397,-0.07571844011545181,0.9880591630935669,0.320142537355423,0.7108965516090393,0.1111682653427124,0.7486371994018555,0.29656782746315,0.8464910984039307,-0.050251901149749756,0.9939848184585571,0.3251751661300659,0.8487146496772766,0.15404938161373138,0.8796929121017456,0.31082215905189514,0.8695724010467529,-0.051299288868904114,0.9864824414253235,0.3316163718700409,0.8681310415267944,0.15497662127017975,0.8627047538757324,0.2583828866481781,0.8762504458427429,-0.12353479862213135,0.9923944473266602,0.291096955537796,0.8651490211486816,0.11082534492015839,0.9069098234176636
108,0.3262529969215393,0.36092689633369446,0.007112785708159208,0.9996294379234314,0.33360931277275085,0.3519895374774933,-0.011850878596305847,0.9995807409286499,0.33466729521751404,0.35209840536117554,-0.01188267208635807,0.9996100664138794,0.335833877325058,0.35217657685279846,-0.011862676590681076,0.9996969103813171,0.3338963985443115,0.3521093428134918,0.018795330077409744,0.9994637370109558,0.3351496756076813,0.3523014783859253,0.01881854422390461,0.9992589950561523,0.3364918828010559,0.35240817070007324,0.0187872052192688,0.999420166015625,0.3444037139415741,0.3607116639614105,-0.06320945173501968,0.99969482421875,0.34489330649375916,0.3601197898387909,0.07459484785795212,0.9987555742263794,0.3271576762199402,0.3728984296321869,-0.0074619874358177185,0.9993817806243896,0.3270283639431,0.3734048306941986,0.03213586285710335,0.9991491436958313,0.3413165211677551,0.4047764539718628,-0.15977826714515686,0.9999924898147583,0.3611171543598175,0.4266186058521271,0.17578743398189545,0.9994459748268127,0.3257926106452942,0.4817586839199066,-0.22364580631256104,0.9960803985595703,0.3528439998626709,0.5064426064491272,0.20977887511253357,0.047570135444402695,0.29022154211997986,0.5589349269866943,-0.20197775959968567,0.987295925617218,0.3201257586479187,0.570978045463562,0.15955455601215363,0.07145438343286514,0.28321680426597595,0.5806415677070618,-0.22720195353031158,0.9759973883628845,0.3110865652561188,0.5867978930473328,0.16589578986167908,0.08821636438369751,0.27918878197669983,0.5806496143341064,-0.21565966308116913,0.9733686447143555,0.3050125539302826,0.5875469446182251,0.13401570916175842,0.09108138829469681,0.2817532420158386,0.5742121338844299,-0.19530422985553741,0.9504315257072449,0.30942925810813904,0.5801870226860046,0.14354005455970764,0.09176213294267654,0.3168759346008301,0.578922688961029,-0.10723080486059189,0.9994893074035645,0.33396047353744507,0.5869019627571106,0.10709648579359055,0.9984750747680664,0.2946128845214844,0.7069181203842163,-0.08826585114002228,0.9871003031730652,0.3114011585712433,0.7099840044975281,0.11054012179374695,0.732087254524231,0.2993933856487274,0.845652163028717,-0.06501976400613785,0.9937479496002197,0.31745484471321106,0.8462416529655457,0.15092512965202332,0.8700840473175049,0.3147924244403839,0.8678966164588928,-0.06555520743131638,0.9861748218536377,0.32883551716804504,0.8668118119239807,0.15151169896125793,0.8560560345649719,0.2622910439968109,0.8772256970405579,-0.13112112879753113,0.9922531247138977,0.27960333228111267,0.8651129603385925,0.11002136021852493,0.9026573896408081
109,0.3228023946285248,0.3609558343887329,0.018260087817907333,0.9996148943901062,0.33015504479408264,0.35208868980407715,-0.0006657950580120087,0.9995772242546082,0.331280916929245,0.3521862030029297,-0.0007022045901976526,0.9996068477630615,0.3325193226337433,0.35224685072898865,-0.0006867052288725972,0.9996942281723022,0.330508291721344,0.3521813750267029,0.03052591346204281,0.9994494915008545,0.33182859420776367,0.35234329104423523,0.03054780513048172,0.9992402791976929,0.3332303762435913,0.35241934657096863,0.0305210892111063,0.9994069337844849,0.3414732813835144,0.36042821407318115,-0.05443518981337547,0.9996922612190247,0.34204697608947754,0.3598945438861847,0.0850691869854927,0.9987205862998962,0.32416075468063354,0.3727375864982605,0.002081862185150385,0.9993659853935242,0.32403096556663513,0.37324491143226624,0.04238976165652275,0.9991093277931213,0.3389168083667755,0.4045073688030243,-0.15819886326789856,0.9999924898147583,0.36005109548568726,0.42664283514022827,0.18364305794239044,0.9994112849235535,0.3218781650066376,0.4813998341560364,-0.22309426963329315,0.9961522817611694,0.3477877080440521,0.5063725113868713,0.22074547410011292,0.04598401114344597,0.284372478723526,0.5581551194190979,-0.20166806876659393,0.9872337579727173,0.31987977027893066,0.5692918300628662,0.17017386853694916,0.06827139109373093,0.27678826451301575,0.5798922777175903,-0.2270912230014801,0.9757532477378845,0.30402278900146484,0.5870030522346497,0.17736099660396576,0.08495373278856277,0.27278947830200195,0.5797594785690308,-0.2145874798297882,0.9731266498565674,0.29867735505104065,0.5869811773300171,0.14539703726768494,0.08772113919258118,0.2756495773792267,0.5730944275856018,-0.19464488327503204,0.9502103924751282,0.3026670515537262,0.5802055597305298,0.15434305369853973,0.0885084867477417,0.3129265606403351,0.5779968500137329,-0.10895831882953644,0.9994672536849976,0.3310537040233612,0.5865448117256165,0.10883165150880814,0.9983552694320679,0.2928057312965393,0.7070561647415161,-0.09911075979471207,0.9851081371307373,0.30423107743263245,0.7093818187713623,0.11013968288898468,0.7028167843818665,0.29970884323120117,0.8460809588432312,-0.07723855972290039,0.9928709864616394,0.30992409586906433,0.8453533053398132,0.1487843096256256,0.84695965051651,0.3152177035808563,0.8685303926467896,-0.07730820029973984,0.9855514764785767,0.3245575726032257,0.8668214678764343,0.14925028383731842,0.8406518697738647,0.26511603593826294,0.8754808902740479,-0.13980622589588165,0.9915470480918884,0.2755374610424042,0.8658356666564941,0.10159716755151749,0.8887792229652405
110,0.32099395990371704,0.36093708872795105,0.02428467571735382,0.9995782375335693,0.3282763361930847,0.35221731662750244,0.005400329362601042,0.9995496869087219,0.3294717073440552,0.35232874751091003,0.005363135132938623,0.9995806217193604,0.33077651262283325,0.35240617394447327,0.005379638634622097,0.9996740818023682,0.3283402621746063,0.35226911306381226,0.0365966372191906,0.9994038939476013,0.32953038811683655,0.35241273045539856,0.036615245044231415,0.9991754293441772,0.3308207392692566,0.35247495770454407,0.0365753173828125,0.999358057975769,0.3394030034542084,0.3604414165019989,-0.048519864678382874,0.9996718764305115,0.33963271975517273,0.35980290174484253,0.09089893102645874,0.9985860586166382,0.32230478525161743,0.37272071838378906,0.007983571849763393,0.9993167519569397,0.32191547751426697,0.3732298016548157,0.04829772189259529,0.9990190267562866,0.335859090089798,0.4045591354370117,-0.1576320081949234,0.9999923706054688,0.357006311416626,0.4266602098941803,0.18974041938781738,0.99937504529953,0.31792953610420227,0.4815216362476349,-0.22424530982971191,0.9961203932762146,0.34767842292785645,0.5069749355316162,0.22685620188713074,0.04462893679738045,0.27913007140159607,0.5579485893249512,-0.20197445154190063,0.9868724346160889,0.3136637508869171,0.5729001760482788,0.17961284518241882,0.06511407345533371,0.2715941071510315,0.5798676013946533,-0.22859756648540497,0.9750398993492126,0.3032923936843872,0.5907686948776245,0.1883753091096878,0.08156182616949081,0.26750779151916504,0.579673707485199,-0.21655474603176117,0.9723648428916931,0.29824578762054443,0.5897210240364075,0.15747517347335815,0.08419729769229889,0.27021875977516174,0.5730433464050293,-0.1956949681043625,0.94899982213974,0.30222922563552856,0.5828584432601929,0.16443023085594177,0.08505969494581223,0.3105618953704834,0.577591061592102,-0.11148273944854736,0.9994261264801025,0.32752543687820435,0.5862180590629578,0.1113361269235611,0.9981995224952698,0.29248812794685364,0.7071875929832458,-0.10486014187335968,0.9834964275360107,0.30018654465675354,0.7088766694068909,0.11039115488529205,0.6747649908065796,0.2995552718639374,0.8474176526069641,-0.08263860642910004,0.9920988082885742,0.3032403290271759,0.8451952934265137,0.14812980592250824,0.8258098363876343,0.31421011686325073,0.8693624138832092,-0.08281044661998749,0.9850055575370789,0.317428320646286,0.8673422336578369,0.14846482872962952,0.8273938298225403,0.2617652118206024,0.8764708042144775,-0.14863190054893494,0.9909179210662842,0.2661762833595276,0.8658000230789185,0.10042186081409454,0.8762938976287842
111,0.31855690479278564,0.36033162474632263,0.024390317499637604,0.9995560050010681,0.32589155435562134,0.351671040058136,0.005172355566173792,0.999535858631134,0.3270170986652374,0.35179603099823,0.005134087521582842,0.9995682835578918,0.32825902104377747,0.35190287232398987,0.0051542650908231735,0.9996636509895325,0.326164186000824,0.3517284393310547,0.03664153441786766,0.9993786811828613,0.3274196684360504,0.35188424587249756,0.03665992245078087,0.9991442561149597,0.32877007126808167,0.35197997093200684,0.03661670163273811,0.9993324279785156,0.3367811143398285,0.3598690629005432,-0.05002356693148613,0.9996578693389893,0.337432861328125,0.35930031538009644,0.08995890617370605,0.9985126852989197,0.3197398781776428,0.3719402551651001,0.007319231517612934,0.9992843866348267,0.31961143016815186,0.37245264649391174,0.04791124910116196,0.9989555478096008,0.3333270251750946,0.40414494276046753,-0.15779009461402893,0.9999920725822449,0.3549553155899048,0.4266849160194397,0.1875801980495453,0.9993300437927246,0.3158548176288605,0.48044416308403015,-0.22633475065231323,0.996064305305481,0.34702563285827637,0.507491946220398,0.22593113780021667,0.04369793087244034,0.2761307656764984,0.5556759238243103,-0.21183276176452637,0.9866507053375244,0.3198290467262268,0.5738009810447693,0.18045981228351593,0.06330782175064087,0.2684662938117981,0.5776432156562805,-0.23790289461612701,0.9745514988899231,0.3012055456638336,0.5911923050880432,0.18954460322856903,0.07981690019369125,0.2645837366580963,0.5779674649238586,-0.22506989538669586,0.9718354344367981,0.29539328813552856,0.589891791343689,0.15789739787578583,0.08236028999090195,0.2675067186355591,0.5710117816925049,-0.20504151284694672,0.9481703042984009,0.29939720034599304,0.5832734107971191,0.16517797112464905,0.08327129483222961,0.3072141110897064,0.5775187015533447,-0.11103437840938568,0.9993781447410583,0.3234885036945343,0.5863419771194458,0.11088184267282486,0.9979955554008484,0.2928992211818695,0.7071340084075928,-0.10452060401439667,0.982135534286499,0.29820236563682556,0.7086071372032166,0.1105213537812233,0.6556596159934998,0.29987168312072754,0.846828281879425,-0.08211098611354828,0.9915130734443665,0.2956960201263428,0.8447335958480835,0.14752860367298126,0.8097763657569885,0.314924955368042,0.86841881275177,-0.08268572390079498,0.9847898483276367,0.31151989102363586,0.8674560189247131,0.14780688285827637,0.8153474926948547,0.2625974118709564,0.8767108917236328,-0.15074411034584045,0.9904229640960693,0.2581697106361389,0.865774929523468,0.09857389330863953,0.8672285079956055
112,0.3179055154323578,0.35955309867858887,0.023599809035658836,0.9995357990264893,0.3253432512283325,0.3508564531803131,0.004237200133502483,0.9995262026786804,0.3263869285583496,0.3509848713874817,0.00419724453240633,0.9995605945587158,0.32752007246017456,0.3511020839214325,0.004215353634208441,0.9996563196182251,0.32585859298706055,0.35095393657684326,0.03580597788095474,0.9993625283241272,0.327188640832901,0.351139098405838,0.03582846745848656,0.9991238117218018,0.3285972476005554,0.3512747585773468,0.03578416258096695,0.9993118643760681,0.3358842730522156,0.35916396975517273,-0.05116233974695206,0.9996492862701416,0.3370327353477478,0.3587959110736847,0.08886905759572983,0.9984588623046875,0.3190957307815552,0.3709779679775238,0.006368215195834637,0.9992551803588867,0.319315642118454,0.3715454638004303,0.047010790556669235,0.9988975524902344,0.33176642656326294,0.4036375880241394,-0.1587265431880951,0.9999914169311523,0.35629910230636597,0.4267081022262573,0.1866217851638794,0.9992534518241882,0.31401607394218445,0.4792042374610901,-0.22694842517375946,0.9959824681282043,0.34627944231033325,0.5070618391036987,0.22623556852340698,0.042110294103622437,0.2749188542366028,0.5535966753959656,-0.2122594118118286,0.9860161542892456,0.32138320803642273,0.5698163509368896,0.1822579801082611,0.06055745482444763,0.2670656144618988,0.5751881003379822,-0.2378072440624237,0.9733482599258423,0.3032630681991577,0.5885351300239563,0.19158396124839783,0.07693860679864883,0.263377845287323,0.5760496854782104,-0.22518956661224365,0.970523476600647,0.2970554828643799,0.5871682167053223,0.1604483425617218,0.07941291481256485,0.266625314950943,0.5690076351165771,-0.2054019570350647,0.9461886286735535,0.30663788318634033,0.5799817442893982,0.1672075092792511,0.08032679557800293,0.306070476770401,0.576575756072998,-0.11052463948726654,0.9993265271186829,0.32295000553131104,0.5851577520370483,0.110370934009552,0.9977847337722778,0.29319727420806885,0.7068856954574585,-0.10413122922182083,0.9805557131767273,0.297575980424881,0.7080047130584717,0.11039062589406967,0.6389445066452026,0.2993709146976471,0.8465060591697693,-0.08114548772573471,0.9908806681632996,0.2944280803203583,0.8446361422538757,0.1462523341178894,0.7973421812057495,0.3132009506225586,0.8684971332550049,-0.0818442702293396,0.9845033884048462,0.3074811100959778,0.867834210395813,0.1463007777929306,0.8052769899368286,0.2624034285545349,0.8766691088676453,-0.15047407150268555,0.9898620247840881,0.2554565966129303,0.8656972050666809,0.09493939578533173,0.8594855666160583
113,0.3159787058830261,0.35966628789901733,0.02260935679078102,0.9995291829109192,0.3232203423976898,0.35091322660446167,0.003295739647001028,0.9995285272598267,0.3243091106414795,0.3509906530380249,0.0032554506324231625,0.9995622038841248,0.32548344135284424,0.35104382038116455,0.0032710651867091656,0.9996567964553833,0.323723167181015,0.3510541021823883,0.034873396158218384,0.999360978603363,0.32508447766304016,0.35122835636138916,0.0348987877368927,0.9991219639778137,0.32652005553245544,0.35135167837142944,0.0348588265478611,0.9993078708648682,0.33404380083084106,0.3587287962436676,-0.05180621147155762,0.9996469020843506,0.33511775732040405,0.35861754417419434,0.0883219987154007,0.9984415769577026,0.3177778720855713,0.3708992004394531,0.005502913147211075,0.9992405772209167,0.3180863559246063,0.37157726287841797,0.04612470790743828,0.9988754987716675,0.33028388023376465,0.4033880829811096,-0.1588214784860611,0.9999906420707703,0.3564910590648651,0.42689985036849976,0.18584313988685608,0.9991989731788635,0.3113870918750763,0.47906747460365295,-0.2243536412715912,0.9958928227424622,0.3429935872554779,0.5068782567977905,0.22477956116199493,0.04094317555427551,0.2738614082336426,0.5527583360671997,-0.19621212780475616,0.9851382374763489,0.3196575343608856,0.5669675469398499,0.18043582141399384,0.05799595266580582,0.2659989297389984,0.5739932060241699,-0.21963810920715332,0.9715725183486938,0.30045461654663086,0.5865284204483032,0.1891385316848755,0.07420475035905838,0.26255130767822266,0.5750203728675842,-0.20716367661952972,0.9686322808265686,0.29465633630752563,0.5850396156311035,0.15804986655712128,0.07660792768001556,0.26593083143234253,0.5680570006370544,-0.1888626366853714,0.9434862732887268,0.2993237376213074,0.5783935785293579,0.1654409021139145,0.07753212749958038,0.30513742566108704,0.5757684111595154,-0.11045821011066437,0.9992643594741821,0.32237035036087036,0.5842530727386475,0.11031200736761093,0.9976115822792053,0.29277119040489197,0.7067829370498657,-0.0996113047003746,0.9788496494293213,0.2965967655181885,0.7075596451759338,0.11011167615652084,0.6247841119766235,0.29730477929115295,0.8466306328773499,-0.07140447944402695,0.9900094270706177,0.2932809591293335,0.8446707725524902,0.14824721217155457,0.7865639328956604,0.3102492690086365,0.8683986663818359,-0.07136128097772598,0.9841861724853516,0.3058929145336151,0.868186891078949,0.14896412193775177,0.7957313060760498,0.26097097992897034,0.8766430020332336,-0.1446840763092041,0.9890230894088745,0.25268474221229553,0.8661490678787231,0.09599108248949051,0.8513254523277283
114,0.31554150581359863,0.35921868681907654,0.022420993074774742,0.9995368719100952,0.32282406091690063,0.3505353033542633,0.0032250448130071163,0.9995429515838623,0.32382985949516296,0.3506021499633789,0.00318506988696754,0.9995750784873962,0.3249140977859497,0.3506515324115753,0.003197403158992529,0.9996662139892578,0.32346969842910767,0.3507116436958313,0.03491245582699776,0.9993785619735718,0.3248448371887207,0.35089311003685,0.034937210381031036,0.9991466999053955,0.3262801170349121,0.3510275185108185,0.03490147739648819,0.9993260502815247,0.3333517014980316,0.3584353029727936,-0.05171556770801544,0.9996543526649475,0.334698349237442,0.35833045840263367,0.08900058269500732,0.9984793663024902,0.3170437812805176,0.3703625500202179,0.005342230666428804,0.9992474317550659,0.31755685806274414,0.37109729647636414,0.04606737568974495,0.9988895654678345,0.3287394344806671,0.4034672975540161,-0.15878640115261078,0.9999897480010986,0.35575810074806213,0.4270017445087433,0.18683770298957825,0.9991695284843445,0.3086186349391937,0.47917044162750244,-0.22001075744628906,0.995814323425293,0.3393469452857971,0.5064823627471924,0.22551007568836212,0.04016975685954094,0.2722250819206238,0.5529065132141113,-0.18267209827899933,0.9844323992729187,0.30621734261512756,0.5670198202133179,0.180246502161026,0.05599978566169739,0.2644743323326111,0.5740509629249573,-0.2052193284034729,0.9701148867607117,0.29585352540016174,0.5843397974967957,0.18924832344055176,0.07211092114448547,0.261183500289917,0.5750895738601685,-0.19271749258041382,0.9670892953872681,0.29052552580833435,0.5828172564506531,0.15841920673847198,0.07446326315402985,0.2643814980983734,0.5682625770568848,-0.1751313954591751,0.9413862824440002,0.29424968361854553,0.5765727758407593,0.16536033153533936,0.07539721578359604,0.3035317063331604,0.5750827789306641,-0.11025507748126984,0.9992064237594604,0.32183000445365906,0.5834816098213196,0.11010918766260147,0.9974949359893799,0.29212483763694763,0.7066770195960999,-0.09782250970602036,0.9773859977722168,0.29582154750823975,0.7074109315872192,0.10872042924165726,0.6136239171028137,0.2954818606376648,0.8465360999107361,-0.06542421877384186,0.9894120097160339,0.291698694229126,0.8447774052619934,0.14859439432621002,0.7799795269966125,0.3084232807159424,0.8684935569763184,-0.06463649123907089,0.9842320084571838,0.30442795157432556,0.8687857985496521,0.1495399922132492,0.790417492389679,0.26064959168434143,0.8766058087348938,-0.13093046844005585,0.9884779453277588,0.25495538115501404,0.8672212958335876,0.09656446427106857,0.8459612131118774
115,0.3144169747829437,0.35900700092315674,0.022250154986977577,0.9995408654212952,0.3215160369873047,0.3502417802810669,0.0029675676487386227,0.9995547533035278,0.3224736154079437,0.350259393453598,0.0029282374307513237,0.9995859861373901,0.3235135078430176,0.3502562940120697,0.0029406032990664244,0.9996740221977234,0.3223000168800354,0.35050132870674133,0.03470666706562042,0.9993920922279358,0.323725163936615,0.35068589448928833,0.03473297506570816,0.9991658926010132,0.3252156972885132,0.35081812739372253,0.034700144082307816,0.9993402361869812,0.3319861590862274,0.3579489290714264,-0.05203499272465706,0.9996618628501892,0.3337475657463074,0.357995867729187,0.08876096457242966,0.9985119700431824,0.3159922957420349,0.3698781132698059,0.005127237178385258,0.9992515444755554,0.3166258931159973,0.3707544505596161,0.04592062160372734,0.9988955855369568,0.3273261785507202,0.40326637029647827,-0.15886294841766357,0.9999893307685852,0.35563671588897705,0.42727795243263245,0.18677541613578796,0.999140739440918,0.3079952299594879,0.4790639281272888,-0.21991029381752014,0.9957588315010071,0.3389439582824707,0.5058557987213135,0.22530880570411682,0.03912149369716644,0.2716015875339508,0.5522545576095581,-0.1857546865940094,0.9836949706077576,0.30541694164276123,0.5671235918998718,0.17968761920928955,0.05368277058005333,0.2638826072216034,0.573580265045166,-0.20829731225967407,0.9686685800552368,0.2965494692325592,0.5837505459785461,0.18860380351543427,0.06957074254751205,0.26062390208244324,0.5746414065361023,-0.19580422341823578,0.965532660484314,0.2909848988056183,0.5822714567184448,0.15801812708377838,0.07187514752149582,0.26391908526420593,0.567527174949646,-0.17824143171310425,0.9391617774963379,0.29448097944259644,0.5760206580162048,0.16487811505794525,0.07279670238494873,0.302079975605011,0.5750827193260193,-0.10997655242681503,0.9991868734359741,0.3204434812068939,0.5833752751350403,0.10983069241046906,0.9974207282066345,0.2916122376918793,0.706657350063324,-0.09866784512996674,0.9761996865272522,0.2947665750980377,0.7071316838264465,0.10796529054641724,0.6034001708030701,0.2946697175502777,0.8468349575996399,-0.06889078766107559,0.9890317320823669,0.29047518968582153,0.8447843194007874,0.1479584276676178,0.7735477089881897,0.30858278274536133,0.8691253066062927,-0.06856297701597214,0.9841959476470947,0.3037869334220886,0.8689091801643372,0.14892473816871643,0.7848100662231445,0.2587563991546631,0.876681387424469,-0.13349223136901855,0.9881846904754639,0.2539729177951813,0.8672497272491455,0.09633569419384003,0.8415821194648743
116,0.31339332461357117,0.3589860200881958,0.022095663473010063,0.9995377063751221,0.32037174701690674,0.350093811750412,0.0024791620671749115,0.9995583891868591,0.3213454782962799,0.3500778377056122,0.0024412316270172596,0.9995884895324707,0.3224121034145355,0.3500409424304962,0.002450711326673627,0.9996756911277771,0.3211852014064789,0.3503667116165161,0.034462980926036835,0.9993956089019775,0.32265761494636536,0.3505248427391052,0.03448772802948952,0.9991715550422668,0.324196457862854,0.35062313079833984,0.03445165231823921,0.9993441700935364,0.33123067021369934,0.3575848340988159,-0.05405737832188606,0.9996612668037415,0.3330762982368469,0.357623428106308,0.08829333633184433,0.9985190629959106,0.3151962459087372,0.36980050802230835,0.004290012177079916,0.999244749546051,0.31580251455307007,0.3706839680671692,0.0458240732550621,0.9988952875137329,0.32626768946647644,0.40328747034072876,-0.15946468710899353,0.9999885559082031,0.3556934893131256,0.4277990460395813,0.1864476203918457,0.9991216659545898,0.30644336342811584,0.47901904582977295,-0.22024551033973694,0.9955801963806152,0.3394063115119934,0.5058760643005371,0.22486205399036407,0.03847406059503555,0.2705388069152832,0.5519014596939087,-0.18716292083263397,0.9825636744499207,0.30984804034233093,0.5668919086456299,0.17956441640853882,0.051680807024240494,0.2627600133419037,0.5732315182685852,-0.21021153032779694,0.9666356444358826,0.2974911630153656,0.5836157202720642,0.1883275955915451,0.06741756200790405,0.259572297334671,0.5744380950927734,-0.19737760722637177,0.9633289575576782,0.29342642426490784,0.5821628570556641,0.1577000916004181,0.06963260471820831,0.2629545331001282,0.5672401189804077,-0.1795484572649002,0.9358338117599487,0.29751595854759216,0.5759257078170776,0.16469867527484894,0.07050853222608566,0.30031901597976685,0.5747042894363403,-0.1088939756155014,0.9991495013237,0.320190966129303,0.5829766392707825,0.10874336957931519,0.9973471760749817,0.29081618785858154,0.7063528299331665,-0.09199187159538269,0.9750581979751587,0.294710636138916,0.7067016363143921,0.1080794557929039,0.5968257188796997,0.29304593801498413,0.8467182517051697,-0.05567855387926102,0.988609254360199,0.28994274139404297,0.8445422649383545,0.15240177512168884,0.7699398398399353,0.3067845404148102,0.8689606785774231,-0.054485127329826355,0.9841776490211487,0.30315423011779785,0.8686754703521729,0.1537572294473648,0.7806391716003418,0.2570840120315552,0.8789511919021606,-0.11685401201248169,0.9877831339836121,0.25381994247436523,0.8680544495582581,0.10096524655818939,0.8384348154067993
117,0.3131476938724518,0.3586834967136383,0.01484160777181387,0.9995408654212952,0.3203389048576355,0.3498085141181946,-0.004591360222548246,0.9995653629302979,0.32133615016937256,0.3497934341430664,-0.0046310205943882465,0.9995959997177124,0.3224199116230011,0.34975969791412354,-0.004620091989636421,0.9996808767318726,0.32108908891677856,0.3501029908657074,0.02788802981376648,0.9994014501571655,0.3225235939025879,0.35027098655700684,0.027921032160520554,0.9991817474365234,0.3240162134170532,0.3503721356391907,0.027896076440811157,0.9993483424186707,0.33118024468421936,0.35739466547966003,-0.05963832139968872,0.9996659159660339,0.33280056715011597,0.3573598563671112,0.08478429168462753,0.998522162437439,0.31503984332084656,0.36949247121810913,-0.0023327753879129887,0.999248206615448,0.31553947925567627,0.3703676164150238,0.039590299129486084,0.9989017844200134,0.326360285282135,0.40322378277778625,-0.16432471573352814,0.999988317489624,0.35486868023872375,0.4278370440006256,0.18423372507095337,0.9990881085395813,0.3064483404159546,0.4790211021900177,-0.22818756103515625,0.9956046938896179,0.3384886384010315,0.5056544542312622,0.22294144332408905,0.03759603574872017,0.27045515179634094,0.5520004034042358,-0.19831185042858124,0.9825847744941711,0.31219226121902466,0.5648436546325684,0.17329932749271393,0.04987961798906326,0.2621232271194458,0.5734153389930725,-0.22389711439609528,0.9665275812149048,0.300412654876709,0.5825928449630737,0.18108375370502472,0.0655076876282692,0.25866445899009705,0.5745636224746704,-0.2100660651922226,0.9632155895233154,0.29237842559814453,0.5810028314590454,0.1494208425283432,0.06768477708101273,0.26188337802886963,0.5674676299095154,-0.19046516716480255,0.935647189617157,0.30019280314445496,0.5737946033477783,0.15794430673122406,0.06852954626083374,0.3002466857433319,0.5747737288475037,-0.10866781324148178,0.999114990234375,0.31979474425315857,0.5830906629562378,0.10851933807134628,0.9972294569015503,0.29099035263061523,0.7063300609588623,-0.08721521496772766,0.9744502902030945,0.29571714997291565,0.7067080140113831,0.11163835227489471,0.5956076979637146,0.2932475507259369,0.846775472164154,-0.047542721033096313,0.9884744882583618,0.29214566946029663,0.8445335030555725,0.1597173511981964,0.7702167630195618,0.30676448345184326,0.8692861199378967,-0.046296171844005585,0.9843109846115112,0.30515891313552856,0.8687464594841003,0.16123227775096893,0.7798642516136169,0.2579861879348755,0.878847599029541,-0.11031394451856613,0.9877002239227295,0.25627806782722473,0.8680127263069153,0.10899676382541656,0.8387951254844666
118,0.3131875693798065,0.3584425151348114,0.012332743033766747,0.9995399117469788,0.3203786313533783,0.3495092988014221,-0.006941871717572212,0.999567449092865,0.3213450610637665,0.3494946360588074,-0.006982218474149704,0.9995985627174377,0.32238876819610596,0.34946250915527344,-0.0069715832360088825,0.9996821880340576,0.3211485743522644,0.3498236835002899,0.025301242247223854,0.9994030594825745,0.3225695788860321,0.35000211000442505,0.02533276565372944,0.9991863965988159,0.32404494285583496,0.350110799074173,0.025306766852736473,0.9993495345115662,0.33092203736305237,0.3572445809841156,-0.0608472004532814,0.9996657967567444,0.3327091336250305,0.3571907877922058,0.08277618885040283,0.9985215663909912,0.31502875685691833,0.3692600429058075,-0.004316105041652918,0.9992415904998779,0.3156101405620575,0.3701620399951935,0.037239111959934235,0.9988996982574463,0.3254132568836212,0.4031677842140198,-0.16444523632526398,0.9999876022338867,0.35420507192611694,0.42780831456184387,0.18190616369247437,0.9990608096122742,0.3055562674999237,0.4790109097957611,-0.2286316603422165,0.9954930543899536,0.3380122184753418,0.505678653717041,0.22023306787014008,0.03693154454231262,0.2700209319591522,0.55214923620224,-0.19953374564647675,0.9820361137390137,0.31295347213745117,0.5647422075271606,0.17096076905727386,0.048237286508083344,0.2623473107814789,0.5735917687416077,-0.22505824267864227,0.9654601216316223,0.30215078592300415,0.5826746821403503,0.1788104623556137,0.06372232735157013,0.2589230537414551,0.5746845602989197,-0.2109592705965042,0.9620362520217896,0.2919125258922577,0.5814558863639832,0.14722506701946259,0.06583714485168457,0.2618204653263092,0.5676117539405823,-0.1916753351688385,0.9338623285293579,0.30142146348953247,0.5735886693000793,0.15567608177661896,0.06665432453155518,0.2996113896369934,0.5746943354606628,-0.10757944732904434,0.9990701675415039,0.3195834159851074,0.58283531665802,0.10743396729230881,0.9971173405647278,0.2911534607410431,0.7062073945999146,-0.08450529724359512,0.9738349318504333,0.2965404987335205,0.7064808011054993,0.11183136701583862,0.5945673584938049,0.29347947239875793,0.8467121720314026,-0.04418523609638214,0.9883664846420288,0.2934599220752716,0.8445253968238831,0.16020467877388,0.7708446979522705,0.30638495087623596,0.8692497611045837,-0.04280732944607735,0.984531044960022,0.3061414659023285,0.8687422275543213,0.16169598698616028,0.7797157764434814,0.25857120752334595,0.8787904977798462,-0.10613588988780975,0.9876416921615601,0.25691232085227966,0.8682750463485718,0.10972466319799423,0.8391970992088318
119,0.3130091726779938,0.3583141565322876,0.006548068951815367,0.9995411038398743,0.32026758790016174,0.34920305013656616,-0.012520271353423595,0.9995719194412231,0.32121914625167847,0.3491773009300232,-0.012557486072182655,0.9996048212051392,0.3222511112689972,0.34913575649261475,-0.012546619400382042,0.9996856451034546,0.32109326124191284,0.3495376408100128,0.019512321799993515,0.9994048476219177,0.3225334584712982,0.34971174597740173,0.019542699679732323,0.9991942048072815,0.3240337371826172,0.3498179614543915,0.019518811255693436,0.9993540644645691,0.33076468110084534,0.35707223415374756,-0.06616576761007309,0.9996675252914429,0.3327421247959137,0.35704606771469116,0.07652585208415985,0.9985297918319702,0.31481030583381653,0.3691706359386444,-0.010078497231006622,0.9992384314537048,0.3155044913291931,0.37005284428596497,0.031164072453975677,0.998902440071106,0.32451313734054565,0.4033079147338867,-0.16915591061115265,0.9999870657920837,0.3529408872127533,0.42780736088752747,0.17670831084251404,0.9990305304527283,0.3034438490867615,0.48046746850013733,-0.22835201025009155,0.9953720569610596,0.33356407284736633,0.5056876540184021,0.21351489424705505,0.03595008701086044,0.26854485273361206,0.553826630115509,-0.19576139748096466,0.9812508225440979,0.3064044117927551,0.5638436079025269,0.1653449386358261,0.04662396013736725,0.26135164499282837,0.5751869082450867,-0.22089573740959167,0.9640920162200928,0.29038307070732117,0.5821675062179565,0.17274883389472961,0.06188047304749489,0.25847575068473816,0.5764736533164978,-0.20852325856685638,0.9605861306190491,0.2841070294380188,0.5812861919403076,0.14177100360393524,0.0639607235789299,0.26120683550834656,0.5693716406822205,-0.1888011395931244,0.931789755821228,0.2888163924217224,0.5740382671356201,0.15023550391197205,0.06477149575948715,0.2995874881744385,0.5752521753311157,-0.10755769908428192,0.9990571737289429,0.31935015320777893,0.5828768014907837,0.10741423070430756,0.9970797300338745,0.29131701588630676,0.7062052488327026,-0.08484116941690445,0.9736447334289551,0.29737257957458496,0.7064916491508484,0.11310753971338272,0.5934649109840393,0.2938840985298157,0.8467627763748169,-0.04268748685717583,0.9884793758392334,0.2940341532230377,0.8444699048995972,0.1639554500579834,0.7731396555900574,0.30693119764328003,0.8694897890090942,-0.041241347789764404,0.9845517873764038,0.30626168847084045,0.8686980605125427,0.16581884026527405,0.7804559469223022,0.2582974433898926,0.8791103959083557,-0.10514304041862488,0.9877261519432068,0.25827091932296753,0.8682193160057068,0.1157093420624733,0.8414149284362793
120,0.3131749629974365,0.35830754041671753,0.002671049674972892,0.9995418190956116,0.32048314809799194,0.34917449951171875,-0.016513725742697716,0.9995747804641724,0.321443110704422,0.349151074886322,-0.016548246145248413,0.999609112739563,0.32248958945274353,0.3491130769252777,-0.016536301001906395,0.9996876120567322,0.32125750184059143,0.34950488805770874,0.015539047308266163,0.9994062781333923,0.3226725459098816,0.3496776521205902,0.015567894093692303,0.9992015361785889,0.32417112588882446,0.349788635969162,0.015544017776846886,0.9993595480918884,0.33099398016929626,0.35710111260414124,-0.06999628990888596,0.9996675848960876,0.33294758200645447,0.3570617139339447,0.07287752628326416,0.9985400438308716,0.315002977848053,0.3692125380039215,-0.013823087327182293,0.9992359280586243,0.31571298837661743,0.3700646162033081,0.027482274919748306,0.9989085793495178,0.32428014278411865,0.40365421772003174,-0.17165790498256683,0.9999864101409912,0.3524436056613922,0.4278097450733185,0.17414066195487976,0.9990156888961792,0.3028053939342499,0.4818565845489502,-0.22810807824134827,0.9952298998832703,0.33107471466064453,0.5056960582733154,0.21099410951137543,0.035315778106451035,0.26785460114479065,0.5555437803268433,-0.1929854303598404,0.9804171919822693,0.2941795885562897,0.5640854835510254,0.1623978167772293,0.04573242738842964,0.2611047923564911,0.576622486114502,-0.2179354876279831,0.962654709815979,0.2834388315677643,0.5807644128799438,0.16953253746032715,0.060845352709293365,0.2583254873752594,0.5779290795326233,-0.20671086013317108,0.9590784311294556,0.2778623402118683,0.5803033709526062,0.13842135667800903,0.0629391297698021,0.26080629229545593,0.5708518624305725,-0.18660220503807068,0.9296259880065918,0.2819734811782837,0.5740702152252197,0.1471894383430481,0.06376945972442627,0.2993403375148773,0.5758113861083984,-0.10752636194229126,0.999036967754364,0.3189166784286499,0.5830699801445007,0.10738547146320343,0.9970473647117615,0.29148757457733154,0.7066778540611267,-0.08381377905607224,0.9731835722923279,0.29790669679641724,0.7072840929031372,0.11351805925369263,0.5903648138046265,0.29409679770469666,0.8470033407211304,-0.039586275815963745,0.988533616065979,0.29434189200401306,0.8444997668266296,0.16617350280284882,0.7750630378723145,0.30714982748031616,0.8699176907539368,-0.03809859976172447,0.9844655394554138,0.30641791224479675,0.8687233328819275,0.16821794211864471,0.781394362449646,0.25692132115364075,0.8798177242279053,-0.10270438343286514,0.9877699017524719,0.2585282623767853,0.868538498878479,0.11813130229711533,0.8437069058418274
121,0.31255125999450684,0.3580324351787567,-0.006231110543012619,0.999541699886322,0.3199766278266907,0.34872254729270935,-0.025413841009140015,0.9995773434638977,0.32099467515945435,0.3487311601638794,-0.025448527187108994,0.9996126890182495,0.32210010290145874,0.34871727228164673,-0.025439947843551636,0.999688982963562,0.32060661911964417,0.348965048789978,0.00719798170030117,0.9994072914123535,0.3219839930534363,0.34911036491394043,0.007229616399854422,0.9992077350616455,0.3234635889530182,0.3491860330104828,0.007208908908069134,0.9993629455566406,0.33071306347846985,0.35696056485176086,-0.07808123528957367,0.9996671080589294,0.33234965801239014,0.3567541241645813,0.06715383380651474,0.9985452890396118,0.31444844603538513,0.36917614936828613,-0.02259458228945732,0.9992387890815735,0.3150024116039276,0.36988958716392517,0.019422786310315132,0.9989203810691833,0.3239613473415375,0.40399056673049927,-0.1790466010570526,0.9999857544898987,0.3508822023868561,0.42752277851104736,0.16996189951896667,0.9990167021751404,0.302789568901062,0.4829406142234802,-0.2313498705625534,0.995091438293457,0.32951194047927856,0.5056977868080139,0.2078331857919693,0.03492676839232445,0.2681814134120941,0.5559462904930115,-0.19344884157180786,0.9797002077102661,0.2995200455188751,0.5641538500785828,0.15770192444324493,0.045319460332393646,0.2612677216529846,0.5772079229354858,-0.21848663687705994,0.9613680839538574,0.2820611298084259,0.5800836086273193,0.16482728719711304,0.060433417558670044,0.2583974301815033,0.5784671306610107,-0.2070208042860031,0.9577538967132568,0.27667075395584106,0.5798985958099365,0.1331111490726471,0.0625477135181427,0.26078900694847107,0.5714553594589233,-0.18699513375759125,0.9277101159095764,0.2808341085910797,0.5741733312606812,0.1422583907842636,0.06338512897491455,0.3000529408454895,0.5762209892272949,-0.10752252489328384,0.9990218877792358,0.31912851333618164,0.5832154750823975,0.1073843240737915,0.9970334768295288,0.2918272912502289,0.7066938281059265,-0.08325891196727753,0.972690761089325,0.29824504256248474,0.7072974443435669,0.11736346781253815,0.5846360325813293,0.2942751944065094,0.8473139405250549,-0.03474729508161545,0.9885106682777405,0.2948051393032074,0.8445401787757874,0.1752597540616989,0.7751363515853882,0.3073540925979614,0.8702100515365601,-0.032558292150497437,0.9845117330551147,0.3069671392440796,0.8687121272087097,0.17787949740886688,0.7818990349769592,0.2571406960487366,0.8806739449501038,-0.09548979252576828,0.9877340793609619,0.2609913945198059,0.8695429563522339,0.12790587544441223,0.8447097539901733
122,0.31217071413993835,0.35801321268081665,-0.007845345884561539,0.9995453357696533,0.3196924924850464,0.3486397862434387,-0.027027994394302368,0.9995819926261902,0.32075878977775574,0.3486487567424774,-0.02706264518201351,0.999618649482727,0.32192736864089966,0.34863367676734924,-0.027053754776716232,0.9996923804283142,0.32021936774253845,0.34884750843048096,0.005317578092217445,0.9994112253189087,0.32157209515571594,0.3489660918712616,0.005350533872842789,0.9992178082466125,0.32304221391677856,0.34901198744773865,0.005330035462975502,0.9993689656257629,0.3306603729724884,0.3569353222846985,-0.07954156398773193,0.99966961145401,0.3320010006427765,0.3566511869430542,0.06449531018733978,0.9985594749450684,0.31414246559143066,0.36918848752975464,-0.024126773700118065,0.9992477893829346,0.3145740330219269,0.36989209055900574,0.017524313181638718,0.9989369511604309,0.3240920901298523,0.4041883647441864,-0.17956452071666718,0.9999854564666748,0.3506261110305786,0.42740023136138916,0.16687993705272675,0.9990174770355225,0.30319303274154663,0.4837591052055359,-0.23121699690818787,0.9950647354125977,0.32897546887397766,0.5056697726249695,0.20520567893981934,0.034616515040397644,0.26847225427627563,0.5563046932220459,-0.19364619255065918,0.9794946312904358,0.30114442110061646,0.5641562938690186,0.15549683570861816,0.04525907337665558,0.26153451204299927,0.5776538848876953,-0.21884433925151825,0.960930585861206,0.281622976064682,0.5796688199043274,0.16227175295352936,0.060432352125644684,0.25852933526039124,0.5788726210594177,-0.20715251564979553,0.9573320150375366,0.27632588148117065,0.5796845555305481,0.13051219284534454,0.06258548051118851,0.2608863413333893,0.571890652179718,-0.18722763657569885,0.9272031784057617,0.2805536687374115,0.5742509961128235,0.14006254076957703,0.06340185552835464,0.30047163367271423,0.5763777494430542,-0.10721128433942795,0.9990105628967285,0.3188915252685547,0.5832632780075073,0.10708363354206085,0.9970209002494812,0.29248231649398804,0.7066627144813538,-0.08226339519023895,0.9721320271492004,0.29842624068260193,0.7071967124938965,0.1173790991306305,0.5795129537582397,0.2943056523799896,0.8472938537597656,-0.03368328884243965,0.988398551940918,0.29512548446655273,0.8442793488502502,0.17372269928455353,0.7747892141342163,0.30740612745285034,0.8701729774475098,-0.03159273788332939,0.9843805432319641,0.30726537108421326,0.8684356212615967,0.17617157101631165,0.7817178964614868,0.2573443353176117,0.8805512189865112,-0.09422914683818817,0.9876202940940857,0.26121413707733154,0.8694953322410583,0.1266172081232071,0.8454875946044922
123,0.3120775520801544,0.3574012815952301,-0.004294468555599451,0.9995618462562561,0.31976041197776794,0.34804126620292664,-0.023360775783658028,0.9995970726013184,0.32084593176841736,0.34807533025741577,-0.023395376279950142,0.9996334910392761,0.322040855884552,0.34808218479156494,-0.02338431216776371,0.9997035264968872,0.3202384114265442,0.34822356700897217,0.008691880851984024,0.9994311332702637,0.3215771019458771,0.3483489751815796,0.008723161183297634,0.9992479085922241,0.32303035259246826,0.3483908176422119,0.008700371719896793,0.9993917942047119,0.33078184723854065,0.3567278981208801,-0.07608896493911743,0.9996809363365173,0.3319705128669739,0.3563700020313263,0.06671102344989777,0.9986108541488647,0.31393957138061523,0.36896711587905884,-0.020572515204548836,0.9992756247520447,0.314302921295166,0.3695063292980194,0.02064504846930504,0.9989745616912842,0.32453760504722595,0.4041685163974762,-0.17718340456485748,0.9999856352806091,0.3500291407108307,0.4271688163280487,0.1678198277950287,0.9990233778953552,0.30383777618408203,0.4836980104446411,-0.22892490029335022,0.9951654672622681,0.32852667570114136,0.5055627226829529,0.2044951617717743,0.03455101326107979,0.2690632939338684,0.5562987327575684,-0.19388680160045624,0.980137050151825,0.30253517627716064,0.5641923546791077,0.15404756367206573,0.04604807123541832,0.26203325390815735,0.5776658058166504,-0.21951396763324738,0.9619845747947693,0.28134068846702576,0.5796319246292114,0.16018593311309814,0.06147342175245285,0.2589068114757538,0.5788697004318237,-0.20872561633586884,0.9585049152374268,0.27630820870399475,0.5797857642173767,0.12840580940246582,0.06371457874774933,0.26129239797592163,0.5719006061553955,-0.1872890144586563,0.9291901588439941,0.28064629435539246,0.5743527412414551,0.13861587643623352,0.06454780697822571,0.30065736174583435,0.5766427516937256,-0.10617773234844208,0.9990017414093018,0.3186674118041992,0.5833300352096558,0.10605642199516296,0.9970129728317261,0.2936862111091614,0.7063801884651184,-0.08276912569999695,0.9713285565376282,0.2985670864582062,0.7068215608596802,0.1156059205532074,0.5736464262008667,0.29489508271217346,0.8471350073814392,-0.0352979339659214,0.9880071878433228,0.2955355942249298,0.8440412878990173,0.16710349917411804,0.770689845085144,0.30825361609458923,0.8701363801956177,-0.03274938836693764,0.9838404655456543,0.30769234895706177,0.8683590888977051,0.1689664125442505,0.7786082625389099,0.2576225996017456,0.8804808259010315,-0.09716171771287918,0.9872576594352722,0.26145467162132263,0.8693845272064209,0.12033780664205551,0.8441304564476013
124,0.3118959665298462,0.35708004236221313,-0.008876065723598003,0.9995779991149902,0.3196756839752197,0.3476177155971527,-0.02759590931236744,0.9996107220649719,0.320781409740448,0.34766411781311035,-0.027628986164927483,0.9996467232704163,0.3220008313655853,0.3476752042770386,-0.02761661633849144,0.9997134804725647,0.3201187551021576,0.3477673828601837,0.004039655439555645,0.9994492530822754,0.3214513957500458,0.3478890657424927,0.004070456139743328,0.9992755055427551,0.32289883494377136,0.34791526198387146,0.004048922564834356,0.9994128346443176,0.33080142736434937,0.35648876428604126,-0.07929761707782745,0.9996910691261292,0.331858366727829,0.3560678958892822,0.06125606596469879,0.9986630082130432,0.31376704573631287,0.36884835362434387,-0.025063158944249153,0.9993062019348145,0.3140685260295868,0.36929768323898315,0.015594592317938805,0.9990177154541016,0.3248407244682312,0.4041665494441986,-0.178042933344841,0.9999857544898987,0.3494923412799835,0.42676377296447754,0.16178347170352936,0.9990415573120117,0.30397793650627136,0.4836576282978058,-0.2288324236869812,0.9952754974365234,0.3292994499206543,0.5054723024368286,0.19673824310302734,0.0353320837020874,0.26941511034965515,0.5563334226608276,-0.19482119381427765,0.9809324145317078,0.30329394340515137,0.5646888017654419,0.14620280265808105,0.04825344309210777,0.2623671591281891,0.5780382752418518,-0.2224774956703186,0.9632895588874817,0.2800166606903076,0.5793957114219666,0.15184813737869263,0.06397581845521927,0.2591770589351654,0.5791028141975403,-0.21201907098293304,0.9599482417106628,0.27512121200561523,0.579832911491394,0.11957848817110062,0.06634068489074707,0.26160669326782227,0.5720986127853394,-0.18877597153186798,0.9316112995147705,0.27963098883628845,0.5744277834892273,0.1306392401456833,0.06719419360160828,0.30081450939178467,0.5769765377044678,-0.10432396084070206,0.9989872574806213,0.3185594379901886,0.5834232568740845,0.10421012341976166,0.9970076084136963,0.2947176396846771,0.7064131498336792,-0.07778562605381012,0.9705950617790222,0.2986072897911072,0.7068233489990234,0.11574752628803253,0.5679158568382263,0.29508399963378906,0.847116231918335,-0.027671510353684425,0.9875975847244263,0.29577288031578064,0.8440256714820862,0.1705082803964615,0.7664251923561096,0.30834752321243286,0.8702970147132874,-0.025397947058081627,0.9834704399108887,0.3079890310764313,0.8683198094367981,0.17279855906963348,0.7755457162857056,0.2585911154747009,0.879681408405304,-0.08799465000629425,0.9868515133857727,0.2620064616203308,0.8674532175064087,0.12362167984247208,0.8424407839775085
125,0.3116024434566498,0.35661280155181885,-0.008834290318191051,0.999596357345581,0.31941404938697815,0.346873015165329,-0.02749514952301979,0.9996262788772583,0.3205331265926361,0.34688514471054077,-0.027528101578354836,0.9996614456176758,0.32176682353019714,0.34683680534362793,-0.02751433476805687,0.9997246265411377,0.31990426778793335,0.3470589816570282,0.00402800552546978,0.9994702339172363,0.321266233921051,0.347182035446167,0.0040570758283138275,0.9993059039115906,0.3227398097515106,0.34717726707458496,0.004032348748296499,0.9994362592697144,0.33070260286331177,0.35566750168800354,-0.07922733575105667,0.9997026920318604,0.3317692279815674,0.3553646206855774,0.060602787882089615,0.9987217783927917,0.31358572840690613,0.36850395798683167,-0.025114089250564575,0.9993388652801514,0.3139133155345917,0.36890748143196106,0.015373479574918747,0.999064564704895,0.3249379098415375,0.40398290753364563,-0.17756643891334534,0.9999859929084778,0.3490138053894043,0.4254723787307739,0.1603265255689621,0.9990655779838562,0.30536070466041565,0.48321887850761414,-0.2283063530921936,0.9954191446304321,0.3294430673122406,0.5052774548530579,0.1932513415813446,0.03693700209259987,0.2702573239803314,0.5563269853591919,-0.1948595643043518,0.9819372892379761,0.3038501739501953,0.5656303763389587,0.1430814266204834,0.051391132175922394,0.262613981962204,0.5782665014266968,-0.22334825992584229,0.9650094509124756,0.28003445267677307,0.5794787406921387,0.14882990717887878,0.06737412512302399,0.25933969020843506,0.579375147819519,-0.21308520436286926,0.9618350267410278,0.27526283264160156,0.5799083113670349,0.11670610308647156,0.0698694959282875,0.26186686754226685,0.5722829699516296,-0.18905481696128845,0.9347384572029114,0.2798922061920166,0.5744960308074951,0.12765222787857056,0.07070470601320267,0.30149006843566895,0.5771255493164062,-0.10283685475587845,0.9989676475524902,0.31875133514404297,0.5834417939186096,0.10273000597953796,0.997002363204956,0.2958187758922577,0.7065059542655945,-0.07697086781263351,0.9700935482978821,0.2991032004356384,0.7068216800689697,0.11505018919706345,0.5651260018348694,0.295276403427124,0.8472779989242554,-0.026607368141412735,0.9871882796287537,0.29586470127105713,0.8439930081367493,0.1692098081111908,0.7635974884033203,0.30843934416770935,0.8707848787307739,-0.024317540228366852,0.9832934141159058,0.3083368241786957,0.8682960271835327,0.1713741272687912,0.7738107442855835,0.2587781250476837,0.8804590106010437,-0.08492393046617508,0.9864575862884521,0.2627093493938446,0.8678848743438721,0.12191164493560791,0.8408098816871643
126,0.3116268217563629,0.35537028312683105,-0.006770484149456024,0.9996148347854614,0.3195038437843323,0.3460264801979065,-0.02567177638411522,0.9996424317359924,0.32062265276908875,0.34613311290740967,-0.025705529376864433,0.9996759295463562,0.3218592703342438,0.34617286920547485,-0.025692982599139214,0.9997358918190002,0.3199739456176758,0.34611865878105164,0.0060567064210772514,0.9994938969612122,0.3213202953338623,0.3462884724140167,0.006086498964577913,0.9993395209312439,0.3227776288986206,0.34631726145744324,0.00606191623955965,0.9994632005691528,0.33079999685287476,0.35522374510765076,-0.07884372025728226,0.9997137188911438,0.3317732810974121,0.35469940304756165,0.06269653141498566,0.9987862706184387,0.31340616941452026,0.36767610907554626,-0.02308165468275547,0.9993700385093689,0.3137044906616211,0.36799874901771545,0.017532534897327423,0.9991095066070557,0.32572072744369507,0.40398654341697693,-0.17515163123607635,0.9999858736991882,0.346738338470459,0.42484211921691895,0.16141758859157562,0.999083399772644,0.3076416850090027,0.48207035660743713,-0.22527213394641876,0.9955057501792908,0.33035802841186523,0.5038682222366333,0.1935475766658783,0.038409534841775894,0.2715127170085907,0.5563156008720398,-0.19568943977355957,0.98281329870224,0.3036390542984009,0.5675002932548523,0.14276555180549622,0.05482842028141022,0.26335379481315613,0.5784165859222412,-0.2248009592294693,0.9665256142616272,0.27803847193717957,0.5795007348060608,0.14834265410900116,0.0711432695388794,0.259588360786438,0.579397439956665,-0.21462062001228333,0.9635006189346313,0.2735719680786133,0.5799699425697327,0.1161118745803833,0.0738101378083229,0.2621639668941498,0.5722942352294922,-0.19016461074352264,0.9375004768371582,0.27831363677978516,0.5745773315429688,0.12729239463806152,0.0747983530163765,0.30274468660354614,0.577128529548645,-0.1013479009270668,0.9989232420921326,0.31882017850875854,0.5834261775016785,0.10123865306377411,0.996964156627655,0.2969229817390442,0.7064590454101562,-0.07808767259120941,0.9690390825271606,0.2994905412197113,0.7066549062728882,0.1097327172756195,0.559761643409729,0.29539456963539124,0.84726482629776,-0.03037957474589348,0.986386775970459,0.29589322209358215,0.8437511324882507,0.15992170572280884,0.756957471370697,0.30852600932121277,0.8709667921066284,-0.028477875515818596,0.9826589822769165,0.3085795044898987,0.8681789636611938,0.1615527719259262,0.7692394852638245,0.2588528096675873,0.8806310892105103,-0.09005247801542282,0.985639214515686,0.26687517762184143,0.8650720119476318,0.11103395372629166,0.8365614414215088
127,0.3111138343811035,0.3553953170776367,-0.00494474358856678,0.9996175765991211,0.31913259625434875,0.34610727429389954,-0.02322576940059662,0.9996452927589417,0.32029467821121216,0.34622806310653687,-0.02326696179807186,0.9996780157089233,0.3215944766998291,0.34628400206565857,-0.023257561028003693,0.9997369050979614,0.3194812536239624,0.34614741802215576,0.007862711325287819,0.9995001554489136,0.3207816183567047,0.3463362455368042,0.007883593440055847,0.9993502497673035,0.32220524549484253,0.3463759124279022,0.007840714417397976,0.9994723200798035,0.33080512285232544,0.3553294837474823,-0.07470333576202393,0.9997134804725647,0.3313419222831726,0.35472145676612854,0.06332545727491379,0.9988076090812683,0.3129260838031769,0.3677753210067749,-0.020914221182465553,0.9993754625320435,0.31306084990501404,0.36801421642303467,0.018829558044672012,0.9991198182106018,0.3277420103549957,0.4054220914840698,-0.1717395782470703,0.9999853372573853,0.34545019268989563,0.42447349429130554,0.16267161071300507,0.9990801811218262,0.3092774748802185,0.4824672043323517,-0.2230663299560547,0.9954860210418701,0.3296259939670563,0.5039135217666626,0.19612078368663788,0.03851372003555298,0.27242204546928406,0.5567325949668884,-0.1950855553150177,0.9831458926200867,0.3028319478034973,0.5687094330787659,0.14512600004673004,0.0557941198348999,0.26482343673706055,0.57914137840271,-0.22357439994812012,0.9670918583869934,0.2780377268791199,0.5805023908615112,0.15114574134349823,0.07226839661598206,0.26043543219566345,0.5796698927879333,-0.21341711282730103,0.9641538262367249,0.27352526783943176,0.5813069343566895,0.11905336380004883,0.07502090185880661,0.2626309394836426,0.5728189945220947,-0.18945059180259705,0.938612699508667,0.2783949375152588,0.576036274433136,0.12967418134212494,0.0762077122926712,0.3042697310447693,0.5771229863166809,-0.10156534612178802,0.9988712668418884,0.31884098052978516,0.5833321213722229,0.10145395249128342,0.9968780875205994,0.29758843779563904,0.7063359022140503,-0.07835374772548676,0.9674219489097595,0.29998812079429626,0.7065904140472412,0.10763431340456009,0.5484230518341064,0.2955220937728882,0.8473635911941528,-0.03184749558568001,0.9853642582893372,0.29601290822029114,0.8437460064888,0.15537147223949432,0.7469237446784973,0.30856597423553467,0.8712414503097534,-0.030412226915359497,0.9816964268684387,0.30865296721458435,0.8681756854057312,0.15686452388763428,0.7627220153808594,0.2584051787853241,0.8796032071113586,-0.09142371267080307,0.9846100211143494,0.2663985788822174,0.8652456998825073,0.10643135011196136,0.8297497034072876
128,0.310790479183197,0.35543951392173767,-0.002600613050162792,0.999620795249939,0.3189135491847992,0.34618818759918213,-0.020703284069895744,0.9996475577354431,0.3201417326927185,0.3463095724582672,-0.02074735425412655,0.9996791481971741,0.3215147852897644,0.346362441778183,-0.020737964659929276,0.9997371435165405,0.3191370666027069,0.3461684286594391,0.010181966237723827,0.9995071887969971,0.32040920853614807,0.3463640809059143,0.010196274146437645,0.9993621110916138,0.3218034505844116,0.3464193344116211,0.010142853483557701,0.9994818568229675,0.33085528016090393,0.3553522229194641,-0.07186248153448105,0.9997127652168274,0.3310765027999878,0.3547106385231018,0.06480953842401505,0.9988315105438232,0.312770813703537,0.36778557300567627,-0.018661778420209885,0.9993818402290344,0.3127603530883789,0.3680378794670105,0.02078607678413391,0.9991308450698853,0.3299657106399536,0.40615957975387573,-0.16910946369171143,0.999984860420227,0.34378090500831604,0.42377468943595886,0.1634802520275116,0.9990793466567993,0.31340551376342773,0.4824623167514801,-0.22223183512687683,0.9955220222473145,0.3298402428627014,0.5044439435005188,0.1972692757844925,0.03865869343280792,0.27517765760421753,0.556727945804596,-0.19585242867469788,0.9836605787277222,0.30303141474723816,0.5700815916061401,0.1459294855594635,0.057110052555799484,0.2676488161087036,0.5792940855026245,-0.22430939972400665,0.9679476022720337,0.2788844108581543,0.5828081965446472,0.15201161801815033,0.07380133122205734,0.26311659812927246,0.5796756148338318,-0.21380504965782166,0.9650974869728088,0.2824544906616211,0.5884667038917542,0.11988484859466553,0.07660231739282608,0.2650207281112671,0.5728493928909302,-0.19008636474609375,0.9401621222496033,0.27917471528053284,0.5784399509429932,0.13049009442329407,0.07798438519239426,0.3068629205226898,0.5771570801734924,-0.10140026360750198,0.9988088011741638,0.31890782713890076,0.5832825899124146,0.101292684674263,0.9967861771583557,0.2978309988975525,0.7061340808868408,-0.07852794229984283,0.9657809734344482,0.30012089014053345,0.7064391374588013,0.10620015114545822,0.5361775159835815,0.29558733105659485,0.8474509716033936,-0.03228579834103584,0.9838731288909912,0.29618215560913086,0.8437007665634155,0.15216070413589478,0.7341350317001343,0.30833491683006287,0.8714801073074341,-0.030898364260792732,0.9806168675422668,0.30869531631469727,0.8681190013885498,0.1535291224718094,0.754565417766571,0.25747916102409363,0.8789551854133606,-0.09329257160425186,0.9830616116523743,0.26642778515815735,0.8621931672096252,0.10359034687280655,0.8199131488800049
129,0.310260534286499,0.3559762239456177,0.009572301991283894,0.9996241331100464,0.3181627094745636,0.3470340073108673,-0.0086738970130682,0.9996491074562073,0.31948086619377136,0.34705743193626404,-0.008722874335944653,0.9996808171272278,0.32096245884895325,0.34699374437332153,-0.00871493760496378,0.9997379779815674,0.31829753518104553,0.34697455167770386,0.02222272753715515,0.9995103478431702,0.31959110498428345,0.34703513979911804,0.022239699959754944,0.9993679523468018,0.32100990414619446,0.3469478487968445,0.02218666672706604,0.9994839429855347,0.3308791518211365,0.3553704023361206,-0.06096690893173218,0.9997157454490662,0.3305934965610504,0.354727178812027,0.0756775364279747,0.9988387823104858,0.31267014145851135,0.36827075481414795,-0.0069807423278689384,0.9993875622749329,0.31253325939178467,0.36850103735923767,0.03256713226437569,0.9991258978843689,0.3340952694416046,0.4067159593105316,-0.1617744415998459,0.9999850392341614,0.34293684363365173,0.42342281341552734,0.17035280168056488,0.999035120010376,0.32017362117767334,0.4823264181613922,-0.22065894305706024,0.9956609010696411,0.3301713168621063,0.5044140815734863,0.20366252958774567,0.03783342242240906,0.2812676429748535,0.5566900968551636,-0.19826564192771912,0.9843890070915222,0.30321547389030457,0.5700971484184265,0.15333117544651031,0.05636558309197426,0.273937463760376,0.5793782472610474,-0.22606594860553741,0.9692039489746094,0.27962854504585266,0.5831042528152466,0.15940330922603607,0.07299049943685532,0.2686002850532532,0.5793829560279846,-0.21532021462917328,0.9664552211761475,0.28602781891822815,0.5881010293960571,0.12810012698173523,0.07575707882642746,0.270646333694458,0.5723981261253357,-0.19215284287929535,0.9423701167106628,0.2899352014064789,0.580788254737854,0.13806100189685822,0.07735176384449005,0.311378538608551,0.5771602392196655,-0.10153553634881973,0.9987970590591431,0.31893399357795715,0.5832746624946594,0.10142698138952255,0.9967259168624878,0.29802408814430237,0.7052527666091919,-0.08809810876846313,0.964964747428894,0.29987573623657227,0.7057888507843018,0.10368649661540985,0.5255398750305176,0.2957504391670227,0.8474913239479065,-0.05513758212327957,0.9827849864959717,0.2962675094604492,0.8436251878738403,0.13841024041175842,0.7229668498039246,0.30835995078086853,0.8714454770088196,-0.054684560745954514,0.9796218872070312,0.30872708559036255,0.8679678440093994,0.1385401487350464,0.7461836934089661,0.25627318024635315,0.8795413374900818,-0.11636938899755478,0.98199063539505,0.260772705078125,0.8638030886650085,0.08897246420383453,0.8108949065208435
130,0.3094371259212494,0.3569495975971222,0.009545567445456982,0.9996068477630615,0.31661614775657654,0.34814199805259705,-0.00884978286921978,0.9996306896209717,0.3181060552597046,0.347988486289978,-0.00889869499951601,0.999665379524231,0.31974098086357117,0.3477194011211395,-0.008892107754945755,0.9997256994247437,0.3164113163948059,0.34809041023254395,0.022625192999839783,0.9994820952415466,0.3176320195198059,0.34796592593193054,0.02264743112027645,0.99933260679245,0.31896302103996277,0.3476894199848175,0.022602736949920654,0.9994490146636963,0.33086130023002625,0.3552761375904083,-0.061502404510974884,0.9997067451477051,0.3295193612575531,0.35468336939811707,0.07814536988735199,0.9987496733665466,0.31251540780067444,0.3691006302833557,-0.007204321678727865,0.9993683099746704,0.3120787739753723,0.36933964490890503,0.03317867964506149,0.9990650415420532,0.3378678262233734,0.4072563946247101,-0.1630026400089264,0.9999854564666748,0.3412460386753082,0.42239251732826233,0.17462755739688873,0.9989388585090637,0.3264816105365753,0.48199713230133057,-0.2279396504163742,0.9958534836769104,0.330369770526886,0.4974639117717743,0.2107485979795456,0.03634447231888771,0.2872438132762909,0.556578516960144,-0.2126120924949646,0.9852007031440735,0.3011171519756317,0.5691651701927185,0.15929755568504333,0.054616302251815796,0.27914515137672424,0.5793746709823608,-0.24127764999866486,0.9705974459648132,0.28422272205352783,0.5830937623977661,0.1652449071407318,0.07103531807661057,0.27398765087127686,0.5787938833236694,-0.2291676253080368,0.9679563045501709,0.2887301445007324,0.5877358913421631,0.1334667205810547,0.0737246721982956,0.27622509002685547,0.5718047618865967,-0.20576338469982147,0.9447301030158997,0.29425081610679626,0.5803725719451904,0.14364592730998993,0.07549002766609192,0.31527164578437805,0.5772109627723694,-0.10283868759870529,0.9987989664077759,0.3189667761325836,0.5832143425941467,0.10274650156497955,0.9966435432434082,0.2979578971862793,0.7047876119613647,-0.09074242413043976,0.9643914103507996,0.2997128665447235,0.70543372631073,0.10581612586975098,0.5129755735397339,0.2959730923175812,0.8474096655845642,-0.05691526457667351,0.9818378686904907,0.2961161434650421,0.84295254945755,0.14389537274837494,0.710396945476532,0.3085702061653137,0.8713451623916626,-0.056133709847927094,0.9785975813865662,0.3088032901287079,0.8673253059387207,0.1445392519235611,0.736824631690979,0.2547447979450226,0.8802888989448547,-0.11888763308525085,0.9810612201690674,0.25750285387039185,0.8648803234100342,0.09469154477119446,0.8012004494667053
131,0.3084348738193512,0.3582252562046051,0.009821721352636814,0.9996077418327332,0.3145388662815094,0.34926071763038635,-0.008701395243406296,0.9996312856674194,0.31630179286003113,0.34897252917289734,-0.008753118105232716,0.9996668696403503,0.3181946873664856,0.3485276699066162,-0.008752305060625076,0.9997276067733765,0.3138220012187958,0.3492303490638733,0.02290765754878521,0.9994792342185974,0.3149273991584778,0.34898605942726135,0.02293689176440239,0.9993277788162231,0.3161519169807434,0.3485868275165558,0.022902458906173706,0.9994401931762695,0.3308696746826172,0.35512545704841614,-0.06155188009142876,0.9997139573097229,0.3278254568576813,0.3546748459339142,0.07883498817682266,0.9987329840660095,0.31238284707069397,0.3703990876674652,-0.006966358982026577,0.9993813037872314,0.3116040825843811,0.37045037746429443,0.03366922214627266,0.9990551471710205,0.3431684970855713,0.40830934047698975,-0.16342926025390625,0.9999862313270569,0.34066247940063477,0.42222490906715393,0.17560750246047974,0.9988670945167542,0.3322736322879791,0.4818086326122284,-0.22787797451019287,0.9961039423942566,0.33038613200187683,0.49394577741622925,0.2126167118549347,0.035093486309051514,0.2932770550251007,0.5565192699432373,-0.21327874064445496,0.9861345887184143,0.30050238966941833,0.5674436092376709,0.16151206195354462,0.052809249609708786,0.28625133633613586,0.5794212222099304,-0.24181553721427917,0.9722407460212708,0.28718453645706177,0.5827457904815674,0.16720566153526306,0.06879524886608124,0.2810153365135193,0.5783458352088928,-0.23004098236560822,0.9697439670562744,0.29528510570526123,0.587445080280304,0.1362524926662445,0.07139536738395691,0.2828183174133301,0.5712538957595825,-0.20642732083797455,0.9475803375244141,0.2969246804714203,0.5799543857574463,0.14610524475574493,0.07327728718519211,0.31884363293647766,0.5769349932670593,-0.10289488732814789,0.9988278746604919,0.3189747929573059,0.5823351144790649,0.10281290113925934,0.9966228008270264,0.2983465790748596,0.7033054232597351,-0.09685613960027695,0.9636028409004211,0.29972007870674133,0.7035743594169617,0.10583875328302383,0.49923598766326904,0.2964945435523987,0.847104012966156,-0.06853768974542618,0.9805333614349365,0.29619812965393066,0.8425161242485046,0.1376733034849167,0.6960360407829285,0.30891579389572144,0.8710299730300903,-0.06821119040250778,0.9769945740699768,0.3087874948978424,0.8669764399528503,0.13733212649822235,0.7258566617965698,0.25426676869392395,0.880272388458252,-0.1321825236082077,0.979931116104126,0.2566568851470947,0.8653044104576111,0.0866260752081871,0.7897449135780334
132,0.30844467878341675,0.35946229100227356,0.0204694215208292,0.999629557132721,0.31444504857063293,0.35042357444763184,0.003104635514318943,0.9996511340141296,0.3163307011127472,0.3499584496021271,0.0030397740192711353,0.9996852874755859,0.31833121180534363,0.3492816388607025,0.0030246551614254713,0.9997435808181763,0.3132314085960388,0.3506091237068176,0.03395014628767967,0.9995074272155762,0.31411170959472656,0.3503563404083252,0.03398660570383072,0.9993618130683899,0.31508779525756836,0.3499263525009155,0.033960193395614624,0.9994659423828125,0.33149975538253784,0.3549513518810272,-0.04205993935465813,0.9997336864471436,0.32670170068740845,0.3546864688396454,0.09499230980873108,0.9987892508506775,0.31262049078941345,0.3714977502822876,0.006854150909930468,0.9994204044342041,0.31165844202041626,0.37164896726608276,0.04650728404521942,0.9990885257720947,0.3481808602809906,0.4092203974723816,-0.14827018976211548,0.9999872446060181,0.3356538414955139,0.4222286343574524,0.1950063854455948,0.9988307952880859,0.3395428955554962,0.4819595515727997,-0.21855340898036957,0.9963259696960449,0.3289039731025696,0.49331411719322205,0.22817665338516235,0.03437071666121483,0.3000315725803375,0.5553077459335327,-0.21276062726974487,0.986987829208374,0.30193907022476196,0.5638699531555176,0.17674806714057922,0.051162268966436386,0.2946649491786957,0.5787185430526733,-0.24026378989219666,0.9737693667411804,0.29399916529655457,0.5830858945846558,0.1816752851009369,0.06643647700548172,0.2885478436946869,0.5766277313232422,-0.23028631508350372,0.9713963270187378,0.29575663805007935,0.5866396427154541,0.15442116558551788,0.06891985237598419,0.2894812226295471,0.5692270994186401,-0.20653463900089264,0.9502163529396057,0.2966518700122833,0.5790241360664368,0.16211876273155212,0.07096974551677704,0.32559671998023987,0.5755937695503235,-0.10388972610235214,0.998877763748169,0.318004310131073,0.5804665684700012,0.10381004959344864,0.996654212474823,0.29965534806251526,0.7006359100341797,-0.11929116398096085,0.9634101390838623,0.29942238330841064,0.7012463212013245,0.09997860342264175,0.49192702770233154,0.2980106472969055,0.8470896482467651,-0.11558354645967484,0.9797180891036987,0.29626187682151794,0.842519223690033,0.10602257400751114,0.684882402420044,0.31016984581947327,0.8710227012634277,-0.11828763782978058,0.9743659496307373,0.30881181359291077,0.8671767711639404,0.10299140959978104,0.7179444432258606,0.2536562383174896,0.8810847997665405,-0.19720104336738586,0.9794116020202637,0.25399133563041687,0.8668782711029053,0.05044075474143028,0.7822262048721313
133,0.3084515631198883,0.3595450818538666,0.01676417514681816,0.9996460676193237,0.31437593698501587,0.35046136379241943,-0.0010169106535613537,0.9996642470359802,0.31637439131736755,0.3499823212623596,-0.0010744991013780236,0.999698281288147,0.31846216320991516,0.34928297996520996,-0.0010822664480656385,0.9997546076774597,0.3126380741596222,0.35072094202041626,0.030034620314836502,0.9995277523994446,0.31323641538619995,0.3505229651927948,0.030066870152950287,0.999385416507721,0.3138473331928253,0.3501588702201843,0.030037496238946915,0.9994804859161377,0.33247917890548706,0.3541303873062134,-0.04563676193356514,0.9997493028640747,0.32517001032829285,0.354545921087265,0.09064336866140366,0.9988256692886353,0.31293198466300964,0.37163710594177246,0.0029220699798315763,0.9994515776634216,0.311678946018219,0.3719480335712433,0.042527131736278534,0.9991058707237244,0.3521701693534851,0.40947800874710083,-0.14778588712215424,0.9999880790710449,0.33328190445899963,0.4212319552898407,0.1909608095884323,0.9988011717796326,0.34429672360420227,0.4820719361305237,-0.2151024341583252,0.9964962005615234,0.3283248543739319,0.4919804334640503,0.22419050335884094,0.03380223736166954,0.30657514929771423,0.5553041696548462,-0.2110719233751297,0.9876816868782043,0.30283042788505554,0.5616480708122253,0.17410658299922943,0.04995135962963104,0.30221864581108093,0.5786756873130798,-0.23818278312683105,0.9750219583511353,0.3006872534751892,0.5836330652236938,0.17873415350914001,0.06466145813465118,0.29496678709983826,0.5764253735542297,-0.2290588915348053,0.9727471470832825,0.29807335138320923,0.5859343409538269,0.15210121870040894,0.06704910099506378,0.2952580451965332,0.5691731572151184,-0.20522074401378632,0.9524320363998413,0.2997123897075653,0.5782245397567749,0.15979823470115662,0.0692625567317009,0.32879090309143066,0.5755557417869568,-0.10384177416563034,0.9989107847213745,0.3180473744869232,0.5800538063049316,0.10376229137182236,0.9966757297515869,0.3008948266506195,0.7005397081375122,-0.11913058906793594,0.9624894261360168,0.29945051670074463,0.7014663815498352,0.09572256356477737,0.4856952130794525,0.29888084530830383,0.8472467660903931,-0.11394866555929184,0.9781247973442078,0.2962886095046997,0.842653751373291,0.10010626912117004,0.6737661361694336,0.31125307083129883,0.8714585304260254,-0.11666236072778702,0.9705992937088013,0.3090991675853729,0.867929995059967,0.09699954837560654,0.710389256477356,0.2526964843273163,0.8810613751411438,-0.19417135417461395,0.978153645992279,0.2514360547065735,0.8668776154518127,0.045789606869220734,0.7739546895027161
134,0.3085295259952545,0.35956066846847534,0.012430279515683651,0.9996644258499146,0.3145756721496582,0.3504512310028076,-0.004531804472208023,0.9996790289878845,0.31651386618614197,0.34991925954818726,-0.00460920762270689,0.9997125864028931,0.31861990690231323,0.34911665320396423,-0.004643629305064678,0.9997668862342834,0.31238144636154175,0.3506896495819092,0.026769151911139488,0.9995507001876831,0.31261956691741943,0.3505176603794098,0.026832781732082367,0.9994120001792908,0.31275996565818787,0.35020768642425537,0.02681179717183113,0.9994980692863464,0.3337486684322357,0.3529580235481262,-0.04839932918548584,0.999764621257782,0.32296204566955566,0.35429641604423523,0.09003721922636032,0.9988638162612915,0.3139461874961853,0.3716298043727875,0.0010746297193691134,0.9994829297065735,0.3117225170135498,0.37212932109832764,0.04062844440340996,0.9991267323493958,0.3568962812423706,0.409873366355896,-0.1491083800792694,0.9999889135360718,0.33051976561546326,0.42116713523864746,0.1956588625907898,0.9987815022468567,0.34893494844436646,0.4821365475654602,-0.21616457402706146,0.9966599941253662,0.3269440829753876,0.49294134974479675,0.22997061908245087,0.033516187220811844,0.3142852485179901,0.5553175806999207,-0.22253626585006714,0.9884011149406433,0.30285564064979553,0.5600031018257141,0.17806556820869446,0.0499083511531353,0.31064268946647644,0.5792582035064697,-0.25031641125679016,0.9763304591178894,0.29995718598365784,0.5842701196670532,0.1819724440574646,0.06412482261657715,0.3030892014503479,0.5765987038612366,-0.2437630146741867,0.9741626977920532,0.2985225021839142,0.5856119394302368,0.15577752888202667,0.06645777821540833,0.30236929655075073,0.5692387223243713,-0.21757705509662628,0.9547407031059265,0.2993699014186859,0.5779137015342712,0.16377069056034088,0.06893987208604813,0.33206698298454285,0.5763370394706726,-0.1045035570859909,0.9989292025566101,0.31790363788604736,0.580104649066925,0.10444966703653336,0.9966723918914795,0.3011230230331421,0.7004262208938599,-0.11911536753177643,0.9613480567932129,0.2995400130748749,0.701525866985321,0.09684313833713531,0.4802609384059906,0.29885774850845337,0.8472658395767212,-0.11042150110006332,0.9759466648101807,0.29632368683815,0.8427000641822815,0.1039891242980957,0.6626569032669067,0.31131234765052795,0.8716104626655579,-0.11291850358247757,0.9663172364234924,0.30918392539024353,0.8682200312614441,0.1012725979089737,0.7043288946151733,0.24937830865383148,0.8799692392349243,-0.1906254142522812,0.976030707359314,0.24830196797847748,0.8656781315803528,0.05055292695760727,0.7640228867530823
135,0.30862829089164734,0.35954374074935913,-0.0046512954868376255,0.9996859431266785,0.31470900774002075,0.35040083527565,-0.018354784697294235,0.9996979832649231,0.31666532158851624,0.3498157858848572,-0.018452981486916542,0.9997310042381287,0.3192778527736664,0.3488967716693878,-0.01850847527384758,0.9997819662094116,0.3119874894618988,0.35066458582878113,0.011467041447758675,0.9995782375335693,0.31180259585380554,0.35049912333488464,0.011536617763340473,0.9994468688964844,0.3114573359489441,0.3502213656902313,0.011517435312271118,0.999523401260376,0.3348577916622162,0.35220539569854736,-0.04728473350405693,0.999782145023346,0.320926696062088,0.3542376458644867,0.08847068250179291,0.998923659324646,0.3152819573879242,0.37154191732406616,-0.008563447743654251,0.9995182156562805,0.31174343824386597,0.3721249997615814,0.029787439852952957,0.9991630911827087,0.3585140109062195,0.41018956899642944,-0.1422724574804306,0.9999896883964539,0.32730698585510254,0.42137864232063293,0.20194515585899353,0.9987576007843018,0.3527689576148987,0.48215821385383606,-0.211055189371109,0.9967608451843262,0.3235151469707489,0.4930788278579712,0.24337154626846313,0.03411262482404709,0.3218653202056885,0.5552992820739746,-0.22286927700042725,0.988767683506012,0.30247601866722107,0.5596699118614197,0.1854771226644516,0.05199415609240532,0.3187733590602875,0.5797877311706543,-0.250495046377182,0.9769567847251892,0.2988591492176056,0.5842682123184204,0.1874542385339737,0.06613737344741821,0.3102792799472809,0.5766264796257019,-0.24748830497264862,0.9748572111129761,0.29702135920524597,0.5846704244613647,0.16170795261859894,0.06852208077907562,0.3091162145137787,0.5692793726921082,-0.21931542456150055,0.9559410214424133,0.2986952066421509,0.5774735808372498,0.17126625776290894,0.07122335582971573,0.3328284025192261,0.5784627199172974,-0.10658463090658188,0.9989657998085022,0.31667670607566833,0.5812627673149109,0.10656944662332535,0.9967349767684937,0.30186229944229126,0.7006071209907532,-0.12894313037395477,0.9613391757011414,0.2992627024650574,0.7020575404167175,0.0960783138871193,0.4792185425758362,0.2994596064090729,0.8469189405441284,-0.12311845272779465,0.9747467637062073,0.29517942667007446,0.8426181077957153,0.09962975978851318,0.657322347164154,0.3129183053970337,0.8715291023254395,-0.12612321972846985,0.9625603556632996,0.3086901903152466,0.8685277700424194,0.0964055210351944,0.701606035232544,0.2500859498977661,0.8709319829940796,-0.20713116228580475,0.9746076464653015,0.24559268355369568,0.8647645711898804,0.04360509291291237,0.7586749196052551
136,0.310316801071167,0.359559565782547,-0.020855892449617386,0.9997103810310364,0.31608226895332336,0.3503742516040802,-0.029003500938415527,0.9997208714485168,0.31875360012054443,0.34980309009552,-0.029115183278918266,0.9997527003288269,0.32214003801345825,0.34886181354522705,-0.029175201430916786,0.999799370765686,0.31228020787239075,0.3506792187690735,-0.002188456477597356,0.9996101260185242,0.3120655417442322,0.3505662977695465,-0.0021332153119146824,0.9994888305664062,0.3115033507347107,0.3503860831260681,-0.0021475907415151596,0.9995566606521606,0.33672696352005005,0.3520451486110687,-0.03535131737589836,0.9998008608818054,0.3193597197532654,0.35424649715423584,0.08792734146118164,0.9990020394325256,0.31814512610435486,0.3714333176612854,-0.017476897686719894,0.9995580315589905,0.3124009668827057,0.3721420168876648,0.017101597040891647,0.9992188215255737,0.36041298508644104,0.41027921438217163,-0.1216205507516861,0.9999905228614807,0.324201762676239,0.4214498996734619,0.20909592509269714,0.9987682104110718,0.356745183467865,0.48210856318473816,-0.19811230897903442,0.9969344139099121,0.31811434030532837,0.49554675817489624,0.25884485244750977,0.0365554578602314,0.33191555738449097,0.5555303692817688,-0.2369149625301361,0.9893715977668762,0.3000785708427429,0.560041606426239,0.1945822387933731,0.05843015015125275,0.32848799228668213,0.5806831121444702,-0.2663092315196991,0.9780693054199219,0.2918594181537628,0.5845317244529724,0.19393524527549744,0.07293642312288284,0.3203418552875519,0.5766515135765076,-0.2676028609275818,0.9761055707931519,0.2903922498226166,0.5840122699737549,0.16874960064888,0.07546114921569824,0.31956833600997925,0.5693091154098511,-0.23564276099205017,0.9581040143966675,0.29393845796585083,0.5768170952796936,0.18085047602653503,0.07789607346057892,0.33361533284187317,0.5789622068405151,-0.10730434209108353,0.9990344047546387,0.3146401643753052,0.5814607739448547,0.10728999227285385,0.9968959093093872,0.3017119765281677,0.6997469067573547,-0.14896245300769806,0.9612236022949219,0.29680153727531433,0.7004615068435669,0.07879085838794708,0.4810994565486908,0.3002338707447052,0.8463373780250549,-0.1559217870235443,0.9741087555885315,0.2949290871620178,0.8418885469436646,0.07056337594985962,0.6554450392723083,0.31447115540504456,0.8712846040725708,-0.16005155444145203,0.9595873951911926,0.30872154235839844,0.8683433532714844,0.0661637932062149,0.6995729804039001,0.25101226568222046,0.869845449924469,-0.24568235874176025,0.9741188287734985,0.2464691400527954,0.8637723326683044,0.008664747700095177,0.758210301399231
137,0.3120499551296234,0.3594832718372345,-0.02760096825659275,0.9997351169586182,0.3180064857006073,0.35021281242370605,-0.034206997603178024,0.9997443556785583,0.32124435901641846,0.3496220111846924,-0.03431103006005287,0.9997738599777222,0.3248720169067383,0.3486788272857666,-0.03436066955327988,0.9998166561126709,0.31235021352767944,0.3505597710609436,-0.00869839359074831,0.9996433258056641,0.31235092878341675,0.35047876834869385,-0.00864480808377266,0.9995321035385132,0.31168004870414734,0.35033470392227173,-0.008660406805574894,0.9995930194854736,0.3381722569465637,0.35202914476394653,-0.034602630883455276,0.9998182654380798,0.31819257140159607,0.35417425632476807,0.08500827848911285,0.9990827441215515,0.31998419761657715,0.371124267578125,-0.023563990369439125,0.999597430229187,0.31290218234062195,0.3719913363456726,0.009190094657242298,0.9992828965187073,0.36190739274024963,0.41013726592063904,-0.11804317682981491,0.9999912977218628,0.3231075406074524,0.4218415915966034,0.20203334093093872,0.9988301992416382,0.3601624071598053,0.48216307163238525,-0.1985156089067459,0.9970910549163818,0.3117292523384094,0.5060674548149109,0.24558338522911072,0.040850114077329636,0.3387690782546997,0.5561057329177856,-0.252673476934433,0.9900671243667603,0.2899567782878876,0.5733767151832581,0.19396091997623444,0.07026102393865585,0.33569321036338806,0.5831055045127869,-0.28349247574806213,0.9794304370880127,0.2854304611682892,0.5961029529571533,0.182166188955307,0.08472570031881332,0.32794690132141113,0.5782465934753418,-0.28391221165657043,0.9776025414466858,0.28444012999534607,0.5961260199546814,0.15873990952968597,0.08733566105365753,0.32661503553390503,0.5704455375671387,-0.2513182759284973,0.9606583118438721,0.28775379061698914,0.5877569317817688,0.17771850526332855,0.08925525099039078,0.3346763551235199,0.5783770084381104,-0.10558567196130753,0.9991047382354736,0.313171923160553,0.5812487006187439,0.10556571185588837,0.9970856308937073,0.3016490340232849,0.6989153027534485,-0.14008167386054993,0.9588682651519775,0.2968091368675232,0.6982735395431519,0.06782452762126923,0.4767787456512451,0.3000052273273468,0.8456816077232361,-0.14585193991661072,0.9720972180366516,0.2949923276901245,0.84160315990448,0.06498674303293228,0.6490157842636108,0.3125750422477722,0.8691554665565491,-0.15013529360294342,0.9540814161300659,0.30868327617645264,0.8668888211250305,0.06148567050695419,0.6921598315238953,0.2511991858482361,0.8676179647445679,-0.24105054140090942,0.9724538922309875,0.24717822670936584,0.86055588722229,-0.0006777975941076875,0.7549382448196411
138,0.3150719404220581,0.359114408493042,-0.018942266702651978,0.9997594952583313,0.32130342721939087,0.3496781289577484,-0.02549085207283497,0.9997674226760864,0.32461869716644287,0.3490947186946869,-0.02563321776688099,0.9997944831848145,0.32831642031669617,0.34823092818260193,-0.025708269327878952,0.9998334050178528,0.3140820860862732,0.3500922620296478,-0.005226324312388897,0.9996759295463562,0.31286925077438354,0.3500717878341675,-0.005195556208491325,0.9995748400688171,0.31200024485588074,0.3500019907951355,-0.00522563885897398,0.9996297359466553,0.3399847149848938,0.35198885202407837,-0.006368865724653006,0.9998348355293274,0.31730934977531433,0.3540641665458679,0.09970878809690475,0.9991642236709595,0.32248008251190186,0.3704877495765686,-0.013335178606212139,0.9996346831321716,0.31401053071022034,0.3715328872203827,0.009548346512019634,0.9993467926979065,0.36312708258628845,0.41012316942214966,-0.08750724047422409,0.9999920725822449,0.32114720344543457,0.42299187183380127,0.21032726764678955,0.9989132881164551,0.3624211251735687,0.4823834300041199,-0.17975620925426483,0.9972424507141113,0.3054873049259186,0.5113251209259033,0.2556481659412384,0.05039028078317642,0.3470988869667053,0.5568639039993286,-0.2540455162525177,0.9906730055809021,0.2859693467617035,0.5782074928283691,0.18889537453651428,0.09230963885784149,0.3457324802875519,0.5838264226913452,-0.28625959157943726,0.9806252717971802,0.2815338969230652,0.6009798645973206,0.18228204548358917,0.10631221532821655,0.33743324875831604,0.5787981748580933,-0.2880256175994873,0.978929340839386,0.28287848830223083,0.6021395921707153,0.15706384181976318,0.10912040621042252,0.3358830213546753,0.5706512331962585,-0.25374922156333923,0.962949275970459,0.28623124957084656,0.5927495360374451,0.17443591356277466,0.10983441770076752,0.3359664976596832,0.5769208669662476,-0.10446442663669586,0.9991811513900757,0.3107070326805115,0.5801167488098145,0.10441208630800247,0.9973167777061462,0.3015702962875366,0.6973729729652405,-0.1443445235490799,0.958875834941864,0.2962128818035126,0.6968227028846741,0.06072353571653366,0.47834330797195435,0.2999879717826843,0.8452855944633484,-0.156916081905365,0.9715926051139832,0.2945692539215088,0.8414354920387268,0.05571434274315834,0.6475712060928345,0.31197497248649597,0.8676784634590149,-0.16150958836078644,0.9498838186264038,0.30736827850341797,0.8661099672317505,0.05205022171139717,0.6860868334770203,0.25161072611808777,0.8685048222541809,-0.2547850012779236,0.9719224572181702,0.24731865525245667,0.8608595132827759,-0.013344044797122478,0.7554529905319214
139,0.3169424533843994,0.3582156300544739,-0.018716875463724136,0.9997816681861877,0.3234081566333771,0.34848105907440186,-0.02409685216844082,0.9997880458831787,0.32656529545783997,0.3478620648384094,-0.024217063561081886,0.99981290102005,0.33019599318504333,0.34705403447151184,-0.024275314062833786,0.9998483061790466,0.3157351315021515,0.34911292791366577,-0.0010166853899136186,0.9997053742408752,0.31384310126304626,0.3491617441177368,-0.0009740709792822599,0.9996137022972107,0.31207984685897827,0.34915924072265625,-0.0009972848929464817,0.9996631741523743,0.3410859704017639,0.3515969216823578,-0.0056711724027991295,0.9998494982719421,0.3172287940979004,0.35346147418022156,0.09777076542377472,0.9992390871047974,0.3237590789794922,0.3692930042743683,-0.013253966346383095,0.9996683597564697,0.31491461396217346,0.3705817461013794,0.014273013919591904,0.9994059205055237,0.3636729121208191,0.4100840389728546,-0.08394679427146912,0.9999927282333374,0.3199510872364044,0.4230429530143738,0.2072918564081192,0.998996913433075,0.3656056523323059,0.48174849152565,-0.18045653402805328,0.9973355531692505,0.30427518486976624,0.5119817852973938,0.25263601541519165,0.06444524228572845,0.35633745789527893,0.5568620562553406,-0.2685054838657379,0.9909895658493042,0.2862456142902374,0.5781034827232361,0.18527889251708984,0.12138722836971283,0.3552362322807312,0.5844337344169617,-0.301676869392395,0.9812702536582947,0.28054848313331604,0.6012252569198608,0.1818830966949463,0.13450796902179718,0.34651002287864685,0.5796263217926025,-0.30390840768814087,0.9796887040138245,0.28264865279197693,0.602377712726593,0.15602289140224457,0.13767948746681213,0.3446301221847534,0.5712529420852661,-0.26919928193092346,0.9643660187721252,0.28622788190841675,0.5936660170555115,0.17113490402698517,0.13649801909923553,0.3367239236831665,0.5754152536392212,-0.10310398042201996,0.9992504119873047,0.30984237790107727,0.5791716575622559,0.10301155596971512,0.9975332617759705,0.3015860319137573,0.6971596479415894,-0.14402155578136444,0.959395706653595,0.29626932740211487,0.6969125866889954,0.06405601650476456,0.4812982380390167,0.2991158664226532,0.8451904058456421,-0.15763065218925476,0.9715871810913086,0.2936670780181885,0.8414604663848877,0.05831442028284073,0.6484981179237366,0.3103032112121582,0.8669460415840149,-0.1619396060705185,0.9467976093292236,0.3057950735092163,0.866082489490509,0.05434184521436691,0.68155837059021,0.2515507638454437,0.8766446113586426,-0.2528736889362335,0.9718241691589355,0.24819274246692657,0.8654024600982666,-0.010241799987852573,0.7578009366989136
140,0.3182147145271301,0.35715702176094055,-0.03676089271903038,0.9997998476028442,0.3248656690120697,0.3471289277076721,-0.03846091032028198,0.9998039603233337,0.3279363512992859,0.34657707810401917,-0.03857210651040077,0.9998273253440857,0.33154723048210144,0.34592077136039734,-0.038632310926914215,0.9998597502708435,0.3173229694366455,0.34786170721054077,-0.016636652871966362,0.999728798866272,0.3151974678039551,0.3479601740837097,-0.016593007370829582,0.9996452927589417,0.31283941864967346,0.34800249338150024,-0.016603631898760796,0.9996901154518127,0.34224733710289,0.3512134253978729,-0.017627479508519173,0.999860942363739,0.3175445795059204,0.3526556193828583,0.08494295179843903,0.9992998242378235,0.3245490491390228,0.36834782361984253,-0.027473729103803635,0.9996965527534485,0.3157671391963959,0.369718998670578,0.0006108045927248895,0.999454915523529,0.3654076159000397,0.41092053055763245,-0.08694756031036377,0.9999931454658508,0.31958845257759094,0.4236372709274292,0.19207799434661865,0.9990717768669128,0.3688153028488159,0.48259663581848145,-0.17280766367912292,0.9971874356269836,0.3023928105831146,0.5131261348724365,0.24354806542396545,0.07552865892648697,0.36216840147972107,0.5577049255371094,-0.2585996985435486,0.9897632002830505,0.28571373224258423,0.5781593322753906,0.16276690363883972,0.14415036141872406,0.3604491055011749,0.5860907435417175,-0.2910410761833191,0.979243278503418,0.278683066368103,0.6014595031738281,0.15579745173454285,0.15733151137828827,0.35282835364341736,0.5819875597953796,-0.2936401069164276,0.9777364730834961,0.2800367474555969,0.6026255488395691,0.12652193009853363,0.16097021102905273,0.35061633586883545,0.5741460919380188,-0.2596384584903717,0.9619156718254089,0.2843307554721832,0.5947446227073669,0.1480228751897812,0.15840384364128113,0.33642828464508057,0.5754342675209045,-0.10153890401124954,0.9993101954460144,0.3083483576774597,0.5791778564453125,0.10146192461252213,0.9977228045463562,0.30198198556900024,0.6961952447891235,-0.1466265171766281,0.9589900970458984,0.2962285280227661,0.6968255639076233,0.06793278455734253,0.47819653153419495,0.29911094903945923,0.8451167345046997,-0.1496989130973816,0.9712563157081604,0.2920244038105011,0.8414695262908936,0.07101031392812729,0.6463068723678589,0.3101544678211212,0.866321325302124,-0.1529313176870346,0.9424294829368591,0.30308401584625244,0.8658815622329712,0.0678831934928894,0.6745981574058533,0.2519373893737793,0.8804951906204224,-0.24381422996520996,0.9711204171180725,0.24887587130069733,0.8672218918800354,0.0034616540651768446,0.7570006251335144
141,0.3201148211956024,0.3561262786388397,-0.025656268000602722,0.9998183846473694,0.32675254344940186,0.34606513381004333,-0.01892593689262867,0.9998214840888977,0.3300062119960785,0.3455890417098999,-0.01904556155204773,0.9998429417610168,0.33367541432380676,0.3450887203216553,-0.01911298558115959,0.9998723864555359,0.3192179799079895,0.3467928469181061,0.00039345480035990477,0.9997534155845642,0.3169040083885193,0.34686538577079773,0.0004512829182203859,0.9996775984764099,0.31427431106567383,0.34685251116752625,0.00046335431397892535,0.9997180104255676,0.34375467896461487,0.3509801924228668,0.008539405651390553,0.9998734593391418,0.3179011344909668,0.35196927189826965,0.10787194222211838,0.9993621706962585,0.32634812593460083,0.36745843291282654,-0.007702615577727556,0.9997244477272034,0.31705915927886963,0.3686724007129669,0.018199697136878967,0.9995039105415344,0.3659724295139313,0.4108888804912567,-0.06972643733024597,0.9999937415122986,0.3193263113498688,0.42502328753471375,0.22128818929195404,0.9991433024406433,0.3728240132331848,0.48139846324920654,-0.1711302548646927,0.997290313243866,0.3010876774787903,0.5136575102806091,0.27305835485458374,0.09206975996494293,0.3664458096027374,0.5576326251029968,-0.27087974548339844,0.9901548027992249,0.28385064005851746,0.5771210193634033,0.19949409365653992,0.17908558249473572,0.36637043952941895,0.5857446193695068,-0.30616113543510437,0.9799896478652954,0.27601027488708496,0.6001282930374146,0.19516690075397491,0.19119735062122345,0.358745813369751,0.5819159746170044,-0.30946120619773865,0.9786040782928467,0.27725300192832947,0.6012194156646729,0.165434792637825,0.19548004865646362,0.3561369776725769,0.5740466713905334,-0.2726834714412689,0.9634633660316467,0.2814745604991913,0.5935155153274536,0.18495644629001617,0.1906130611896515,0.3367542624473572,0.5754576325416565,-0.10371023416519165,0.9993675947189331,0.3081836700439453,0.579210638999939,0.10359935462474823,0.9979027509689331,0.30255311727523804,0.6960749626159668,-0.15081562101840973,0.9593067169189453,0.2962896525859833,0.6969478130340576,0.06852245330810547,0.4769502878189087,0.2994691729545593,0.845465898513794,-0.15683799982070923,0.9711906313896179,0.2915971875190735,0.8420976996421814,0.07668110728263855,0.6437104940414429,0.3102681040763855,0.8664069771766663,-0.15993578732013702,0.9400485157966614,0.30293330550193787,0.8659948110580444,0.07383456081151962,0.669431746006012,0.25217658281326294,0.8839965462684631,-0.249547079205513,0.9709272980690002,0.24931809306144714,0.8702241778373718,0.010968714021146297,0.7559965252876282
142,0.321824312210083,0.35530173778533936,-0.02461063675582409,0.9998344779014587,0.32837989926338196,0.34533587098121643,-0.020987067371606827,0.9998363852500916,0.3318368196487427,0.34500062465667725,-0.021110516041517258,0.9998562932014465,0.3354420065879822,0.34465405344963074,-0.021184802055358887,0.9998831748962402,0.32125332951545715,0.3458455204963684,-0.0014591020299121737,0.9997745752334595,0.31890109181404114,0.34581777453422546,-0.0014058791566640139,0.9997055530548096,0.3163677453994751,0.34568554162979126,-0.0014023808762431145,0.9997419118881226,0.34536415338516235,0.35090410709381104,0.0029228085186332464,0.9998841881752014,0.3180825412273407,0.35107505321502686,0.10248614102602005,0.9994156360626221,0.3277139663696289,0.36686208844184875,-0.008036705665290356,0.9997488260269165,0.31840550899505615,0.3676268756389618,0.01657121255993843,0.9995464086532593,0.3664751946926117,0.4108622372150421,-0.07102527469396591,0.9999942183494568,0.3198336660861969,0.4252217411994934,0.21819792687892914,0.9992017149925232,0.3730956017971039,0.4825136065483093,-0.15758948028087616,0.9973464608192444,0.30298203229904175,0.5134507417678833,0.2722577750682831,0.10311882197856903,0.36923748254776,0.5592039227485657,-0.25852352380752563,0.9902555346488953,0.28354978561401367,0.5765584111213684,0.1994788646697998,0.20503780245780945,0.37072205543518066,0.5859971642494202,-0.29686304926872253,0.9801250100135803,0.2748400568962097,0.59926837682724,0.1957031786441803,0.21742045879364014,0.36399853229522705,0.5837337970733643,-0.2956116497516632,0.978854238986969,0.27541688084602356,0.6001173853874207,0.16521243751049042,0.22248664498329163,0.36134102940559387,0.5762691497802734,-0.27190953493118286,0.9641625285148621,0.2799797058105469,0.5924972295761108,0.1844933032989502,0.21566687524318695,0.33692666888237,0.575826108455658,-0.10372652113437653,0.999415934085846,0.3086179196834564,0.5791861414909363,0.10361695289611816,0.9980531334877014,0.3029963970184326,0.6964067816734314,-0.14813931286334991,0.958623468875885,0.2965677082538605,0.6979414224624634,0.07158186286687851,0.4749273657798767,0.299038827419281,0.8461782932281494,-0.15043461322784424,0.9706379175186157,0.29176777601242065,0.8422365784645081,0.07900930941104889,0.6414194107055664,0.309729665517807,0.8671364784240723,-0.15347036719322205,0.937396764755249,0.3032606840133667,0.8661618828773499,0.07629654556512833,0.6656196117401123,0.2519281208515167,0.8847879767417908,-0.244285449385643,0.9703193306922913,0.24970358610153198,0.8706312775611877,0.013912406750023365,0.7543739080429077
143,0.32275858521461487,0.35466963052749634,-0.012903847731649876,0.9998481273651123,0.32955384254455566,0.3450472354888916,-0.010350379161536694,0.999848484992981,0.333078533411026,0.3448322117328644,-0.010470653884112835,0.9998673796653748,0.33659493923187256,0.3445800542831421,-0.010545408353209496,0.9998921751976013,0.32275858521461487,0.3452860414981842,0.010062970221042633,0.9997920989990234,0.3205825388431549,0.3451744019985199,0.0101149408146739,0.9997289180755615,0.31822919845581055,0.34494343400001526,0.010111609473824501,0.9997616410255432,0.3466481566429138,0.35091081261634827,0.015006537549197674,0.9998932480812073,0.3193397521972656,0.3506608307361603,0.11299779266119003,0.9994596242904663,0.328253835439682,0.3663710355758667,0.0012860926799476147,0.9997692108154297,0.3193936347961426,0.3665620684623718,0.02775740623474121,0.9995810985565186,0.3668304681777954,0.4108377695083618,-0.06443244218826294,0.9999946355819702,0.3198712468147278,0.4253937602043152,0.2316124439239502,0.9992478489875793,0.37362033128738403,0.482866495847702,-0.1566161811351776,0.9973928332328796,0.3035060465335846,0.5127979516983032,0.28896644711494446,0.1097056195139885,0.37102729082107544,0.5611650347709656,-0.25463441014289856,0.990252673625946,0.2821163833141327,0.5763477087020874,0.22252827882766724,0.22179093956947327,0.37499839067459106,0.5863509774208069,-0.2894853353500366,0.9800308346748352,0.27310359477996826,0.5991368889808655,0.22087453305721283,0.23445463180541992,0.36893796920776367,0.58559650182724,-0.28906726837158203,0.978847086429596,0.27238595485687256,0.5998193025588989,0.1896987408399582,0.2403596043586731,0.3653911352157593,0.5785121917724609,-0.2601451873779297,0.9644336700439453,0.2775755524635315,0.5920946598052979,0.20718707144260406,0.23235169053077698,0.33725857734680176,0.5758724808692932,-0.10396433621644974,0.9994591474533081,0.3080286383628845,0.5789040327072144,0.10385945439338684,0.9981896877288818,0.3043844699859619,0.6985000371932983,-0.1491544395685196,0.9589597582817078,0.2961086630821228,0.6999332308769226,0.07332063466310501,0.47773459553718567,0.29906028509140015,0.8464652299880981,-0.15094399452209473,0.9706583023071289,0.2895227372646332,0.8422213196754456,0.08033816516399384,0.6432614326477051,0.3097415566444397,0.8674704432487488,-0.15413813292980194,0.9356319904327393,0.3001119792461395,0.8660584688186646,0.07775012403726578,0.664422869682312,0.25217899680137634,0.8852812647819519,-0.2479056566953659,0.9702068567276001,0.24986550211906433,0.870391309261322,0.014370623044669628,0.7556978464126587
144,0.32401755452156067,0.35401999950408936,0.0003947008808609098,0.9998610019683838,0.3311951160430908,0.34463632106781006,0.002275138860568404,0.9998602271080017,0.3346530795097351,0.3445703983306885,0.002150012645870447,0.9998779892921448,0.33830463886260986,0.34446385502815247,0.0020726406946778297,0.9999008178710938,0.3243367075920105,0.3445468246936798,0.023431677371263504,0.9998089671134949,0.32234296202659607,0.3443605899810791,0.023485690355300903,0.999751091003418,0.32010477781295776,0.34403589367866516,0.02347671426832676,0.9997806549072266,0.3484523892402649,0.35093140602111816,0.029151028022170067,0.9999019503593445,0.32102900743484497,0.35010355710983276,0.12602448463439941,0.9995025396347046,0.32907480001449585,0.36608755588531494,0.012676366604864597,0.9997883439064026,0.3203480839729309,0.36573341488838196,0.03992915526032448,0.9996142983436584,0.36727648973464966,0.4108237624168396,-0.056821905076503754,0.9999949932098389,0.3199706971645355,0.42555320262908936,0.24409689009189606,0.9992939829826355,0.3738749623298645,0.4832945466041565,-0.1557859629392624,0.9974386096000671,0.30319565534591675,0.5124930739402771,0.3002389371395111,0.11896136403083801,0.37216028571128845,0.5628206133842468,-0.25235992670059204,0.990538477897644,0.2791735827922821,0.5744991898536682,0.23680905997753143,0.24702872335910797,0.3770401179790497,0.5868134498596191,-0.2860800623893738,0.9805022478103638,0.26917368173599243,0.5967915058135986,0.23552152514457703,0.25889432430267334,0.37107086181640625,0.5872774720191956,-0.2896847724914551,0.9793909788131714,0.26919353008270264,0.5976645350456238,0.2053135335445404,0.26568639278411865,0.3673096299171448,0.5807324051856995,-0.25586870312690735,0.965474009513855,0.2743184566497803,0.5906169414520264,0.22158661484718323,0.256020188331604,0.3381122350692749,0.5758864879608154,-0.10351698100566864,0.9994962215423584,0.30717721581459045,0.5784586668014526,0.1034136563539505,0.9983183741569519,0.3054967224597931,0.6999654173851013,-0.1504908949136734,0.9582061767578125,0.2929448187351227,0.701108455657959,0.05942671373486519,0.48797810077667236,0.29721155762672424,0.8465832471847534,-0.1502528339624405,0.9697269201278687,0.28586655855178833,0.8424707055091858,0.07508008182048798,0.6482964754104614,0.30877870321273804,0.8675040006637573,-0.15345872938632965,0.9329107403755188,0.29696476459503174,0.8661383986473083,0.07254064083099365,0.6651546359062195,0.25415584444999695,0.8847006559371948,-0.24917073547840118,0.9693603515625,0.24960538744926453,0.870546817779541,0.0033633140847086906,0.7582159638404846
145,0.3260856568813324,0.35265448689460754,-0.0016457196325063705,0.9998730421066284,0.3336333632469177,0.3436795175075531,0.0007616973016411066,0.9998710751533508,0.3369050621986389,0.3439408540725708,0.000637109624221921,0.9998876452445984,0.34075218439102173,0.34419843554496765,0.0005562165169976652,0.9999088048934937,0.3266698122024536,0.34306567907333374,0.02096157893538475,0.9998246431350708,0.3248932957649231,0.34285616874694824,0.021017100661993027,0.9997715353965759,0.32284116744995117,0.3424772024154663,0.021011538803577423,0.9997983574867249,0.350595623254776,0.35102930665016174,0.03500143438577652,0.9999099373817444,0.3233170509338379,0.3491344749927521,0.12348432838916779,0.9995419979095459,0.33032292127609253,0.36531999707221985,0.011302093975245953,0.9998062252998352,0.3216487169265747,0.3641609251499176,0.037240248173475266,0.9996460676193237,0.3681412637233734,0.4108541011810303,-0.04715554788708687,0.9999952912330627,0.3196614384651184,0.42549270391464233,0.24016956984996796,0.9993396401405334,0.37464985251426697,0.48413994908332825,-0.13892997801303864,0.9974753856658936,0.303711861371994,0.5122822523117065,0.2912941873073578,0.1252962350845337,0.37232720851898193,0.5637479424476624,-0.23176446557044983,0.9907727837562561,0.2774403691291809,0.5718659162521362,0.22304266691207886,0.26591363549232483,0.3769899606704712,0.5877923369407654,-0.2651384770870209,0.9809179306030273,0.2666887938976288,0.594817578792572,0.21924109756946564,0.2774440050125122,0.3707295358181,0.5886613726615906,-0.2735564410686493,0.9798728823661804,0.26699593663215637,0.5957167148590088,0.18954506516456604,0.2850154936313629,0.36684179306030273,0.5819246768951416,-0.23623621463775635,0.9664503335952759,0.27170446515083313,0.5889467597007751,0.20765231549739838,0.27423804998397827,0.33902209997177124,0.5753828883171082,-0.09985782206058502,0.9995338320732117,0.30598902702331543,0.5772218108177185,0.09978333860635757,0.9984492659568787,0.306110143661499,0.699846625328064,-0.15712209045886993,0.957754909992218,0.2883322238922119,0.7011069059371948,0.028835875913500786,0.5047197937965393,0.2945347726345062,0.8445096611976624,-0.15384456515312195,0.969017505645752,0.28641462326049805,0.840773344039917,0.05265606567263603,0.6578409075737,0.30614328384399414,0.8658922910690308,-0.15701012313365936,0.9269974231719971,0.2973213791847229,0.8648862242698669,0.05052202194929123,0.6686678528785706,0.25496721267700195,0.8839744329452515,-0.25663572549819946,0.9686566591262817,0.25139710307121277,0.87043297290802,-0.022078488022089005,0.7634539604187012
146,0.32844555377960205,0.3525317907333374,-0.013314511626958847,0.9998840093612671,0.336558997631073,0.3437514901161194,-0.001966244773939252,0.999880850315094,0.34044215083122253,0.34399497509002686,-0.0021495793480426073,0.9998962879180908,0.34431564807891846,0.3444313108921051,-0.0023013774771243334,0.9999160766601562,0.3288094401359558,0.3430945575237274,0.01146775297820568,0.9998387694358826,0.3268239498138428,0.3428449034690857,0.011543591506779194,0.9997897744178772,0.3247562348842621,0.3424457013607025,0.011560180224478245,0.9998142719268799,0.3529741168022156,0.3516610562801361,0.0351736918091774,0.9999170899391174,0.3248102068901062,0.3490661084651947,0.11750775575637817,0.9995772242546082,0.3327183723449707,0.365324467420578,0.008850154466927052,0.9998227953910828,0.3233588635921478,0.36391282081604004,0.028722679242491722,0.9996755719184875,0.36877167224884033,0.4115624725818634,-0.03678981214761734,0.9999955892562866,0.31827497482299805,0.4256424605846405,0.23324927687644958,0.999381959438324,0.375855416059494,0.48502054810523987,-0.12443471699953079,0.9974225163459778,0.3033447861671448,0.5120652914047241,0.28295761346817017,0.1332603245973587,0.372602254152298,0.5644575357437134,-0.21903793513774872,0.9909445643424988,0.27360573410987854,0.5712484121322632,0.2207544893026352,0.2872285544872284,0.3765202462673187,0.589159369468689,-0.25296780467033386,0.9812064170837402,0.26287660002708435,0.5933164954185486,0.20542798936367035,0.29748833179473877,0.37019044160842896,0.5899966955184937,-0.2642512619495392,0.9802106618881226,0.2632698714733124,0.5939847230911255,0.17526818811893463,0.30572831630706787,0.3664495646953583,0.5830373167991638,-0.22451044619083405,0.9671754240989685,0.26817578077316284,0.5879970192909241,0.20570161938667297,0.2941036820411682,0.3396850824356079,0.575565755367279,-0.0893467366695404,0.9995681047439575,0.304306298494339,0.5772767066955566,0.08932188153266907,0.9985731840133667,0.307064950466156,0.7004488706588745,-0.15325169265270233,0.9570189714431763,0.2826426923274994,0.702065646648407,0.004601773805916309,0.5327414274215698,0.287899911403656,0.8433018326759338,-0.14105702936649323,0.9682309031486511,0.2879791855812073,0.8376324772834778,0.0454990528523922,0.6749793291091919,0.2958112359046936,0.8654886484146118,-0.14409206807613373,0.9171518683433533,0.30478012561798096,0.8622963428497314,0.04442839324474335,0.6759270429611206,0.2549874484539032,0.8831449151039124,-0.2491692453622818,0.9674831628799438,0.25727760791778564,0.8698371648788452,-0.032906673848629,0.7728070020675659
147,0.33111417293548584,0.35253021121025085,-0.01288426760584116,0.9998946189880371,0.34012719988822937,0.3440997898578644,-0.0013493032893165946,0.9998910427093506,0.34397992491722107,0.3446633219718933,-0.0015047674532979727,0.9999051690101624,0.3476748466491699,0.3454674482345581,-0.001626793877221644,0.9999234676361084,0.3315144181251526,0.3431869447231293,0.012439880520105362,0.9998528361320496,0.3291596472263336,0.3429584801197052,0.01251902710646391,0.9998077750205994,0.32697612047195435,0.3425635099411011,0.01254303939640522,0.9998302459716797,0.3549528121948242,0.35297828912734985,0.054730404168367386,0.9999242424964905,0.32652056217193604,0.34909701347351074,0.12268384546041489,0.9996122121810913,0.335525244474411,0.36535781621932983,0.01101592741906643,0.9998385906219482,0.3251098096370697,0.36362284421920776,0.029837988317012787,0.9997033476829529,0.36940598487854004,0.41245391964912415,-0.006828645709902048,0.9999958872795105,0.3157616853713989,0.42600536346435547,0.23268865048885345,0.9994213581085205,0.37618565559387207,0.48523810505867004,-0.08710713684558868,0.9971718192100525,0.2997710704803467,0.511537492275238,0.28249940276145935,0.14084234833717346,0.372164249420166,0.5649833679199219,-0.18793216347694397,0.9907470345497131,0.2706650495529175,0.5693569779396057,0.1955437958240509,0.3020971417427063,0.3751583695411682,0.5907107591629028,-0.22215627133846283,0.9809470176696777,0.2601412534713745,0.5915631651878357,0.17772570252418518,0.3111872673034668,0.3683376610279083,0.5907797813415527,-0.23669549822807312,0.9799955487251282,0.2606326639652252,0.5917688012123108,0.14864858984947205,0.31994593143463135,0.3645786643028259,0.5835270285606384,-0.19481948018074036,0.967157244682312,0.2655490040779114,0.5863408446311951,0.17920231819152832,0.30784493684768677,0.3400103747844696,0.5761282444000244,-0.08204315602779388,0.9996058344841003,0.3012799620628357,0.57731693983078,0.08205964416265488,0.9986979961395264,0.30789056420326233,0.7019190192222595,-0.15810251235961914,0.9572726488113403,0.27431389689445496,0.703178346157074,-0.0012038626009598374,0.5653970837593079,0.28261879086494446,0.8433021903038025,-0.1426263004541397,0.9690084457397461,0.28959453105926514,0.8331449031829834,0.049409348517656326,0.6964017748832703,0.28634339570999146,0.8655673265457153,-0.14586327970027924,0.9103855490684509,0.30848228931427,0.8566532135009766,0.0489724762737751,0.6887990236282349,0.25378483533859253,0.8829262256622314,-0.2574874758720398,0.967810332775116,0.2678680717945099,0.8683605194091797,-0.027101296931505203,0.7846255302429199
148,0.3333348035812378,0.3529447317123413,-0.041451919823884964,0.9999035596847534,0.34278401732444763,0.34541693329811096,-0.029386192560195923,0.9998988509178162,0.3463604152202606,0.346325159072876,-0.029516061767935753,0.9999117255210876,0.35012826323509216,0.34742408990859985,-0.02962353080511093,0.9999291896820068,0.33334216475486755,0.3436416685581207,-0.01806885562837124,0.9998639822006226,0.33064690232276917,0.343299001455307,-0.01800764724612236,0.9998217821121216,0.3282718360424042,0.34277695417404175,-0.017986590042710304,0.9998429417610168,0.3564743995666504,0.35505229234695435,0.03792697191238403,0.9999293088912964,0.3274117410182953,0.3492978811264038,0.09638768434524536,0.9996390342712402,0.3378530442714691,0.366362988948822,-0.01350849773734808,0.9998518228530884,0.3263293206691742,0.363713800907135,0.0012878504348918796,0.9997265338897705,0.3703543245792389,0.41506054997444153,-0.004198094364255667,0.9999960064888,0.31325310468673706,0.42685702443122864,0.1988683044910431,0.999451220035553,0.3759936988353729,0.486716091632843,-0.062221869826316833,0.9963328242301941,0.2966099977493286,0.510457456111908,0.22935926914215088,0.1548999398946762,0.37096282839775085,0.5675247311592102,-0.16338425874710083,0.9890604615211487,0.26908451318740845,0.5676586031913757,0.1334594190120697,0.3194165825843811,0.3732099235057831,0.5940291285514832,-0.19873307645320892,0.9783682227134705,0.2585173547267914,0.5899654030799866,0.11184077709913254,0.32596853375434875,0.36616674065589905,0.5926031470298767,-0.21684491634368896,0.9774646759033203,0.2594354450702667,0.5892335772514343,0.08222518861293793,0.3352321684360504,0.3624524176120758,0.5852214694023132,-0.17219360172748566,0.9641132354736328,0.26439690589904785,0.5842264294624329,0.11676320433616638,0.323159396648407,0.3403007388114929,0.5787040591239929,-0.07242204993963242,0.9996381402015686,0.2991515100002289,0.578142523765564,0.07251647114753723,0.9988054037094116,0.31036701798439026,0.7064270973205566,-0.160246804356575,0.9579225182533264,0.2702799141407013,0.7071245908737183,0.0016140794614329934,0.5975900292396545,0.2806895971298218,0.8433467745780945,-0.130867600440979,0.9699119329452515,0.29138511419296265,0.8308202624320984,0.08092428743839264,0.717909038066864,0.2840363681316376,0.8656495809555054,-0.13339877128601074,0.9014852643013,0.3094368875026703,0.8531251549720764,0.08468662947416306,0.7030094861984253,0.25231561064720154,0.883783221244812,-0.25282543897628784,0.968055784702301,0.2719644606113434,0.867610514163971,0.0010975911282002926,0.7965278029441833
149,0.33490175008773804,0.35442060232162476,-0.04540475830435753,0.9999115467071533,0.34440547227859497,0.34699517488479614,-0.03470552712678909,0.9999055862426758,0.3481106758117676,0.3481220304965973,-0.03482408821582794,0.9999173283576965,0.3520562946796417,0.3493291735649109,-0.034922100603580475,0.9999340772628784,0.3348618745803833,0.3446093201637268,-0.021978510543704033,0.9998736381530762,0.3321315050125122,0.34417155385017395,-0.021925073117017746,0.999833881855011,0.32974672317504883,0.3436279296875,-0.02190784178674221,0.9998539686203003,0.3581421971321106,0.356819748878479,0.032812681049108505,0.999933660030365,0.32909420132637024,0.3501352369785309,0.09293540567159653,0.9996621012687683,0.34009504318237305,0.36856502294540405,-0.01901181787252426,0.999863862991333,0.3277057409286499,0.3647967576980591,-0.0023447852581739426,0.9997473359107971,0.3722372055053711,0.41719409823417664,-0.005755747202783823,0.9999961256980896,0.3133136034011841,0.4278145730495453,0.19644801318645477,0.9994794130325317,0.376855731010437,0.49060511589050293,-0.06152798607945442,0.995678186416626,0.2958797812461853,0.5099505186080933,0.22580301761627197,0.1699426919221878,0.36980748176574707,0.5684362053871155,-0.1590377241373062,0.9875503778457642,0.26854604482650757,0.565047562122345,0.12854847311973572,0.3377368450164795,0.3714738190174103,0.5950106978416443,-0.19472938776016235,0.9759357571601868,0.25745490193367004,0.586716890335083,0.10614902526140213,0.3411446511745453,0.3642943501472473,0.592695415019989,-0.2124565988779068,0.9750238060951233,0.25879397988319397,0.5853484869003296,0.0774092823266983,0.3507935106754303,0.36078259348869324,0.5853336453437805,-0.16756798326969147,0.9611139893531799,0.26385679841041565,0.580906331539154,0.11192766577005386,0.33910560607910156,0.3403373658657074,0.5803180932998657,-0.07212133705615997,0.9996662735939026,0.2984422743320465,0.5784573554992676,0.07221438735723495,0.9989022612571716,0.3125046193599701,0.7072969675064087,-0.1592794805765152,0.9585813283920288,0.26875826716423035,0.7073075771331787,0.0005135512910783291,0.6281275153160095,0.2786465585231781,0.8422297835350037,-0.11367066204547882,0.9707992672920227,0.2939164638519287,0.828854501247406,0.10026359558105469,0.7385693788528442,0.28012946248054504,0.8645545840263367,-0.11502040177583694,0.8929843902587891,0.3108469545841217,0.8484715819358826,0.10541209578514099,0.7185990810394287,0.25221699476242065,0.8836407661437988,-0.24115487933158875,0.9680830836296082,0.27661311626434326,0.8674228191375732,0.024286624044179916,0.8081368207931519
150,0.3382031321525574,0.3566189110279083,-0.08306540548801422,0.9999176263809204,0.347369909286499,0.3486926853656769,-0.07150328159332275,0.9999091625213623,0.3511379659175873,0.3499312102794647,-0.07160255312919617,0.9999200701713562,0.35480809211730957,0.3511798679828644,-0.07168541103601456,0.999936580657959,0.3378005027770996,0.34581252932548523,-0.06017851084470749,0.9998791813850403,0.3349345922470093,0.34508830308914185,-0.06013907119631767,0.9998406171798706,0.3322128653526306,0.3444199860095978,-0.06012633070349693,0.9998602271080017,0.36013364791870117,0.3585454225540161,0.006346527952700853,0.9999353289604187,0.3311880826950073,0.3508598804473877,0.056482765823602676,0.9996752142906189,0.34324905276298523,0.37046217918395996,-0.054037924855947495,0.9998733997344971,0.33035019040107727,0.3666302263736725,-0.03909103944897652,0.9997636079788208,0.37391313910484314,0.4200211763381958,-0.01701977476477623,0.9999960660934448,0.3134845495223999,0.4277929365634918,0.16086037456989288,0.999502420425415,0.37755221128463745,0.4957082271575928,-0.06027310714125633,0.9949514865875244,0.294810026884079,0.5076773166656494,0.18941931426525116,0.19715619087219238,0.368654727935791,0.5718693137168884,-0.1577591449022293,0.9861421585083008,0.2683178782463074,0.5611850619316101,0.08569049835205078,0.3671150207519531,0.37026339769363403,0.5977359414100647,-0.1936696171760559,0.9736639261245728,0.25726252794265747,0.5828104615211487,0.060088589787483215,0.36625638604164124,0.36367374658584595,0.594186007976532,-0.2132563591003418,0.9727560877799988,0.25892844796180725,0.5811407566070557,0.030770817771553993,0.37622806429862976,0.36069390177726746,0.5869705677032471,-0.1671280562877655,0.9583182334899902,0.2640414237976074,0.576227605342865,0.06900381296873093,0.3644236922264099,0.34022846817970276,0.5825468897819519,-0.06745544821023941,0.9996902346611023,0.297805517911911,0.5788247585296631,0.06757177412509918,0.9989874958992004,0.3134079873561859,0.7085921168327332,-0.15873698890209198,0.9594797492027283,0.2679509222507477,0.7085919976234436,-0.0063803307712078094,0.6566678285598755,0.2776781916618347,0.8415647745132446,-0.10310599952936172,0.9717857837677002,0.29552116990089417,0.8283202648162842,0.10293036699295044,0.7584182620048523,0.27724042534828186,0.8645128607749939,-0.10406234115362167,0.8862690925598145,0.31229063868522644,0.8468081951141357,0.10823779553174973,0.7346092462539673,0.2518872618675232,0.883571207523346,-0.2316993772983551,0.9682015776634216,0.2764880657196045,0.8673367500305176,0.02443554438650608,0.8196634650230408
151,0.3429839015007019,0.3600711524486542,-0.10972966253757477,0.9999208450317383,0.35164937376976013,0.3514627516269684,-0.09645920246839523,0.9999068379402161,0.3551511764526367,0.3527296185493469,-0.09654828161001205,0.9999173283576965,0.358271986246109,0.3540042042732239,-0.0966254323720932,0.9999344348907471,0.34209728240966797,0.34820422530174255,-0.08776909112930298,0.999876856803894,0.3391416370868683,0.34727194905281067,-0.08774125576019287,0.9998379945755005,0.3362633287906647,0.3463551998138428,-0.0877353698015213,0.9998584389686584,0.36297401785850525,0.36100608110427856,-0.010132605209946632,0.9999316930770874,0.33331459760665894,0.35198476910591125,0.029295096173882484,0.9996719360351562,0.34756651520729065,0.3741428852081299,-0.07696857303380966,0.9998797178268433,0.3345940411090851,0.3698217570781708,-0.0654548853635788,0.9997740387916565,0.37654247879981995,0.4236542284488678,-0.01565246284008026,0.9999958276748657,0.3128792643547058,0.42639535665512085,0.13159556686878204,0.9995198249816895,0.3783814609050751,0.5009657144546509,-0.04248908907175064,0.9939579367637634,0.2925748825073242,0.5032142996788025,0.15907905995845795,0.2379119098186493,0.36800089478492737,0.5740652680397034,-0.14491598308086395,0.9840054512023926,0.26854342222213745,0.559188187122345,0.05053634196519852,0.4028724730014801,0.36953574419021606,0.5996246933937073,-0.18095555901527405,0.970283567905426,0.2578660845756531,0.5806998014450073,0.021542655304074287,0.3970663547515869,0.3626363277435303,0.5955219268798828,-0.2041306495666504,0.9694090485572815,0.2593199610710144,0.5790092349052429,-0.008325453847646713,0.407392293214798,0.3596971035003662,0.5883520841598511,-0.15609487891197205,0.9541148543357849,0.2643618583679199,0.5738943815231323,0.03373563289642334,0.3953635096549988,0.34040936827659607,0.5838547945022583,-0.060558952391147614,0.9997086524963379,0.29692819714546204,0.5788294672966003,0.060684848576784134,0.9990575909614563,0.31405332684516907,0.7091301679611206,-0.1538199633359909,0.9612296223640442,0.26724809408187866,0.709053635597229,-0.01136128231883049,0.6837251782417297,0.27959123253822327,0.8412635922431946,-0.07038263976573944,0.9727761745452881,0.29521530866622925,0.8262403011322021,0.110212042927742,0.7772679328918457,0.28179362416267395,0.8634724020957947,-0.06952882558107376,0.8774147629737854,0.31123650074005127,0.8450871109962463,0.11620841175317764,0.7488701939582825,0.2532898485660553,0.8832606673240662,-0.2008388191461563,0.9682831168174744,0.27392876148223877,0.8673171997070312,0.024451037868857384,0.8311445713043213
152,0.3455530107021332,0.3635871112346649,-0.1046769842505455,0.9999244213104248,0.3543422818183899,0.3552672564983368,-0.09141656011343002,0.9999067783355713,0.3577045202255249,0.3565247654914856,-0.09150917828083038,0.9999164938926697,0.3608524799346924,0.3579798638820648,-0.09158631414175034,0.9999338388442993,0.3449033200740814,0.35155096650123596,-0.0828273594379425,0.9998778700828552,0.3419139087200165,0.3503911793231964,-0.08279862254858017,0.9998391270637512,0.3391428589820862,0.34938526153564453,-0.08279269933700562,0.9998600482940674,0.3658316433429718,0.3645903468132019,-0.006213424727320671,0.9999299645423889,0.33601370453834534,0.35430237650871277,0.033645033836364746,0.9996772408485413,0.35005107522010803,0.37809431552886963,-0.0719456896185875,0.9998875260353088,0.3373481035232544,0.37324267625808716,-0.06061520427465439,0.9997881650924683,0.3785606324672699,0.4287000596523285,-0.011520949192345142,0.9999957084655762,0.3119392693042755,0.42448899149894714,0.13687826693058014,0.9995430111885071,0.3786831200122833,0.5029285550117493,-0.0479084812104702,0.9931071400642395,0.2920211851596832,0.500324547290802,0.16368331015110016,0.28050777316093445,0.3677414655685425,0.5738549828529358,-0.16560953855514526,0.9823079705238342,0.2685234546661377,0.555959939956665,0.05138491466641426,0.4391525685787201,0.367693156003952,0.5996489524841309,-0.2011418342590332,0.9678231477737427,0.25807565450668335,0.5775330066680908,0.021127263084053993,0.42866215109825134,0.36020445823669434,0.5951243042945862,-0.205531507730484,0.9669724106788635,0.2594414949417114,0.5754005312919617,-0.008189159445464611,0.43919846415519714,0.35755985975265503,0.5879343748092651,-0.17445985972881317,0.9510709643363953,0.2644006609916687,0.5699776411056519,0.034794628620147705,0.4266635477542877,0.3404470384120941,0.5866801142692566,-0.05878223478794098,0.9997279047966003,0.296373188495636,0.5797011852264404,0.05892150476574898,0.9991238117218018,0.31483080983161926,0.7127426266670227,-0.1512373685836792,0.9627999067306519,0.26870885491371155,0.7129207253456116,-0.0015461851144209504,0.7072097659111023,0.2802586555480957,0.8423463702201843,-0.05821899324655533,0.9730059504508972,0.29418185353279114,0.8254045248031616,0.16017115116119385,0.7907237410545349,0.28396257758140564,0.8635934591293335,-0.0562073290348053,0.8648099899291992,0.3074856102466583,0.8435817956924438,0.17047818005084991,0.75640469789505,0.2539277672767639,0.8831994533538818,-0.1865546703338623,0.9675053358078003,0.2725042402744293,0.8666826486587524,0.08299515396356583,0.838287353515625
153,0.34991252422332764,0.3696245551109314,-0.09048403054475784,0.9999277591705322,0.3576001226902008,0.36148321628570557,-0.07729686051607132,0.9999061822891235,0.3605686128139496,0.36261680722236633,-0.07739130407571793,0.9999151825904846,0.36352241039276123,0.36369413137435913,-0.07746943831443787,0.9999329447746277,0.3487686216831207,0.3574906289577484,-0.07010301202535629,0.9998787045478821,0.3457454442977905,0.3561064302921295,-0.07007569074630737,0.9998400807380676,0.34272968769073486,0.3548278510570526,-0.07006891071796417,0.9998611211776733,0.36729371547698975,0.3687332272529602,0.00023965848959051073,0.999927818775177,0.33819806575775146,0.3581237494945526,0.03906484693288803,0.9996814131736755,0.353393018245697,0.38313454389572144,-0.05883510783314705,0.9998943209648132,0.3417328894138336,0.3788575530052185,-0.049188245087862015,0.9998011589050293,0.3805871903896332,0.4319489896297455,0.0038506388664245605,0.9999956488609314,0.3112490773200989,0.42277631163597107,0.13432496786117554,0.9995657801628113,0.38021770119667053,0.5048051476478577,-0.03516676649451256,0.9924672842025757,0.2905377149581909,0.4946805238723755,0.15835140645503998,0.32950064539909363,0.36750417947769165,0.5732765793800354,-0.1658535748720169,0.9815590977668762,0.26791200041770935,0.5545458793640137,0.05228829383850098,0.4770241379737854,0.36619114875793457,0.5991744995117188,-0.205644890666008,0.9668574333190918,0.25815579295158386,0.5759144425392151,0.023517929017543793,0.4617493450641632,0.35832342505455017,0.5950360894203186,-0.21890100836753845,0.9660623669624329,0.2595910131931305,0.5740008354187012,-0.00625318568199873,0.4723154604434967,0.35618269443511963,0.5878520607948303,-0.1765834093093872,0.950007975101471,0.2642251253128052,0.5687142610549927,0.03613957762718201,0.45966753363609314,0.34092608094215393,0.5871289372444153,-0.05329235643148422,0.9997414350509644,0.2964349091053009,0.5797011852264404,0.053456008434295654,0.999174177646637,0.3170797824859619,0.7144442796707153,-0.14037270843982697,0.9639622569084167,0.2699708342552185,0.713790774345398,-0.0008943896391429007,0.7231637239456177,0.2840457260608673,0.8433032035827637,-0.0710752084851265,0.9717879891395569,0.29090818762779236,0.8228402733802795,0.15947221219539642,0.7943418622016907,0.28577935695648193,0.8640308976173401,-0.07117804139852524,0.843584418296814,0.29916462302207947,0.8411169648170471,0.16809692978858948,0.7461201548576355,0.2552652955055237,0.8831157684326172,-0.19946865737438202,0.9644860029220581,0.2716113328933716,0.8617846965789795,0.07867554575204849,0.8365553617477417
154,0.3554651141166687,0.3749898076057434,-0.11408964544534683,0.9999318718910217,0.36203011870384216,0.36689653992652893,-0.09892519563436508,0.9999076128005981,0.36486348509788513,0.367906391620636,-0.0989995077252388,0.9999159574508667,0.3677278459072113,0.36893749237060547,-0.09906037151813507,0.9999333620071411,0.3535858392715454,0.36309006810188293,-0.0952751636505127,0.9998812079429626,0.3504950702190399,0.36153021454811096,-0.09525696933269501,0.9998436570167542,0.34735003113746643,0.3600015938282013,-0.09523919224739075,0.9998641014099121,0.3697631061077118,0.3731240928173065,-0.006589089520275593,0.9999274611473083,0.3408150374889374,0.3620995879173279,0.011279567144811153,0.9996887445449829,0.35701191425323486,0.388250470161438,-0.07865456491708755,0.9999011158943176,0.3466557562351227,0.38394513726234436,-0.07378850877285004,0.9998144507408142,0.3825128376483917,0.436890184879303,0.002767864614725113,0.9999955296516418,0.3102974593639374,0.42288514971733093,0.10416749864816666,0.9995881915092468,0.3811759650707245,0.5081011652946472,-0.020195109769701958,0.9920974373817444,0.2885381877422333,0.49517855048179626,0.13352420926094055,0.3806384205818176,0.36729004979133606,0.5732912421226501,-0.1539222002029419,0.9815093874931335,0.2675904631614685,0.5546444058418274,0.026941483840346336,0.5154422521591187,0.3650481402873993,0.5988126993179321,-0.1956961750984192,0.9668065905570984,0.2585414946079254,0.576077938079834,-0.00313980202190578,0.49593356251716614,0.35741671919822693,0.5948061347007751,-0.2180825024843216,0.9660890102386475,0.25998586416244507,0.5744921565055847,-0.03491472080349922,0.5065092444419861,0.35572412610054016,0.5877948999404907,-0.16646042466163635,0.9502122402191162,0.2644103169441223,0.569269597530365,0.01036890409886837,0.4941467344760895,0.3414685130119324,0.5878900289535522,-0.04505342245101929,0.9997420310974121,0.2964211404323578,0.579555094242096,0.04521873965859413,0.9992017149925232,0.31845352053642273,0.7159623503684998,-0.11085693538188934,0.9653481245040894,0.27129876613616943,0.7132728099822998,0.004213614389300346,0.7387557625770569,0.28563418984413147,0.8436027765274048,-0.03935207799077034,0.971197247505188,0.2844897210597992,0.8238657712936401,0.13998137414455414,0.8038132190704346,0.28616490960121155,0.8640702962875366,-0.03974903002381325,0.8226361870765686,0.28929829597473145,0.8423615097999573,0.1479160636663437,0.7396088242530823,0.25754475593566895,0.8830691576004028,-0.17328406870365143,0.9621488451957703,0.2642554044723511,0.8620215654373169,0.025077365338802338,0.8403061628341675
155,0.36065468192100525,0.38080689311027527,-0.14738796651363373,0.9999332427978516,0.36639392375946045,0.3723132610321045,-0.1308659315109253,0.9999032616615295,0.3690846562385559,0.3732922673225403,-0.1309354454278946,0.9999110102653503,0.3717881739139557,0.3742024600505829,-0.13099274039268494,0.999928891658783,0.3579305112361908,0.368740051984787,-0.1314442753791809,0.9998770952224731,0.3546535074710846,0.3672044277191162,-0.13143105804920197,0.9998396039009094,0.35126158595085144,0.3656601309776306,-0.13141101598739624,0.9998602867126465,0.37183135747909546,0.37828126549720764,-0.03001629002392292,0.9999195337295532,0.34302905201911926,0.3669838607311249,-0.03335433080792427,0.9996801614761353,0.3612424433231354,0.3942529559135437,-0.10883147269487381,0.9999017119407654,0.35135549306869507,0.39055201411247253,-0.10981521010398865,0.9998190402984619,0.38374099135398865,0.443182110786438,-0.0026384457014501095,0.9999939799308777,0.3078051507472992,0.4272269904613495,0.05803177133202553,0.9995913505554199,0.38127848505973816,0.509404718875885,-0.008480420336127281,0.9905515313148499,0.28729191422462463,0.49775752425193787,0.09228719770908356,0.42835912108421326,0.367238312959671,0.573865532875061,-0.13481880724430084,0.9796435832977295,0.26780518889427185,0.5553372502326965,-0.005019709002226591,0.5488376617431641,0.36458197236061096,0.5987536907196045,-0.17333294451236725,0.9638916254043579,0.2588840425014496,0.5768157243728638,-0.03356054425239563,0.525569498538971,0.35740867257118225,0.5945642590522766,-0.19830934703350067,0.9633061289787292,0.2608024477958679,0.5753999352455139,-0.0652237981557846,0.5364274382591248,0.35558241605758667,0.5875027179718018,-0.14781136810779572,0.9470582008361816,0.26451802253723145,0.5701006650924683,-0.020838310942053795,0.5242977142333984,0.34240180253982544,0.5890777111053467,-0.033558569848537445,0.9996965527534485,0.2966017425060272,0.5798329710960388,0.03367852047085762,0.9991636276245117,0.31925636529922485,0.7173550128936768,-0.07030171155929565,0.9656960964202881,0.27701613306999207,0.7138597369194031,-0.004133634269237518,0.7534207701683044,0.28690263628959656,0.8436055183410645,0.00022258461103774607,0.9696540236473083,0.2764645516872406,0.8311254382133484,0.07391703128814697,0.8136206269264221,0.28674960136413574,0.8633511066436768,-0.00026409595739096403,0.8000653982162476,0.27860012650489807,0.8503565788269043,0.07414980232715607,0.7309460639953613,0.26721882820129395,0.8822535872459412,-0.12768012285232544,0.9586549997329712,0.2557893693447113,0.8678563833236694,-0.04348944500088692,0.8441095352172852
156,0.36534738540649414,0.38641905784606934,-0.15080837905406952,0.9999340772628784,0.37022286653518677,0.37738585472106934,-0.13489587604999542,0.9998988509178162,0.37253838777542114,0.37819674611091614,-0.1349543184041977,0.9999058246612549,0.3747178614139557,0.37899357080459595,-0.13501469790935516,0.9999238848686218,0.3621678352355957,0.37384772300720215,-0.138393372297287,0.9998745918273926,0.35878419876098633,0.3722466230392456,-0.13839294016361237,0.9998380541801453,0.35524797439575195,0.3704589307308197,-0.13838165998458862,0.9998590350151062,0.3728882670402527,0.38207346200942993,-0.033422864973545074,0.9999112486839294,0.3460441529750824,0.37050381302833557,-0.05029069632291794,0.9996789693832397,0.36420679092407227,0.3990297019481659,-0.11103730648756027,0.9999012351036072,0.3555148243904114,0.39582276344299316,-0.11596796661615372,0.9998238682746887,0.3849515914916992,0.4488203525543213,0.0012117918813601136,0.9999921321868896,0.3065206706523895,0.4271408021450043,0.0381833054125309,0.999608039855957,0.38104870915412903,0.5148151516914368,0.012756073847413063,0.9882717728614807,0.2878560423851013,0.4978584945201874,0.07108171284198761,0.4766761064529419,0.36741501092910767,0.5763211846351624,-0.10257875919342041,0.9766879081726074,0.2680664658546448,0.5557731986045837,-0.021802499890327454,0.5839872360229492,0.36508333683013916,0.6007697582244873,-0.13762402534484863,0.9593538045883179,0.2613852620124817,0.5771517157554626,-0.04945644736289978,0.5583832263946533,0.359089195728302,0.5959051847457886,-0.1636252999305725,0.9590755105018616,0.2637334167957306,0.5757396817207336,-0.07891090959310532,0.5692443251609802,0.3575820028781891,0.5886727571487427,-0.11577166616916656,0.9420489072799683,0.2668171525001526,0.5704056024551392,-0.03610781580209732,0.5569334030151367,0.34366658329963684,0.5900290012359619,-0.030347926542162895,0.9996380805969238,0.2967553734779358,0.5799086093902588,0.030486173927783966,0.9991188645362854,0.31893807649612427,0.7171884179115295,-0.06560253351926804,0.9651507139205933,0.2813403308391571,0.7135435342788696,-0.004304101690649986,0.7610755562782288,0.28958040475845337,0.843343198299408,0.0007643570424988866,0.9671866297721863,0.2742386758327484,0.8351050615310669,0.062240466475486755,0.8201550245285034,0.2888226807117462,0.863238513469696,0.0004298016428947449,0.7758408784866333,0.27724751830101013,0.8566733002662659,0.06175271421670914,0.7189742922782898,0.27091750502586365,0.8798171877861023,-0.12026102840900421,0.9551965594291687,0.25434666872024536,0.8695003986358643,-0.05133558437228203,0.8460471034049988
157,0.3683345317840576,0.39212566614151,-0.16166077554225922,0.9999347925186157,0.3733462691307068,0.38237953186035156,-0.14574997127056122,0.999893069267273,0.37549468874931335,0.38318854570388794,-0.14579081535339355,0.9998992085456848,0.3774768114089966,0.384056031703949,-0.1458284854888916,0.9999168515205383,0.3652896583080292,0.37881287932395935,-0.15184667706489563,0.9998725056648254,0.3617781698703766,0.3770824074745178,-0.15185578167438507,0.9998380541801453,0.3583529591560364,0.37526729702949524,-0.151852548122406,0.9998589754104614,0.37499508261680603,0.3871246874332428,-0.04518906772136688,0.9998978972434998,0.3491402864456177,0.3747871518135071,-0.07404815405607224,0.9996787905693054,0.3666098117828369,0.4044634997844696,-0.12208361178636551,0.9998978972434998,0.35858336091041565,0.40143901109695435,-0.1305176317691803,0.9998267292976379,0.3859133720397949,0.45341557264328003,-0.002667062683030963,0.9999887347221375,0.30584895610809326,0.42911630868911743,0.00811774656176567,0.9996266961097717,0.380896657705307,0.5208703279495239,0.018972422927618027,0.9853907227516174,0.28806987404823303,0.49790680408477783,0.04193662852048874,0.5241804718971252,0.3680380880832672,0.578407347202301,-0.08629355579614639,0.9726516604423523,0.26966410875320435,0.5585524439811707,-0.040390074253082275,0.6199724674224854,0.36676886677742004,0.6028664708137512,-0.11638712137937546,0.9532133936882019,0.26479634642601013,0.5795890092849731,-0.06554624438285828,0.5933899283409119,0.3618806004524231,0.5982282161712646,-0.141402006149292,0.9533970952033997,0.2681555449962616,0.5788699984550476,-0.09156515449285507,0.6038517355918884,0.360271155834198,0.5911198258399963,-0.09869927167892456,0.9355114698410034,0.2711494266986847,0.5736631155014038,-0.05241817608475685,0.5912493467330933,0.3452655076980591,0.5920965075492859,-0.02620554156601429,0.9995502829551697,0.2968814969062805,0.5806027054786682,0.026298437267541885,0.9990493059158325,0.3187781870365143,0.7167498469352722,-0.06422891467809677,0.9634858965873718,0.28507721424102783,0.7112325429916382,-0.007329201325774193,0.765310525894165,0.2913081645965576,0.841751217842102,-0.0018800640245899558,0.9639744162559509,0.27364280819892883,0.839184045791626,0.05264129489660263,0.8245303630828857,0.2903261184692383,0.8610566258430481,-0.002193198772147298,0.7516449689865112,0.2770616114139557,0.8598369359970093,0.05193372443318367,0.7050992846488953,0.27517786622047424,0.8779594898223877,-0.11810894310474396,0.9516803622245789,0.2535899579524994,0.8730209469795227,-0.05822628363966942,0.8469658493995667
158,0.37209826707839966,0.39761361479759216,-0.16338102519512177,0.9999380111694336,0.3766533434391022,0.3874237835407257,-0.1485838145017624,0.9998948574066162,0.3783799111843109,0.3882356286048889,-0.1486123502254486,0.9999002814292908,0.38002878427505493,0.389069527387619,-0.14865301549434662,0.9999167323112488,0.3695294260978699,0.38377493619918823,-0.1568092554807663,0.9998775124549866,0.36622315645217896,0.38194307684898376,-0.1568300575017929,0.9998456835746765,0.36290591955184937,0.3798636794090271,-0.15682409703731537,0.9998651742935181,0.3766990900039673,0.3909367322921753,-0.0531582273542881,0.9998968243598938,0.35365134477615356,0.37840360403060913,-0.0926876962184906,0.999695360660553,0.3698488473892212,0.40930867195129395,-0.12528210878372192,0.9999010562896729,0.3624923527240753,0.4058125615119934,-0.13672642409801483,0.9998362064361572,0.38653895258903503,0.45638635754585266,-0.006000276189297438,0.9999870657920837,0.30632907152175903,0.4302341938018799,-0.010914959944784641,0.9996508955955505,0.38140806555747986,0.5254970192909241,0.0182228684425354,0.9842124581336975,0.2884576618671417,0.4980941712856293,0.026915350928902626,0.5686175227165222,0.3714218735694885,0.580369234085083,-0.07706359028816223,0.9713672399520874,0.27233821153640747,0.5644263625144958,-0.04209704324603081,0.6543982625007629,0.37095212936401367,0.6047190427780151,-0.10447625070810318,0.9507813453674316,0.26807165145874023,0.5853361487388611,-0.06474926322698593,0.6278076171875,0.3670080602169037,0.6000821590423584,-0.13044007122516632,0.9513730406761169,0.2727671265602112,0.5850602984428406,-0.08919817209243774,0.6376873850822449,0.36533230543136597,0.5927245020866394,-0.08965978771448135,0.9335742592811584,0.2755577564239502,0.5801519155502319,-0.05303206294775009,0.6251835823059082,0.3479096293449402,0.5933406949043274,-0.025849727913737297,0.99949049949646,0.29905250668525696,0.5809852480888367,0.025925789028406143,0.9990165829658508,0.3193915784358978,0.716281533241272,-0.07001639902591705,0.9611011147499084,0.2867335081100464,0.7102222442626953,-0.01058575976639986,0.7626701593399048,0.2917856276035309,0.841751754283905,-0.013648363761603832,0.9589745998382568,0.275208443403244,0.8436048030853271,0.041256267577409744,0.8247385025024414,0.29085007309913635,0.8613005876541138,-0.014115468598902225,0.7289239764213562,0.2787993550300598,0.8663912415504456,0.03973861038684845,0.689881443977356,0.2760973274707794,0.875421941280365,-0.12268392741680145,0.9465588331222534,0.2523302435874939,0.8733431696891785,-0.06585977226495743,0.8442443013191223
159,0.37503576278686523,0.401703417301178,-0.1409749835729599,0.9999361634254456,0.37944668531417847,0.3914295732975006,-0.1275823414325714,0.9998811483383179,0.3809455931186676,0.39221739768981934,-0.12764456868171692,0.9998846054077148,0.38241466879844666,0.39299893379211426,-0.12770649790763855,0.9999011158943176,0.3732191324234009,0.3881034851074219,-0.13151298463344574,0.9998693466186523,0.3700658082962036,0.3864404857158661,-0.13152004778385162,0.9998371601104736,0.36681824922561646,0.38463151454925537,-0.1315304934978485,0.99985671043396,0.3785383701324463,0.39480432868003845,-0.048025742173194885,0.9998683333396912,0.3570065498352051,0.3825474679470062,-0.07085713744163513,0.999682605266571,0.37269410490989685,0.4132474660873413,-0.10718892514705658,0.9998918175697327,0.36574751138687134,0.40992632508277893,-0.11216550320386887,0.9998346567153931,0.38728731870651245,0.4588319957256317,0.016828645020723343,0.9999828934669495,0.3067079186439514,0.430289626121521,-0.0007036050083115697,0.9996702075004578,0.38181865215301514,0.5306016206741333,0.04486748203635216,0.9814909100532532,0.28936800360679626,0.4977445602416992,0.027064522728323936,0.6087396144866943,0.37598276138305664,0.5834528803825378,-0.0629437193274498,0.9706870317459106,0.2764032781124115,0.5662116408348083,-0.04373167082667351,0.6858185529708862,0.37715771794319153,0.6064155101776123,-0.09215738624334335,0.9496650695800781,0.27106237411499023,0.5880731344223022,-0.06708857417106628,0.6595548987388611,0.37295570969581604,0.6014185547828674,-0.11972914636135101,0.9506431221961975,0.27699941396713257,0.5885739326477051,-0.0909571424126625,0.6687735915184021,0.37096014618873596,0.5942181348800659,-0.07678856700658798,0.9330518841743469,0.28022637963294983,0.5834511518478394,-0.05422355607151985,0.6562150716781616,0.35013705492019653,0.5976651310920715,-0.015340814366936684,0.9993225932121277,0.30166128277778625,0.5846195220947266,0.015474001877009869,0.9989283084869385,0.32032325863838196,0.7167211771011353,-0.051011599600315094,0.9584776163101196,0.2874818444252014,0.7106242775917053,-0.021825570613145828,0.7665228843688965,0.2919394373893738,0.8414239287376404,0.01847645454108715,0.9512549042701721,0.275773286819458,0.8444751501083374,0.04241205379366875,0.8270019292831421,0.2903902232646942,0.8612051606178284,0.019429177045822144,0.7067249417304993,0.2753925025463104,0.8660220503807068,0.0418100506067276,0.6762158274650574,0.2844299376010895,0.8737316727638245,-0.0853910744190216,0.9392608404159546,0.2533737123012543,0.8718520998954773,-0.06780752539634705,0.8424943685531616
160,0.3778266906738281,0.4061403274536133,-0.14526595175266266,0.9999273419380188,0.3822513222694397,0.3956432342529297,-0.1305302530527115,0.9998500943183899,0.3835231363773346,0.3963417708873749,-0.13057638704776764,0.9998480677604675,0.38472095131874084,0.39709556102752686,-0.13062340021133423,0.9998666644096375,0.3765982389450073,0.39255422353744507,-0.14285342395305634,0.9998497366905212,0.37365058064460754,0.39103513956069946,-0.1428767889738083,0.9998171329498291,0.37047281861305237,0.3892894685268402,-0.14291059970855713,0.9998391270637512,0.3800466060638428,0.39861202239990234,-0.03830190375447273,0.9998064637184143,0.35970306396484375,0.38688787817955017,-0.09553998708724976,0.9996626377105713,0.3746395707130432,0.4176428020000458,-0.10704285651445389,0.9998658299446106,0.36837852001190186,0.4142073392868042,-0.12363956868648529,0.9998197555541992,0.387551486492157,0.46131423115730286,0.0231773741543293,0.9999696016311646,0.30724549293518066,0.4319750964641571,-0.03912326321005821,0.9996866583824158,0.38225889205932617,0.5324856042861938,0.06644093990325928,0.9746053218841553,0.29298150539398193,0.49886053800582886,-0.019784098491072655,0.6452924609184265,0.37962663173675537,0.5860676169395447,-0.029760215431451797,0.967095136642456,0.28067246079444885,0.5687448382377625,-0.08250715583562851,0.7140290141105652,0.38171449303627014,0.6085094809532166,-0.052508652210235596,0.9439860582351685,0.275412917137146,0.5920601487159729,-0.1057431697845459,0.6877546310424805,0.3774988353252411,0.6039337515830994,-0.08022916316986084,0.9457700252532959,0.2812380790710449,0.5916277766227722,-0.1256689578294754,0.6963366866111755,0.37508246302604675,0.5970581769943237,-0.043572377413511276,0.9278324842453003,0.2843993306159973,0.5861892104148865,-0.09098038822412491,0.6833411455154419,0.35222098231315613,0.5982738733291626,-0.002428177511319518,0.9990132451057434,0.3037550449371338,0.5868003368377686,0.0025845118798315525,0.9987408518791199,0.3239331841468811,0.7164296507835388,-0.05555877834558487,0.9477888345718384,0.28876984119415283,0.7114661931991577,-0.059977538883686066,0.7616261839866638,0.2923249900341034,0.8415401577949524,-9.728445729706436e-05,0.9303174018859863,0.2765812277793884,0.8436513543128967,-0.01173696294426918,0.8219047784805298,0.28840017318725586,0.8613065481185913,-0.00022153579629957676,0.6771609783172607,0.27807989716529846,0.8647863268852234,-0.013535304926335812,0.655766487121582,0.2898343801498413,0.8737751245498657,-0.10305872559547424,0.9223985075950623,0.26292505860328674,0.870726466178894,-0.12672583758831024,0.8351196050643921
161,0.3807891309261322,0.4085700213909149,-0.2053166627883911,0.9999290108680725,0.38546475768089294,0.3980640172958374,-0.19137398898601532,0.9998474717140198,0.3865675628185272,0.3987729251384735,-0.1913798600435257,0.9998435378074646,0.38767459988594055,0.39955785870552063,-0.19140751659870148,0.999860942363739,0.3798222541809082,0.3949948251247406,-0.2073204517364502,0.999850332736969,0.37687280774116516,0.3934529721736908,-0.20734825730323792,0.9998201727867126,0.373619019985199,0.39163583517074585,-0.20736460387706757,0.9998400211334229,0.3828037679195404,0.4006076157093048,-0.09014372527599335,0.999793291091919,0.36243534088134766,0.3888433575630188,-0.16465869545936584,0.9996742010116577,0.37725457549095154,0.41943758726119995,-0.1636921465396881,0.9998674988746643,0.37103965878486633,0.41576746106147766,-0.18545737862586975,0.9998261332511902,0.3877812623977661,0.4620779752731323,-0.00343906763009727,0.999964714050293,0.3088255524635315,0.43340516090393066,-0.10065533220767975,0.9997089505195618,0.38280993700027466,0.5336419939994812,0.06293928623199463,0.9703537225723267,0.29620814323425293,0.49970144033432007,-0.0684504583477974,0.6794795989990234,0.3839007318019867,0.5877090692520142,-0.016591759398579597,0.9644288420677185,0.2845860719680786,0.5703153014183044,-0.11849426478147507,0.7404174208641052,0.3861199617385864,0.6104532480239868,-0.03508928418159485,0.9384264945983887,0.27936986088752747,0.5948299169540405,-0.1398223638534546,0.714510440826416,0.3837376534938812,0.6080631017684937,-0.06667821109294891,0.9413379430770874,0.285071462392807,0.5944435596466064,-0.16243033111095428,0.7224498391151428,0.3810156583786011,0.601760745048523,-0.03154820576310158,0.9235457181930542,0.28817111253738403,0.5885087251663208,-0.1274445503950119,0.7092937231063843,0.355387806892395,0.5975881814956665,0.0061672586016356945,0.9988749623298645,0.3078649938106537,0.5872340798377991,-0.006065049674361944,0.9986494779586792,0.32748541235923767,0.7151458263397217,-0.03407386690378189,0.9416752457618713,0.291192889213562,0.7107958197593689,-0.04287400096654892,0.7664247155189514,0.29667624831199646,0.8407318592071533,0.03270537033677101,0.9207247495651245,0.2771000564098358,0.8423226475715637,0.023232975974678993,0.8232555985450745,0.2901713252067566,0.8580560088157654,0.033355746418237686,0.6623566746711731,0.277488648891449,0.8624517917633057,0.022938817739486694,0.6421663761138916,0.29849937558174133,0.874311089515686,-0.07287878543138504,0.915676474571228,0.26543867588043213,0.8718263506889343,-0.09020427614450455,0.8346937298774719
162,0.3848946690559387,0.409332275390625,-0.18545441329479218,0.9999296069145203,0.388441264629364,0.39913204312324524,-0.1716780662536621,0.9998437166213989,0.38946953415870667,0.39974212646484375,-0.17168845236301422,0.9998370409011841,0.3905009329319,0.4004106819629669,-0.1717195361852646,0.9998534917831421,0.38348641991615295,0.3964793086051941,-0.1886703073978424,0.9998506307601929,0.38036298751831055,0.3950536847114563,-0.18869805335998535,0.9998224377632141,0.37708351016044617,0.39344003796577454,-0.18871547281742096,0.999840259552002,0.3845674693584442,0.40148571133613586,-0.07521975785493851,0.9997738599777222,0.36532241106033325,0.39139631390571594,-0.1565377414226532,0.9996849298477173,0.3810369372367859,0.42018553614616394,-0.14594769477844238,0.9998670220375061,0.3749178946018219,0.41698557138442993,-0.16916684806346893,0.9998311996459961,0.38826149702072144,0.46346598863601685,0.0008276673033833504,0.9999579787254333,0.3117508292198181,0.4349898397922516,-0.10917319357395172,0.9997304677963257,0.3835802972316742,0.5362590551376343,0.07638847827911377,0.9644557237625122,0.29969900846481323,0.5020576119422913,-0.08635194599628448,0.710398256778717,0.388281911611557,0.591841459274292,0.005356025882065296,0.9617841243743896,0.2885567843914032,0.572257936000824,-0.12550115585327148,0.7645999789237976,0.39026087522506714,0.6143724918365479,-0.01099212747067213,0.9329951405525208,0.2831524908542633,0.5975626707077026,-0.14591911435127258,0.739446759223938,0.3888108730316162,0.6127320528030396,-0.041494403034448624,0.9369993209838867,0.28936293721199036,0.5973228812217712,-0.16629159450531006,0.7467352747917175,0.38627713918685913,0.6064205765724182,-0.009268642403185368,0.9195412397384644,0.2923120856285095,0.5912100076675415,-0.1332269161939621,0.7335581183433533,0.3578299283981323,0.5974276065826416,0.01597651280462742,0.9987499117851257,0.3112918436527252,0.5882707834243774,-0.015891214832663536,0.998580276966095,0.3301604390144348,0.7148630023002625,-0.023871589452028275,0.9280232787132263,0.29388174414634705,0.7113842964172363,-0.04901108890771866,0.7649957537651062,0.3008246421813965,0.8409038186073303,0.037026140838861465,0.9022859334945679,0.2822740972042084,0.842170774936676,0.015260557644069195,0.8203380703926086,0.2926599681377411,0.859230101108551,0.03766429424285889,0.648470401763916,0.2783181667327881,0.8620434403419495,0.015031416900455952,0.6267924308776855,0.3098507821559906,0.8753865361213684,-0.05857214331626892,0.9037695527076721,0.2752026617527008,0.8756763935089111,-0.09554828703403473,0.8307838439941406
163,0.39017748832702637,0.4108620285987854,-0.16711047291755676,0.9999278783798218,0.3927384912967682,0.40071260929107666,-0.15337114036083221,0.9998360872268677,0.3932741582393646,0.40108704566955566,-0.15340189635753632,0.9998268485069275,0.3937188684940338,0.4014793336391449,-0.1534416675567627,0.9998424053192139,0.38848042488098145,0.39818260073661804,-0.16835236549377441,0.9998487234115601,0.386041522026062,0.3967689871788025,-0.16837553679943085,0.9998219013214111,0.38303861021995544,0.3949895203113556,-0.1683918684720993,0.9998380541801453,0.3864286541938782,0.4013374149799347,-0.06036752089858055,0.9997553825378418,0.36990809440612793,0.3923355042934418,-0.14621102809906006,0.9996928572654724,0.3856406509876251,0.4207441508769989,-0.12942466139793396,0.9998634457588196,0.3805413246154785,0.4183202087879181,-0.15067920088768005,0.9998329281806946,0.3894379734992981,0.46623098850250244,0.011048218235373497,0.9999502897262573,0.31436336040496826,0.4370824992656708,-0.1057305857539177,0.999748945236206,0.3854804039001465,0.5385420322418213,0.08180274814367294,0.954732358455658,0.30291974544525146,0.5036727786064148,-0.09562690556049347,0.7377473711967468,0.3935993015766144,0.5966624021530151,0.013049731031060219,0.9530836939811707,0.2938961982727051,0.5719287991523743,-0.1349797546863556,0.7856261730194092,0.3953816890716553,0.6188679337501526,-0.002335262717679143,0.9186294078826904,0.2884267270565033,0.5967807769775391,-0.15624506771564484,0.7606255412101746,0.3935975432395935,0.6175000667572021,-0.0329977348446846,0.9246229529380798,0.2948434352874756,0.5962551832199097,-0.17518606781959534,0.767352283000946,0.3908793032169342,0.6115688681602478,-0.002036907011643052,0.9072986841201782,0.29773780703544617,0.5899096131324768,-0.14244699478149414,0.7534762024879456,0.36102452874183655,0.5982906222343445,0.014145424589514732,0.9986879229545593,0.31421902775764465,0.5897589921951294,-0.014020541682839394,0.9985584020614624,0.3342759609222412,0.71614009141922,-0.020186053588986397,0.926960825920105,0.2942284643650055,0.7125343084335327,-0.040252551436424255,0.7742371559143066,0.3107045292854309,0.8409120440483093,0.048691969364881516,0.89964359998703,0.2842852473258972,0.8392795920372009,0.02809803932905197,0.8266549110412598,0.3052434027194977,0.8594096899032593,0.04985548183321953,0.6465269923210144,0.28004392981529236,0.8585700988769531,0.027947699651122093,0.6224771738052368,0.31435373425483704,0.8738793730735779,-0.05127493664622307,0.9028297066688538,0.27260202169418335,0.8750872015953064,-0.07854215800762177,0.8359853029251099
164,0.39409586787223816,0.4124717116355896,-0.08764761686325073,0.9999291300773621,0.3956891894340515,0.4021901786327362,-0.07477511465549469,0.9998385906219482,0.39589446783065796,0.40245214104652405,-0.07478214055299759,0.9998272061347961,0.39605921506881714,0.40273529291152954,-0.07480309903621674,0.9998427629470825,0.39261654019355774,0.3998558223247528,-0.09691250324249268,0.999854564666748,0.3901297152042389,0.3983490765094757,-0.09693216532468796,0.999829113483429,0.387403666973114,0.3966667354106903,-0.096951924264431,0.9998441338539124,0.38727834820747375,0.40193262696266174,0.0035848855040967464,0.9997540712356567,0.37336334586143494,0.3939916491508484,-0.12737153470516205,0.9997096061706543,0.389390766620636,0.42205461859703064,-0.055564314126968384,0.9998632669448853,0.3848153054714203,0.41982394456863403,-0.08561687171459198,0.9998383522033691,0.3906134366989136,0.46821266412734985,0.057577699422836304,0.9999406933784485,0.316348135471344,0.4403548836708069,-0.08097520470619202,0.9997671842575073,0.3865519165992737,0.5413283109664917,0.1110432893037796,0.9402351975440979,0.3058825731277466,0.5069722533226013,-0.11113926023244858,0.7621496319770813,0.39722132682800293,0.601626992225647,0.05599571019411087,0.9445561170578003,0.2998208701610565,0.5721895694732666,-0.168722003698349,0.8045603632926941,0.39958906173706055,0.623924195766449,0.045264918357133865,0.9055211544036865,0.2949933111667633,0.5961439609527588,-0.19027720391750336,0.780225932598114,0.39731869101524353,0.622284471988678,0.01983906328678131,0.9132950901985168,0.3013935983181,0.5953981876373291,-0.20166096091270447,0.786353588104248,0.3945199251174927,0.6157857179641724,0.043481793254613876,0.8955078721046448,0.30383065342903137,0.5890671014785767,-0.17360785603523254,0.7717412114143372,0.3632417321205139,0.6001900434494019,0.020678207278251648,0.9986523985862732,0.31580305099487305,0.5919125080108643,-0.020578838884830475,0.9985895156860352,0.3434431552886963,0.7160071730613708,-0.030048418790102005,0.924592137336731,0.2952619791030884,0.7124901413917542,-0.06253625452518463,0.7840717434883118,0.32049083709716797,0.8410820960998535,0.025020459666848183,0.8959680795669556,0.28851330280303955,0.839971661567688,-0.006910813041031361,0.8339270353317261,0.3115856945514679,0.8594629764556885,0.025512931868433952,0.6493728756904602,0.2872440814971924,0.8594017028808594,-0.007853657938539982,0.6201733350753784,0.335101842880249,0.8737645149230957,-0.0699542984366417,0.9022425413131714,0.27269479632377625,0.8758933544158936,-0.10838692635297775,0.8411197066307068
165,0.3958773612976074,0.41632407903671265,-0.09921638667583466,0.9999278783798218,0.39772647619247437,0.40655630826950073,-0.08533667773008347,0.9998359084129333,0.39791715145111084,0.4068771004676819,-0.08534756302833557,0.9998212456703186,0.3980626165866852,0.40712082386016846,-0.08537417650222778,0.9998369812965393,0.3951657712459564,0.4040367007255554,-0.10648123174905777,0.9998561143875122,0.39304134249687195,0.40247467160224915,-0.10650022327899933,0.9998310208320618,0.39038342237472534,0.40065136551856995,-0.10652289539575577,0.9998446106910706,0.3893446922302246,0.40552476048469543,-0.0011934958165511489,0.9997398257255554,0.3766704797744751,0.39718735218048096,-0.10875336080789566,0.9997196197509766,0.3913002908229828,0.4255228340625763,-0.06517568230628967,0.9998601078987122,0.38678038120269775,0.4229264557361603,-0.09371064603328705,0.9998416900634766,0.39201444387435913,0.4697094261646271,0.059189558029174805,0.9999287724494934,0.3185672461986542,0.44133618474006653,-0.08780016005039215,0.9997856020927429,0.3876285254955292,0.5445732474327087,0.10624582320451736,0.9231134057044983,0.30672821402549744,0.5098413825035095,-0.12024939805269241,0.7839934825897217,0.39976394176483154,0.6064457893371582,0.03918418288230896,0.9328206181526184,0.3053678274154663,0.5719795227050781,-0.1884331852197647,0.8217903971672058,0.40229466557502747,0.6285780668258667,0.025084469467401505,0.8884608745574951,0.3015912175178528,0.5955798625946045,-0.21483132243156433,0.7983418703079224,0.4000844955444336,0.6273156404495239,-0.002860112115740776,0.8981346487998962,0.308313250541687,0.5953357815742493,-0.2280692756175995,0.8039543628692627,0.3972477614879608,0.6201598644256592,0.025167470797896385,0.8796354532241821,0.3104664087295532,0.588382363319397,-0.19458018243312836,0.7887285947799683,0.365288645029068,0.6019457578659058,0.027807487174868584,0.9986338019371033,0.3169831335544586,0.5948346257209778,-0.027682913467288017,0.9986428618431091,0.35164135694503784,0.7182728052139282,-0.0077995494939386845,0.9267142415046692,0.2970983386039734,0.7184795141220093,-0.06029156595468521,0.8007230758666992,0.33220821619033813,0.8411012887954712,0.05586637184023857,0.899417519569397,0.2903135120868683,0.8412109017372131,0.009329068474471569,0.8471296429634094,0.3195964992046356,0.8596243858337402,0.05697840452194214,0.6680523753166199,0.2916560173034668,0.860722005367279,0.009295821189880371,0.6359252333641052,0.35409966111183167,0.8738399744033813,-0.031785912811756134,0.906136155128479,0.27438268065452576,0.8773014545440674,-0.09591861814260483,0.8522061109542847
166,0.39811456203460693,0.4203220307826996,-0.10892516374588013,0.9999300241470337,0.4007454812526703,0.41099053621292114,-0.09442709386348724,0.9998413324356079,0.40124163031578064,0.4115523397922516,-0.0944347083568573,0.9998250603675842,0.40155166387557983,0.41201910376548767,-0.09445430338382721,0.9998398423194885,0.397334486246109,0.4079909026622772,-0.11450522392988205,0.9998629689216614,0.395291268825531,0.4062272310256958,-0.11452288180589676,0.999839186668396,0.39254096150398254,0.4042167663574219,-0.11454366892576218,0.999851405620575,0.3935241103172302,0.41103217005729675,-0.007198818027973175,0.999737560749054,0.37939682602882385,0.40018540620803833,-0.10719522833824158,0.9997374415397644,0.3939097225666046,0.4298599362373352,-0.0738762691617012,0.9998619556427002,0.38869309425354004,0.42660486698150635,-0.10069464147090912,0.9998496770858765,0.3941110372543335,0.4715280830860138,0.0592842735350132,0.9999198317527771,0.3222947120666504,0.44114887714385986,-0.09553226828575134,0.9998046159744263,0.3884183168411255,0.5465564727783203,0.10494209080934525,0.9045090675354004,0.3083145022392273,0.5092361569404602,-0.1303286999464035,0.8042966723442078,0.4003177881240845,0.6106769442558289,0.031920019537210464,0.9239844083786011,0.30877697467803955,0.5717792510986328,-0.20289215445518494,0.8381748795509338,0.4027332663536072,0.6326892375946045,0.01730683445930481,0.8764339089393616,0.30607932806015015,0.5953022241592407,-0.23018741607666016,0.8160215020179749,0.401142418384552,0.6317146420478821,-0.011130467057228088,0.8873490691184998,0.3128803074359894,0.5942296385765076,-0.24260076880455017,0.8211253881454468,0.39876261353492737,0.6240121722221375,0.017626358196139336,0.8682138323783875,0.3147698640823364,0.5870081782341003,-0.20853079855442047,0.805983304977417,0.36674508452415466,0.6031169295310974,0.036036327481269836,0.9986596703529358,0.3196321725845337,0.5971593260765076,-0.03593921288847923,0.9987210631370544,0.36013472080230713,0.7180292010307312,-0.002763176104053855,0.9277941584587097,0.3008558750152588,0.7197181582450867,-0.0681120827794075,0.8172394037246704,0.337908536195755,0.8406496644020081,0.05183969810605049,0.9026419520378113,0.292076975107193,0.8424314856529236,-0.008250290527939796,0.85997074842453,0.32402947545051575,0.8594551682472229,0.05207855626940727,0.6889538764953613,0.2944033145904541,0.8622406721115112,-0.009055336005985737,0.6554978489875793,0.367215633392334,0.8709892630577087,-0.03073776327073574,0.9104227423667908,0.2780936062335968,0.8776962757110596,-0.1113232672214508,0.8635295629501343
167,0.40349486470222473,0.4229618012905121,-0.10267139971256256,0.9999319314956665,0.4057604670524597,0.41364091634750366,-0.08824335038661957,0.9998453855514526,0.4059705138206482,0.41411012411117554,-0.08824218809604645,0.9998276829719543,0.4059866964817047,0.41447362303733826,-0.08825124055147171,0.9998410940170288,0.4025784432888031,0.41057926416397095,-0.11010807752609253,0.9998688697814941,0.4004599452018738,0.4089091718196869,-0.1101219579577446,0.9998461604118347,0.3979451060295105,0.4069015383720398,-0.11014318466186523,0.9998567700386047,0.39684024453163147,0.41343140602111816,-0.004073093645274639,0.9997330904006958,0.3846161961555481,0.4027853012084961,-0.1061173602938652,0.9997535943984985,0.3982633948326111,0.43206921219825745,-0.06888532638549805,0.999862551689148,0.39420056343078613,0.42859402298927307,-0.09837522357702255,0.9998568296432495,0.39594566822052,0.4736752212047577,0.06302650272846222,0.999911367893219,0.32589155435562134,0.4406433701515198,-0.10286138206720352,0.9998224377632141,0.3891231417655945,0.5487493872642517,0.10589922964572906,0.8861389756202698,0.3091500401496887,0.5089689493179321,-0.14332783222198486,0.8229265809059143,0.4010041356086731,0.6125418543815613,0.031188497319817543,0.9160106182098389,0.31251096725463867,0.5716096758842468,-0.21242649853229523,0.8533740043640137,0.4035806655883789,0.6353546380996704,0.017314458265900612,0.8659994602203369,0.31175467371940613,0.5950208306312561,-0.24064671993255615,0.8326473832130432,0.40276169776916504,0.6346011161804199,-0.011905337683856487,0.877913773059845,0.3189774453639984,0.5927373766899109,-0.2503516674041748,0.8372593522071838,0.400422066450119,0.6265483498573303,0.016404462978243828,0.8587681651115417,0.32027101516723633,0.58562171459198,-0.21695415675640106,0.8224771618843079,0.368187814950943,0.6033602356910706,0.04133164882659912,0.9986879229545593,0.321871817111969,0.5973396301269531,-0.04124194383621216,0.9987999200820923,0.36852362751960754,0.717790424823761,0.009538033977150917,0.9299031496047974,0.3025543987751007,0.720674991607666,-0.06970399618148804,0.833589494228363,0.34446266293525696,0.8376020789146423,0.06628630310297012,0.9068006277084351,0.2931956350803375,0.8439233303070068,-0.009996474720537663,0.8725230097770691,0.3306684195995331,0.8574023842811584,0.06679382920265198,0.7100026607513428,0.2976129949092865,0.8634201288223267,-0.010624967515468597,0.6777293086051941,0.37927573919296265,0.8694630861282349,-0.01096318569034338,0.9150894284248352,0.28130069375038147,0.8773487210273743,-0.11062043160200119,0.8748393058776855
168,0.4077574908733368,0.42640221118927,-0.10629924386739731,0.9999351501464844,0.40993374586105347,0.4170812964439392,-0.09174249321222305,0.9998529553413391,0.40990832448005676,0.41746196150779724,-0.09173963963985443,0.9998351335525513,0.4097124934196472,0.4177408218383789,-0.09174475073814392,0.999846875667572,0.40732893347740173,0.41406339406967163,-0.11388123035430908,0.9998767971992493,0.4054463505744934,0.4124008119106293,-0.11389460414648056,0.9998555779457092,0.4030991494655609,0.41046473383903503,-0.11390839517116547,0.9998646378517151,0.40027645230293274,0.41622015833854675,-0.007197023835033178,0.9997379183769226,0.3894031345844269,0.4053812325000763,-0.11432603746652603,0.9997722506523132,0.40179723501205444,0.4352377951145172,-0.07232554256916046,0.9998665452003479,0.39825013279914856,0.43169623613357544,-0.10150283575057983,0.9998661875724792,0.3974688947200775,0.47620829939842224,0.06395178288221359,0.999904990196228,0.3295692801475525,0.44199836254119873,-0.11827804893255234,0.9998389482498169,0.38986578583717346,0.5507500171661377,0.10592089593410492,0.8670745491981506,0.3110896050930023,0.509094774723053,-0.16774429380893707,0.8399814963340759,0.4009271264076233,0.614223301410675,0.03126903623342514,0.9082744121551514,0.316922664642334,0.5715020895004272,-0.241691455245018,0.8672841787338257,0.40365070104599,0.637068510055542,0.018059054389595985,0.8562608957290649,0.3173777759075165,0.5948799252510071,-0.27193838357925415,0.8479841351509094,0.40271562337875366,0.6361838579177856,-0.01163351722061634,0.8689208626747131,0.3257424235343933,0.5917706489562988,-0.2787931561470032,0.8521330952644348,0.40028080344200134,0.6279199123382568,0.01626764051616192,0.8499266505241394,0.32672280073165894,0.5849628448486328,-0.24511221051216125,0.8378301858901978,0.36956891417503357,0.6048399209976196,0.04942754656076431,0.9987344741821289,0.32472631335258484,0.5984349250793457,-0.04934480041265488,0.9988861680030823,0.3762483596801758,0.7176719903945923,0.027235526591539383,0.933874785900116,0.3037029206752777,0.7207523584365845,-0.08722147345542908,0.8494221568107605,0.3517717123031616,0.8358600735664368,0.09048265963792801,0.9127662181854248,0.2928203046321869,0.8441517353057861,-0.03262879699468613,0.8846322298049927,0.337960809469223,0.8555540442466736,0.09131533652544022,0.7325270175933838,0.2979569435119629,0.8633794188499451,-0.03380853310227394,0.7021062970161438,0.38783079385757446,0.8670520186424255,0.016501232981681824,0.9206761717796326,0.2846199870109558,0.8772733807563782,-0.13574406504631042,0.8862015604972839
169,0.41191017627716064,0.43005526065826416,-0.10897904634475708,0.9999378323554993,0.41432735323905945,0.42115452885627747,-0.09419140964746475,0.9998600482940674,0.41430866718292236,0.4215681850910187,-0.09419252723455429,0.9998422861099243,0.41408032178878784,0.42187032103538513,-0.09420059621334076,0.99985271692276,0.4116300344467163,0.4177045524120331,-0.11626796424388885,0.9998837113380432,0.4097451865673065,0.41589775681495667,-0.1162816658616066,0.999863862991333,0.40746015310287476,0.41377344727516174,-0.11629339307546616,0.9998713731765747,0.4041316509246826,0.419739693403244,-0.008487558923661709,0.9997448921203613,0.3937266170978546,0.4080682694911957,-0.11783144623041153,0.9997891187667847,0.4054359495639801,0.43865180015563965,-0.07458178699016571,0.9998705983161926,0.4017850458621979,0.4350970685482025,-0.10259280353784561,0.9998745322227478,0.39959707856178284,0.47869452834129333,0.06728693097829819,0.9998989701271057,0.3340253233909607,0.44372838735580444,-0.12145420163869858,0.9998537302017212,0.3901069462299347,0.5520520210266113,0.1103854849934578,0.8481988906860352,0.3148554861545563,0.5088536739349365,-0.17613953351974487,0.8553271293640137,0.40041670203208923,0.6149671673774719,0.03417324274778366,0.8995523452758789,0.31994307041168213,0.5714201331138611,-0.2607220709323883,0.8797800540924072,0.4028412699699402,0.6384351253509521,0.021257393062114716,0.8454149961471558,0.32052233815193176,0.5947807431221008,-0.29268160462379456,0.861772358417511,0.40203675627708435,0.6372837424278259,-0.009036813862621784,0.8587371110916138,0.32927194237709045,0.5912420153617859,-0.2985718250274658,0.8655022382736206,0.39978042244911194,0.6289346218109131,0.018948109820485115,0.8398449420928955,0.3300814926624298,0.5845400094985962,-0.26406970620155334,0.8516132831573486,0.37106388807296753,0.6053363680839539,0.05404096469283104,0.9987672567367554,0.3281148076057434,0.5992189049720764,-0.05395466834306717,0.9989555478096008,0.3843003511428833,0.7175245881080627,0.023034637793898582,0.9380639791488647,0.3061700761318207,0.7217220664024353,-0.09337365627288818,0.8639012575149536,0.35808953642845154,0.8339736461639404,0.08205509185791016,0.9185146689414978,0.293026328086853,0.8444666266441345,-0.047512587159872055,0.8956502079963684,0.3441588878631592,0.8531665802001953,0.08219139277935028,0.7533428072929382,0.2985200881958008,0.8636972308158875,-0.04969356581568718,0.7247876524925232,0.3915882110595703,0.8660302758216858,0.005697557702660561,0.9258105158805847,0.28777000308036804,0.877109169960022,-0.15319885313510895,0.8965587615966797
170,0.41502106189727783,0.4335898160934448,-0.1115230843424797,0.999940812587738,0.4177060127258301,0.4247552752494812,-0.09697306156158447,0.9998673796653748,0.41771528124809265,0.4251517355442047,-0.09697896987199783,0.9998500943183899,0.4174917936325073,0.4254264533519745,-0.09699232131242752,0.9998590350151062,0.4149426817893982,0.42114219069480896,-0.11784230172634125,0.9998907446861267,0.41301050782203674,0.4192277193069458,-0.11785803735256195,0.9998725056648254,0.4106904864311218,0.41700416803359985,-0.11785764992237091,0.9998787045478821,0.4074787199497223,0.42324066162109375,-0.010542481206357479,0.9997509121894836,0.3971635103225708,0.4110644459724426,-0.12255322188138962,0.9998052716255188,0.4083615243434906,0.44200628995895386,-0.07683949172496796,0.9998745918273926,0.4046221077442169,0.4384288787841797,-0.1071256473660469,0.9998827576637268,0.40212282538414,0.48099657893180847,0.0649000033736229,0.9998881220817566,0.33846327662467957,0.4453393220901489,-0.12691614031791687,0.9998672604560852,0.39099469780921936,0.5532848238945007,0.11043940484523773,0.8185647130012512,0.3182048797607422,0.510413408279419,-0.17837059497833252,0.8693130016326904,0.4007178246974945,0.6162368655204773,0.03637947887182236,0.8821477293968201,0.3231765329837799,0.5716284513473511,-0.2568930685520172,0.8910596370697021,0.4028904438018799,0.6394063234329224,0.024854153394699097,0.8258042335510254,0.32359054684638977,0.594572126865387,-0.2877945899963379,0.8742156028747559,0.4021579623222351,0.6382986307144165,-0.005812786053866148,0.8401210904121399,0.3320874571800232,0.5912302732467651,-0.2921715974807739,0.8775529861450195,0.39995986223220825,0.6301522254943848,0.021061860024929047,0.8216623663902283,0.3330952823162079,0.584714412689209,-0.259360671043396,0.8640280961990356,0.3739299178123474,0.608535885810852,0.05655534192919731,0.9987915754318237,0.331632524728775,0.6022874116897583,-0.05647437646985054,0.9990209937095642,0.38943561911582947,0.7185314893722534,0.03914188966155052,0.9422135353088379,0.30943161249160767,0.7234326601028442,-0.08801152557134628,0.8772149682044983,0.363404244184494,0.8334430456161499,0.1023576557636261,0.9244216084480286,0.29314273595809937,0.8444696664810181,-0.04765845462679863,0.9057804346084595,0.3506021797657013,0.8529641628265381,0.10299305617809296,0.7732540369033813,0.29752618074417114,0.8640218377113342,-0.05033859983086586,0.7469064593315125,0.39838743209838867,0.8656519651412964,0.02962249331176281,0.9311283230781555,0.2916252613067627,0.8769705295562744,-0.1533862054347992,0.9062516093254089
171,0.41935914754867554,0.4381159543991089,-0.14360252022743225,0.9999334216117859,0.4220969080924988,0.42895224690437317,-0.12861554324626923,0.9998553395271301,0.42208296060562134,0.42921704053878784,-0.12862639129161835,0.9998339414596558,0.4218710958957672,0.4293806254863739,-0.1286395788192749,0.9998387098312378,0.41929301619529724,0.42565789818763733,-0.1519404649734497,0.9998860955238342,0.41730165481567383,0.4237062335014343,-0.15197044610977173,0.9998692870140076,0.41492754220962524,0.4215494692325592,-0.15199390053749084,0.9998750686645508,0.4115633964538574,0.42676398158073425,-0.038839031010866165,0.9996928572654724,0.4010482132434845,0.4151487946510315,-0.1478765904903412,0.9998127818107605,0.4124402403831482,0.4459087550640106,-0.10742872208356857,0.9998500943183899,0.4090782105922699,0.4425765872001648,-0.139038547873497,0.9998812079429626,0.40652894973754883,0.4832170605659485,0.06183960661292076,0.9997871518135071,0.34341880679130554,0.4489714801311493,-0.14506763219833374,0.9998791217803955,0.39156073331832886,0.5539419651031494,0.10284612327814102,0.7552750110626221,0.3221186697483063,0.5136011242866516,-0.17741182446479797,0.8817745447158813,0.3985831141471863,0.6166375279426575,0.028126001358032227,0.8131832480430603,0.3262314200401306,0.5754579305648804,-0.2400560826063156,0.9003903865814209,0.3995330333709717,0.6386318206787109,0.0170446690171957,0.7609913349151611,0.3265600800514221,0.5974723100662231,-0.2685298025608063,0.8838710188865662,0.3995184898376465,0.6377012729644775,-0.012548784725368023,0.7750309109687805,0.33464282751083374,0.5940132141113281,-0.2735852301120758,0.8868398070335388,0.3981858491897583,0.6300895810127258,0.013205183669924736,0.7585638165473938,0.3357819616794586,0.587993860244751,-0.24221254885196686,0.8727114796638489,0.37652263045310974,0.6111568212509155,0.057306960225105286,0.9986943006515503,0.33418479561805725,0.6042287349700928,-0.057211264967918396,0.9990723729133606,0.393162339925766,0.718835175037384,0.04859396070241928,0.9454333186149597,0.31315189599990845,0.7229076623916626,-0.11984779685735703,0.8892092704772949,0.36933547258377075,0.8305191993713379,0.127224400639534,0.9296669363975525,0.2927735149860382,0.8445791602134705,-0.08650568127632141,0.9148975014686584,0.35585716366767883,0.8512508869171143,0.1289578527212143,0.790849506855011,0.29637908935546875,0.864144504070282,-0.090042345225811,0.7669371962547302,0.4050057828426361,0.8640384674072266,0.05304960161447525,0.9354948401451111,0.28894901275634766,0.876817524433136,-0.20047526061534882,0.9149565100669861
172,0.4244162440299988,0.4438870847225189,-0.12281806766986847,0.9999175667762756,0.42669305205345154,0.43420979380607605,-0.1089848056435585,0.9998263716697693,0.426464706659317,0.43430212140083313,-0.10899203270673752,0.9997944831848145,0.4260546863079071,0.434309720993042,-0.10899031907320023,0.999792754650116,0.424071341753006,0.43134644627571106,-0.13629646599292755,0.9998730421066284,0.4221270680427551,0.4294392168521881,-0.13632860779762268,0.9998570680618286,0.41973456740379333,0.42736876010894775,-0.13637365400791168,0.9998632669448853,0.414980411529541,0.4310273230075836,-0.026659199967980385,0.9995708465576172,0.40556788444519043,0.42051824927330017,-0.13252338767051697,0.9998141527175903,0.4168767035007477,0.45105987787246704,-0.08921576291322708,0.9997972249984741,0.4139324724674225,0.4480239152908325,-0.12674812972545624,0.9998704791069031,0.4096701741218567,0.4850492775440216,0.06622384488582611,0.9996240139007568,0.3486517667770386,0.4530147612094879,-0.1329765021800995,0.9998895525932312,0.39187896251678467,0.5538356900215149,0.11557135730981827,0.6883558034896851,0.3277776837348938,0.5146659016609192,-0.16762946546077728,0.8929833173751831,0.39410293102264404,0.615793764591217,0.0490952767431736,0.7425935864448547,0.3290324807167053,0.5773612260818481,-0.22139520943164825,0.908687949180603,0.39542683959007263,0.6373894810676575,0.04144454002380371,0.6960715055465698,0.3284922242164612,0.5994582176208496,-0.2478111833333969,0.8924401998519897,0.39622992277145386,0.6364293694496155,0.01286840159446001,0.7094263434410095,0.33641743659973145,0.5960329174995422,-0.2545318603515625,0.8950754404067993,0.39451634883880615,0.6287783980369568,0.03449508920311928,0.6951418519020081,0.3379817306995392,0.5900837182998657,-0.22364524006843567,0.8804401159286499,0.3813973069190979,0.6167545914649963,0.05675351247191429,0.9985431432723999,0.34096023440361023,0.6096456050872803,-0.056642841547727585,0.9991070032119751,0.39564791321754456,0.7215184569358826,0.0515219122171402,0.9485975503921509,0.31529664993286133,0.7225574851036072,-0.10338462144136429,0.8999782204627991,0.37378060817718506,0.829681932926178,0.12400703132152557,0.9345065951347351,0.2927023768424988,0.8444987535476685,-0.07063250243663788,0.9230782985687256,0.36035725474357605,0.8514379262924194,0.1252296417951584,0.8072177171707153,0.2963402271270752,0.8640843629837036,-0.07405664026737213,0.7846603393554688,0.4110375940799713,0.8630372285842896,0.05481989309191704,0.9396145939826965,0.28739967942237854,0.8766334056854248,-0.17744770646095276,0.9227324724197388
173,0.42926672101020813,0.44883105158805847,-0.10273876786231995,0.999903678894043,0.431509792804718,0.4393779933452606,-0.08899009972810745,0.9998016953468323,0.4311613440513611,0.43944111466407776,-0.08899732679128647,0.9997599720954895,0.4306473731994629,0.4393780827522278,-0.08899183571338654,0.9997528791427612,0.42920640110969543,0.4364487826824188,-0.11606988310813904,0.9998621344566345,0.4272441267967224,0.4344290792942047,-0.11609351634979248,0.9998475313186646,0.4249359369277954,0.43219155073165894,-0.11613504588603973,0.9998546838760376,0.4191112220287323,0.435494989156723,-0.009148658253252506,0.9994503259658813,0.41133639216423035,0.4246099293231964,-0.1269792765378952,0.9998167157173157,0.42090749740600586,0.4555880129337311,-0.07019708305597305,0.9997467398643494,0.41818615794181824,0.4524163603782654,-0.10698387026786804,0.9998611807823181,0.4112379848957062,0.486898809671402,0.07946612685918808,0.9994177222251892,0.35486823320388794,0.4570562243461609,-0.13816702365875244,0.9998992085456848,0.39262285828590393,0.555321455001831,0.1297386884689331,0.6237127780914307,0.33260875940322876,0.5205700993537903,-0.17518162727355957,0.9031088948249817,0.3915252685546875,0.6151065826416016,0.06876659393310547,0.6744667887687683,0.3315756916999817,0.5834084749221802,-0.21674668788909912,0.9159806370735168,0.39337554574012756,0.6366382241249084,0.06301085650920868,0.6334772706031799,0.3298319876194,0.604515016078949,-0.24250471591949463,0.8997383713722229,0.39458173513412476,0.6355453729629517,0.03434918820858002,0.6459412574768066,0.3375231623649597,0.601861298084259,-0.24819879233837128,0.9020372629165649,0.3929096460342407,0.6277820467948914,0.054024893790483475,0.6333813667297363,0.3396022617816925,0.5961543321609497,-0.2180100828409195,0.8865517973899841,0.3858652114868164,0.6213963627815247,0.06122632324695587,0.998369574546814,0.3480798006057739,0.615739107131958,-0.06108909100294113,0.9991373419761658,0.39923787117004395,0.7236329317092896,0.06675194203853607,0.9518269300460815,0.3206746280193329,0.7255113124847412,-0.1011752337217331,0.9097554087638855,0.3803722560405731,0.8302299380302429,0.14473485946655273,0.9393852353096008,0.29322677850723267,0.8451271653175354,-0.07005193084478378,0.930550754070282,0.3672804534435272,0.8517723083496094,0.1465323567390442,0.8230320811271667,0.29625362157821655,0.8652609586715698,-0.07352115958929062,0.8018798232078552,0.416382759809494,0.8607674837112427,0.08064449578523636,0.9438881278038025,0.2989354729652405,0.8818870782852173,-0.17450562119483948,0.9299372434616089
174,0.4333183169364929,0.45412927865982056,-0.06259291619062424,0.9999051094055176,0.4352760314941406,0.44416144490242004,-0.04955466836690903,0.9998039603233337,0.434740275144577,0.4441086947917938,-0.04954562336206436,0.9997594356536865,0.4340378940105438,0.4438938498497009,-0.049519456923007965,0.9997494220733643,0.43362003564834595,0.4414162039756775,-0.07596616446971893,0.9998669028282166,0.43198060989379883,0.43941792845726013,-0.07597656548023224,0.9998536705970764,0.4299921989440918,0.4371458888053894,-0.0759987011551857,0.999860405921936,0.4226358234882355,0.4392150044441223,0.023966515436768532,0.9994333386421204,0.4168204367160797,0.42938166856765747,-0.09900456666946411,0.9998281002044678,0.4246504604816437,0.46043387055397034,-0.03271973133087158,0.9997384548187256,0.4223766028881073,0.45738229155540466,-0.06841085851192474,0.9998641014099121,0.4124254286289215,0.4891241192817688,0.10392853617668152,0.9993250966072083,0.3611173927783966,0.4602169692516327,-0.13024447858333588,0.9999087452888489,0.3945710361003876,0.5573305487632751,0.14915582537651062,0.5660588145256042,0.33840450644493103,0.5228864550590515,-0.19325774908065796,0.9121808409690857,0.3916310966014862,0.6150069236755371,0.09798785299062729,0.6163397431373596,0.33458444476127625,0.5853269100189209,-0.24954809248447418,0.9229845404624939,0.39332929253578186,0.636088490486145,0.09615994989871979,0.5807996392250061,0.3317708671092987,0.6065332293510437,-0.27727842330932617,0.9072226881980896,0.39470523595809937,0.6348693370819092,0.06778530031442642,0.592665433883667,0.33873146772384644,0.604672372341156,-0.27505427598953247,0.9092260003089905,0.3928632140159607,0.6271647214889526,0.08371146023273468,0.5817247033119202,0.3410225510597229,0.5985067486763,-0.2490083873271942,0.8934707641601562,0.3914232850074768,0.6241391897201538,0.0640115812420845,0.9983428120613098,0.3554368019104004,0.618383526802063,-0.06389313191175461,0.9992008209228516,0.4008476734161377,0.7265377044677734,0.08722959458827972,0.9550413489341736,0.3253018260002136,0.7282260656356812,-0.11958838999271393,0.9186336994171143,0.38448813557624817,0.8304735422134399,0.16917607188224792,0.9441974759101868,0.29511186480522156,0.8469260931015015,-0.10900963842868805,0.937382698059082,0.3736041784286499,0.8529501557350159,0.1718241274356842,0.8381120562553406,0.2959403097629547,0.8664788603782654,-0.11403779685497284,0.819111168384552,0.42142507433891296,0.859619140625,0.11505160480737686,0.9482258558273315,0.2965403199195862,0.8811122179031372,-0.2109193503856659,0.9366469979286194
175,0.4392825961112976,0.45735281705856323,-0.039081767201423645,0.9999068975448608,0.44061174988746643,0.4472388029098511,-0.027426958084106445,0.9998084902763367,0.44009584188461304,0.447150856256485,-0.027413861826062202,0.999762237071991,0.43932971358299255,0.44688543677330017,-0.02736765332520008,0.9997519850730896,0.4392654299736023,0.4451031982898712,-0.05450519174337387,0.9998719096183777,0.43784594535827637,0.44353148341178894,-0.05452047660946846,0.9998599886894226,0.4360896944999695,0.44174695014953613,-0.05455094948410988,0.9998666644096375,0.4275070130825043,0.44263774156570435,0.03810201957821846,0.9994315505027771,0.4231804311275482,0.4352087676525116,-0.08786275237798691,0.999839186668396,0.431393563747406,0.46423017978668213,-0.012323311530053616,0.9997373819351196,0.4296096861362457,0.46180564165115356,-0.04889615252614021,0.999867856502533,0.41367077827453613,0.49109622836112976,0.11465638130903244,0.9992508292198181,0.3701731264591217,0.463230699300766,-0.13180668652057648,0.9999173879623413,0.39496663212776184,0.5585620403289795,0.16008244454860687,0.5132650136947632,0.34443122148513794,0.5252675414085388,-0.2053103893995285,0.9204691648483276,0.3917328417301178,0.6151239275932312,0.11739647388458252,0.5636845827102661,0.3368868827819824,0.5893693566322327,-0.2612709105014801,0.9296862483024597,0.39276111125946045,0.6360418200492859,0.11736857146024704,0.5333725810050964,0.3326377868652344,0.6097694635391235,-0.2902432084083557,0.9146146178245544,0.39451462030410767,0.6346250176429749,0.089622363448143,0.5447166562080383,0.3400404751300812,0.6084110140800476,-0.2855914235115051,0.9163489937782288,0.39283090829849243,0.6267905235290527,0.10348793119192123,0.5351023077964783,0.34280142188072205,0.6023521423339844,-0.26006630063056946,0.9006667733192444,0.39588212966918945,0.6277466416358948,0.0694420337677002,0.9983288645744324,0.3630237281322479,0.6214338541030884,-0.06935398280620575,0.9992496967315674,0.4033655524253845,0.729473888874054,0.08985926955938339,0.9571903944015503,0.3301774859428406,0.7304614782333374,-0.10876913368701935,0.9265931844711304,0.38443100452423096,0.8312498927116394,0.1617973893880844,0.9481010437011719,0.2967805564403534,0.8469488620758057,-0.08778271824121475,0.9434947967529297,0.37271347641944885,0.8531969785690308,0.16363205015659332,0.8511496186256409,0.2957002520561218,0.8662285804748535,-0.09146243333816528,0.8341999053955078,0.420962929725647,0.8601391911506653,0.11061441898345947,0.9519155025482178,0.2938421368598938,0.8809117674827576,-0.18334004282951355,0.9426155090332031
176,0.4447716474533081,0.46152937412261963,-0.031645555049180984,0.999912679195404,0.4462738633155823,0.4507993757724762,-0.020082121714949608,0.9998207092285156,0.4457228481769562,0.45061561465263367,-0.020067458972334862,0.9997759461402893,0.4449664354324341,0.45026060938835144,-0.0200086310505867,0.9997662901878357,0.44510185718536377,0.44895097613334656,-0.04801269248127937,0.9998810887336731,0.44376811385154724,0.4474938213825226,-0.04803365468978882,0.9998704791069031,0.44214919209480286,0.44590339064598083,-0.04806714132428169,0.999876856803894,0.43286967277526855,0.44629743695259094,0.04386807978153229,0.9994593858718872,0.42926231026649475,0.4401234984397888,-0.08587998896837234,0.9998525381088257,0.43717044591903687,0.468407541513443,-0.005506998393684626,0.9997509717941284,0.435390830039978,0.46611130237579346,-0.04323301836848259,0.999876856803894,0.41551274061203003,0.49400633573532104,0.12073995172977448,0.9992351531982422,0.3781735301017761,0.46703675389289856,-0.1344994604587555,0.9999253749847412,0.397640585899353,0.5601998567581177,0.16561613976955414,0.4662324786186218,0.35174137353897095,0.5278987288475037,-0.21812139451503754,0.9279836416244507,0.3954423666000366,0.6157576441764832,0.12353918701410294,0.518065869808197,0.3398619592189789,0.5934471487998962,-0.28618210554122925,0.935887336730957,0.3947567343711853,0.6357327699661255,0.12397119402885437,0.49255502223968506,0.3344748616218567,0.6132067441940308,-0.317302942276001,0.9215784072875977,0.3964473307132721,0.6344411373138428,0.0977269858121872,0.5035809278488159,0.3413415551185608,0.613241970539093,-0.3119211196899414,0.9230747818946838,0.3950236737728119,0.6265064477920532,0.11027126014232635,0.49482494592666626,0.34483107924461365,0.6076552867889404,-0.28499987721443176,0.9076020121574402,0.40010616183280945,0.6318844556808472,0.07244335860013962,0.9983819723129272,0.36837926506996155,0.6242590546607971,-0.0723688080906868,0.9993082284927368,0.4048523008823395,0.7304253578186035,0.1035998985171318,0.9584434032440186,0.3352870047092438,0.7321749329566956,-0.1300215721130371,0.933738648891449,0.38397178053855896,0.8321889638900757,0.17930148541927338,0.9515293836593628,0.29671329259872437,0.8472181558609009,-0.1252976953983307,0.949001669883728,0.372379869222641,0.853941798210144,0.18163564801216125,0.86271733045578,0.2949858009815216,0.8661246299743652,-0.13046559691429138,0.8481035828590393,0.4215146005153656,0.860360324382782,0.13131003081798553,0.9553043246269226,0.29228559136390686,0.8801718354225159,-0.22235167026519775,0.9480488300323486
177,0.4491691589355469,0.46544572710990906,-0.017054403200745583,0.9999188184738159,0.4504707455635071,0.4547824263572693,-0.005396693013608456,0.9998341798782349,0.44996997714042664,0.4546559154987335,-0.005389105062931776,0.9997918605804443,0.44926339387893677,0.4543863832950592,-0.005337032955139875,0.9997829794883728,0.4491620361804962,0.45298418402671814,-0.03225860372185707,0.9998905062675476,0.4477303922176361,0.4515872895717621,-0.03228184953331947,0.9998811483383179,0.44606146216392517,0.4501451253890991,-0.032307080924510956,0.9998872876167297,0.43747052550315857,0.4511413872241974,0.055807553231716156,0.9994943737983704,0.4335279166698456,0.4452091455459595,-0.06909587234258652,0.999865710735321,0.4424239993095398,0.47267282009124756,0.007743290159851313,0.9997669458389282,0.4405212998390198,0.4702715575695038,-0.028494451195001602,0.9998863339424133,0.4187135100364685,0.49949607253074646,0.12921933829784393,0.9992326498031616,0.3862406313419342,0.4723051190376282,-0.13103140890598297,0.9999326467514038,0.4015450179576874,0.5639570355415344,0.17499127984046936,0.42355555295944214,0.35739031434059143,0.5337977409362793,-0.19775186479091644,0.9348798990249634,0.3976132869720459,0.6161893010139465,0.14040261507034302,0.4757087826728821,0.3454136550426483,0.59623783826828,-0.25988075137138367,0.9416385889053345,0.3954995274543762,0.6353851556777954,0.14148986339569092,0.4545396566390991,0.33898207545280457,0.6153935194015503,-0.28838226199150085,0.9280924797058105,0.3993341624736786,0.6330564618110657,0.11789871007204056,0.46513915061950684,0.3450987935066223,0.6167939305305481,-0.28624939918518066,0.9293819069862366,0.3978789448738098,0.6262878775596619,0.1282346099615097,0.4573139548301697,0.34914422035217285,0.6115609407424927,-0.25941577553749084,0.9143452644348145,0.4058660566806793,0.6351666450500488,0.07269598543643951,0.9984514713287354,0.37461385130882263,0.6258588433265686,-0.07263533025979996,0.9993633031845093,0.40823426842689514,0.7317758798599243,0.09679483622312546,0.9569464325904846,0.34273257851600647,0.732190728187561,-0.14567191898822784,0.940119743347168,0.38536086678504944,0.8359516859054565,0.1596430093050003,0.9534585475921631,0.2973003089427948,0.8469601273536682,-0.154029980301857,0.9538756608963013,0.37478694319725037,0.8565379977226257,0.16096559166908264,0.8712829947471619,0.2946511209011078,0.8642496466636658,-0.15944847464561462,0.8594170808792114,0.42525938153266907,0.8606610894203186,0.11162011325359344,0.9575866460800171,0.29731401801109314,0.8794488310813904,-0.24640993773937225,0.9528319239616394
178,0.45483654737472534,0.46976515650749207,0.0009262964595109224,0.9999242424964905,0.45571455359458923,0.459075391292572,0.01308874785900116,0.999846339225769,0.4552084505558014,0.4588891863822937,0.01308485772460699,0.9998062252998352,0.4545198976993561,0.4585712254047394,0.01313817873597145,0.9997985363006592,0.454542875289917,0.45755788683891296,-0.014590812847018242,0.9998989701271057,0.45320311188697815,0.45627686381340027,-0.01461951993405819,0.9998908042907715,0.4516608715057373,0.4549148380756378,-0.01465644408017397,0.999896764755249,0.4430219829082489,0.4553963243961334,0.07183916121721268,0.9995260834693909,0.4394434988498688,0.4502531886100769,-0.055968161672353745,0.9998776316642761,0.448851615190506,0.4769170880317688,0.024739593267440796,0.9997808337211609,0.44714581966400146,0.4747326970100403,-0.012463508173823357,0.9998943209648132,0.4203873574733734,0.5018941760063171,0.1445704698562622,0.9992371797561646,0.39457473158836365,0.4765772521495819,-0.12054676562547684,0.9999392032623291,0.4030856490135193,0.5665115714073181,0.1865689754486084,0.3850348889827728,0.3650418519973755,0.5380319356918335,-0.19271892309188843,0.9410908818244934,0.3974263072013855,0.6159881353378296,0.14860157668590546,0.43770644068717957,0.35197529196739197,0.6000782251358032,-0.2567564845085144,0.9468966126441956,0.3946113586425781,0.6330482363700867,0.15011391043663025,0.4203648567199707,0.3444812297821045,0.6192238926887512,-0.2861250936985016,0.9340957403182983,0.39897191524505615,0.6305529475212097,0.12768620252609253,0.4305925667285919,0.35003307461738586,0.6216675043106079,-0.2802787125110626,0.935193657875061,0.3975112736225128,0.6243828535079956,0.13683676719665527,0.4234485328197479,0.354393869638443,0.6169378161430359,-0.25491514801979065,0.9205278754234314,0.411472886800766,0.6382068991661072,0.07633143663406372,0.9985261559486389,0.383009135723114,0.6290405988693237,-0.07629255950450897,0.9994117617607117,0.41155433654785156,0.7330936193466187,0.1014118492603302,0.9529955387115479,0.3506726324558258,0.7325382232666016,-0.15127910673618317,0.9458493590354919,0.3871140778064728,0.8368597626686096,0.1624389886856079,0.9537566900253296,0.3015511631965637,0.8467347621917725,-0.1625307947397232,0.958229124546051,0.37688058614730835,0.8568611741065979,0.16376669704914093,0.8771530389785767,0.2960278391838074,0.8625741004943848,-0.16772890090942383,0.8696326613426208,0.4251083433628082,0.8607922196388245,0.11624735593795776,0.9589722752571106,0.3030226230621338,0.8790252804756165,-0.25361117720603943,0.9571263194084167
179,0.4586091935634613,0.47302481532096863,-0.0009626339306123555,0.9999253749847412,0.45919495820999146,0.46234577894210815,0.011054283939301968,0.9998509287834167,0.4585816562175751,0.46201714873313904,0.011045544408261776,0.999810516834259,0.4578021168708801,0.4615589380264282,0.011100812815129757,0.9998049736022949,0.4582565426826477,0.46111544966697693,-0.01727699115872383,0.999902606010437,0.45699170231819153,0.4600412845611572,-0.017308583483099937,0.9998960494995117,0.4555529057979584,0.4588572084903717,-0.01735692285001278,0.9999025464057922,0.44651538133621216,0.45823898911476135,0.06852315366268158,0.9995347261428833,0.44355612993240356,0.4541566073894501,-0.06132368743419647,0.9998862147331238,0.45226097106933594,0.4798280894756317,0.022499674931168556,0.9997842907905579,0.4509367048740387,0.4780207872390747,-0.015397912822663784,0.999897301197052,0.42229923605918884,0.501327633857727,0.1409643590450287,0.9992270469665527,0.4011748731136322,0.48000335693359375,-0.12107863277196884,0.9999449849128723,0.4071110188961029,0.5680007338523865,0.17949922382831573,0.3498590290546417,0.3728308081626892,0.5425557494163513,-0.19722017645835876,0.9467096328735352,0.39779767394065857,0.6168631911277771,0.13702350854873657,0.4023834764957428,0.358804851770401,0.6037806272506714,-0.2596117854118347,0.9517204165458679,0.39508184790611267,0.6333480477333069,0.13780717551708221,0.3884735703468323,0.35092517733573914,0.6236220002174377,-0.2896350026130676,0.9396545886993408,0.3993435204029083,0.6308948397636414,0.11530706286430359,0.3983236253261566,0.35672077536582947,0.6256557703018188,-0.2816613018512726,0.9405829906463623,0.398659884929657,0.6247121691703796,0.12502875924110413,0.39181745052337646,0.36134299635887146,0.6207787990570068,-0.25698328018188477,0.9263198971748352,0.41626644134521484,0.6399258375167847,0.07746603339910507,0.9985767602920532,0.39127254486083984,0.6304287910461426,-0.07742783427238464,0.9994347095489502,0.4133850932121277,0.735357940196991,0.07580731809139252,0.9471118450164795,0.35955771803855896,0.7333148717880249,-0.13701693713665009,0.9507978558540344,0.38608160614967346,0.8392003178596497,0.10598457604646683,0.9514235854148865,0.30773282051086426,0.8455716967582703,-0.13244570791721344,0.9618907570838928,0.37449517846107483,0.8577115535736084,0.1045818030834198,0.8799042701721191,0.295842707157135,0.8604010343551636,-0.1363387405872345,0.8772045373916626,0.4249166250228882,0.8613333106040955,0.053784869611263275,0.959169864654541,0.3287907540798187,0.8827804327011108,-0.22289209067821503,0.9607018232345581
180,0.4617232382297516,0.4757556915283203,0.01289961114525795,0.9999209046363831,0.4624350368976593,0.46562692523002625,0.025166664272546768,0.999846875667572,0.4619365930557251,0.46535077691078186,0.02515113539993763,0.9998041391372681,0.4612977206707001,0.46494802832603455,0.025202158838510513,0.9998024106025696,0.46139582991600037,0.46431291103363037,-0.0027597977314144373,0.999899685382843,0.46011781692504883,0.46326568722724915,-0.0027831855695694685,0.9998956322669983,0.4586145579814911,0.4620872139930725,-0.0028346520848572254,0.9999037981033325,0.45071515440940857,0.46123677492141724,0.0802619680762291,0.9995114207267761,0.44672805070877075,0.45695409178733826,-0.04753069207072258,0.9998900890350342,0.4554387032985687,0.48242396116256714,0.03528844192624092,0.9997645616531372,0.45396050810813904,0.48058098554611206,-0.0019151580054312944,0.9998885989189148,0.42578256130218506,0.5009971261024475,0.14970138669013977,0.9991975426673889,0.4077136516571045,0.48262447118759155,-0.11210065335035324,0.9999499917030334,0.41016602516174316,0.5674612522125244,0.18775101006031036,0.31747299432754517,0.38056978583335876,0.5465278625488281,-0.1758200079202652,0.9517878890037537,0.4019869267940521,0.6166366934776306,0.14577816426753998,0.3690221607685089,0.36798200011253357,0.6094895005226135,-0.21476717293262482,0.9560616612434387,0.4001871645450592,0.6326377987861633,0.1467951387166977,0.3580738306045532,0.3597218692302704,0.6285022497177124,-0.24100571870803833,0.9446120858192444,0.4041966199874878,0.6304322481155396,0.1252674162387848,0.3674301505088806,0.3642268180847168,0.630520224571228,-0.23334470391273499,0.9453802704811096,0.4037837088108063,0.6243957877159119,0.13411694765090942,0.3616015315055847,0.3688032031059265,0.6259702444076538,-0.211588054895401,0.9314266443252563,0.4205329120159149,0.637912929058075,0.07724063098430634,0.9986154437065125,0.39847108721733093,0.6288831233978271,-0.0772022232413292,0.9994294047355652,0.41224411129951477,0.7346504926681519,0.03185642510652542,0.9368593692779541,0.37393108010292053,0.73170405626297,-0.13086682558059692,0.955008327960968,0.3867388069629669,0.8396127820014954,0.04119538515806198,0.9469491243362427,0.3191509246826172,0.8415114283561707,-0.12235976755619049,0.9648526906967163,0.373653382062912,0.8578925728797913,0.037429653108119965,0.880866289138794,0.30163174867630005,0.8570593595504761,-0.12587733566761017,0.88249671459198,0.4254438281059265,0.8615368604660034,-0.01653769612312317,0.9586648941040039,0.344026654958725,0.8821823000907898,-0.2114277333021164,0.963585376739502
181,0.4673505127429962,0.47834309935569763,-0.010261187329888344,0.999894917011261,0.46842849254608154,0.46816232800483704,0.0013277004472911358,0.9997958540916443,0.4680156707763672,0.4679124355316162,0.0013187717413529754,0.9997415542602539,0.467483788728714,0.46751025319099426,0.001374394865706563,0.9997464418411255,0.4672883450984955,0.4669208526611328,-0.02622339129447937,0.9998645782470703,0.4660172462463379,0.46583807468414307,-0.026249831542372704,0.9998693466186523,0.4645298719406128,0.46462923288345337,-0.02629750221967697,0.999881386756897,0.45694535970687866,0.4633631110191345,0.063594289124012,0.9993307590484619,0.4533582031726837,0.4595426023006439,-0.06357155740261078,0.9998723864555359,0.4609367251396179,0.4849208891391754,0.013462571427226067,0.999691367149353,0.4595123529434204,0.4829713702201843,-0.023082464933395386,0.999858558177948,0.43066710233688354,0.5016528964042664,0.1382417231798172,0.9991332292556763,0.4148774743080139,0.4855164885520935,-0.1330396682024002,0.9999541640281677,0.41149887442588806,0.5671172142028809,0.1642642617225647,0.2887204587459564,0.3877418041229248,0.5480549335479736,-0.20300690829753876,0.9563083648681641,0.40131908655166626,0.625206470489502,0.12997221946716309,0.3388407826423645,0.3785821497440338,0.6118950247764587,-0.2502623498439789,0.9598652720451355,0.399684876203537,0.6341511011123657,0.1383696049451828,0.33042973279953003,0.3695046007633209,0.6298691034317017,-0.27995744347572327,0.9489235877990723,0.40386664867401123,0.6414029598236084,0.10839913040399551,0.3393716812133789,0.3745839595794678,0.6322460770606995,-0.2708868980407715,0.9495238661766052,0.4026590585708618,0.634636640548706,0.12494297325611115,0.3340602517127991,0.379183292388916,0.6278583407402039,-0.24682994186878204,0.9356349110603333,0.42140287160873413,0.6387922167778015,0.07670780271291733,0.9986798167228699,0.404304176568985,0.630967915058136,-0.07667262107133865,0.9994340538978577,0.413250595331192,0.7339557409286499,0.032221537083387375,0.9192513823509216,0.3911048471927643,0.7310976982116699,-0.12221940606832504,0.9583484530448914,0.39006638526916504,0.8381131887435913,0.052793633192777634,0.9403857588768005,0.3331226110458374,0.8352152109146118,-0.09797365218400955,0.9672521352767944,0.378234326839447,0.8555639982223511,0.05002047121524811,0.8794847726821899,0.31202688813209534,0.8527500629425049,-0.10024835914373398,0.8875595927238464,0.42673254013061523,0.8616100549697876,-0.004059893544763327,0.9575187563896179,0.35940200090408325,0.8661016821861267,-0.17450594902038574,0.9660607576370239
182,0.47106578946113586,0.48192939162254333,-0.018448397517204285,0.9998672604560852,0.4723101854324341,0.4715541899204254,-0.006699705496430397,0.9997296929359436,0.4719216525554657,0.47123217582702637,-0.00670582614839077,0.999661386013031,0.47138723731040955,0.47075581550598145,-0.006652995012700558,0.9996739029884338,0.4710196554660797,0.47032007575035095,-0.03378497436642647,0.9998206496238708,0.4696817696094513,0.4692939519882202,-0.0338096022605896,0.9998360872268677,0.46812009811401367,0.4680328071117401,-0.033850960433483124,0.9998524785041809,0.46107617020606995,0.4665057361125946,0.057749755680561066,0.9990913271903992,0.4573701024055481,0.4627806544303894,-0.07800465077161789,0.9998502731323242,0.46431225538253784,0.48852986097335815,0.006257553584873676,0.9996230602264404,0.4629218578338623,0.4864411950111389,-0.02912663109600544,0.9998322129249573,0.4346037209033966,0.5035566091537476,0.12795276939868927,0.9990841150283813,0.42124873399734497,0.48845866322517395,-0.14166004955768585,0.9999579787254333,0.4154813885688782,0.5697638392448425,0.1445377618074417,0.26248547434806824,0.3937009572982788,0.5498402118682861,-0.20626354217529297,0.9603776931762695,0.40586116909980774,0.6278573274612427,0.09787240624427795,0.31041592359542847,0.3881832957267761,0.6138388514518738,-0.24737432599067688,0.9631341695785522,0.40201491117477417,0.6430650353431702,0.09754171967506409,0.30411699414253235,0.3801806569099426,0.6318491697311401,-0.2765486538410187,0.9525219798088074,0.4040967524051666,0.6568170189857483,0.07703212648630142,0.3125245273113251,0.3859783113002777,0.6344094276428223,-0.2699897885322571,0.9529545307159424,0.4060208201408386,0.6410111784934998,0.08795315027236938,0.307905912399292,0.38989949226379395,0.6303322315216064,-0.2450370043516159,0.9389312863349915,0.42490553855895996,0.6395093202590942,0.07832175493240356,0.998720109462738,0.4121595621109009,0.6321685910224915,-0.0782926008105278,0.9994202852249146,0.4137585759162903,0.7335160374641418,0.04023529589176178,0.8897940516471863,0.40331244468688965,0.7309222221374512,-0.11144895851612091,0.9607577919960022,0.3883292078971863,0.835446298122406,0.06862284988164902,0.9273281693458557,0.3513469099998474,0.8300279974937439,-0.07879893481731415,0.9688140749931335,0.37935397028923035,0.8519473075866699,0.06663735955953598,0.873785138130188,0.3258015811443329,0.8467472195625305,-0.0803123265504837,0.8919984698295593,0.42179563641548157,0.8616814017295837,0.013469068333506584,0.9537314176559448,0.37549176812171936,0.8609606027603149,-0.15159474313259125,0.9678338766098022
183,0.4737150967121124,0.4830372929573059,-0.01283061783760786,0.99986332654953,0.47564584016799927,0.4724105894565582,-0.001926406635902822,0.9997138381004333,0.4751421809196472,0.47203025221824646,-0.001911937608383596,0.9996398687362671,0.47450894117355347,0.471476674079895,-0.00184106663800776,0.9996607303619385,0.47477877140045166,0.4711575210094452,-0.02973259799182415,0.9998122453689575,0.4736956059932709,0.4699508547782898,-0.029754549264907837,0.9998303651809692,0.47247645258903503,0.4685870409011841,-0.029810892418026924,0.9998491406440735,0.4647681713104248,0.46710553765296936,0.05399995297193527,0.9990209937095642,0.46182096004486084,0.4633401930332184,-0.07722732424736023,0.9998452067375183,0.46666496992111206,0.48940974473953247,0.0095155518501997,0.9996113777160645,0.4657030999660492,0.4875684082508087,-0.027175338938832283,0.9998270869255066,0.438931941986084,0.505326509475708,0.12653517723083496,0.9991071224212646,0.4255031943321228,0.4893322288990021,-0.13756747543811798,0.9999616742134094,0.42195484042167664,0.5709960460662842,0.14725661277770996,0.23875948786735535,0.40071800351142883,0.548549234867096,-0.19940176606178284,0.964017391204834,0.42197948694229126,0.6292369961738586,0.09826800972223282,0.287061870098114,0.3968477249145508,0.6141302585601807,-0.229997918009758,0.966042160987854,0.42013445496559143,0.6457303762435913,0.10015667974948883,0.2832843065261841,0.39133983850479126,0.632627010345459,-0.25540921092033386,0.9557464122772217,0.42214658856391907,0.6544714570045471,0.08101441711187363,0.2912748456001282,0.39751696586608887,0.6343970894813538,-0.2483331561088562,0.9560521841049194,0.4226624667644501,0.6417243480682373,0.0886857733130455,0.2871062457561493,0.4012596011161804,0.6301119327545166,-0.22650782763957977,0.9420253038406372,0.4280347228050232,0.6384325623512268,0.07990700006484985,0.9987360835075378,0.4204019010066986,0.631805956363678,-0.07989509403705597,0.9993916153907776,0.41509103775024414,0.7332462072372437,0.053871188312768936,0.8491184115409851,0.4161616265773773,0.7310176491737366,-0.08872635662555695,0.9622960090637207,0.3825739324092865,0.8314874172210693,0.0760929211974144,0.9055772423744202,0.36955052614212036,0.8274446725845337,-0.05992603302001953,0.9694885611534119,0.37163975834846497,0.8476113677024841,0.0757090225815773,0.8635706901550293,0.34968411922454834,0.844140887260437,-0.060892343521118164,0.8969807028770447,0.41184359788894653,0.85988849401474,0.03068927489221096,0.945607602596283,0.39448732137680054,0.8584319353103638,-0.12263497710227966,0.9688372015953064
184,0.47802650928497314,0.4836398959159851,-0.013511231169104576,0.999843418598175,0.4801017642021179,0.47360342741012573,-0.0029352332931011915,0.9996610879898071,0.47965097427368164,0.4732590317726135,-0.0029160527046769857,0.9995712041854858,0.4790811836719513,0.4727325439453125,-0.0028468992095440626,0.9996134638786316,0.4792223870754242,0.4721982181072235,-0.030776645988225937,0.999786913394928,0.47814568877220154,0.47085458040237427,-0.030799562111496925,0.9998070597648621,0.4769041836261749,0.4693550765514374,-0.030860617756843567,0.9998315572738647,0.4697839319705963,0.46815353631973267,0.052095379680395126,0.9988754987716675,0.46613842248916626,0.4636717438697815,-0.077353335916996,0.9998201727867126,0.47087720036506653,0.48975497484207153,0.008565044030547142,0.9995694756507874,0.46985578536987305,0.48790037631988525,-0.028111806139349937,0.9998070597648621,0.44429272413253784,0.5061476230621338,0.1246938481926918,0.9991033673286438,0.4301048219203949,0.48960408568382263,-0.13641168177127838,0.9999644756317139,0.43020546436309814,0.5717217922210693,0.14920517802238464,0.21913175284862518,0.40614011883735657,0.5477095246315002,-0.19433750212192535,0.9671103358268738,0.43557271361351013,0.62916100025177,0.10074925422668457,0.2694719731807709,0.4048863351345062,0.614580512046814,-0.20928740501403809,0.9682866334915161,0.4359379708766937,0.6474693417549133,0.10084564983844757,0.26854372024536133,0.4017314910888672,0.6343129277229309,-0.2319156527519226,0.9580562710762024,0.438175767660141,0.6510362029075623,0.08237583935260773,0.2761414647102356,0.409626305103302,0.6352351903915405,-0.2264249175786972,0.9582206606864929,0.43694207072257996,0.6409324407577515,0.08986812084913254,0.2722756564617157,0.4126874804496765,0.630105197429657,-0.20591332018375397,0.9438595175743103,0.4331698417663574,0.6378129124641418,0.08027301728725433,0.9985430240631104,0.42624521255493164,0.6324633955955505,-0.08025247603654861,0.999260425567627,0.4207504689693451,0.7318786978721619,0.07890733331441879,0.8018595576286316,0.42300042510032654,0.7319945693016052,-0.08470924198627472,0.9597029685974121,0.3822610378265381,0.8249015808105469,0.1152893677353859,0.8669249415397644,0.3803907632827759,0.8289476037025452,-0.055210430175065994,0.9670363068580627,0.3684929311275482,0.8399336338043213,0.11516327410936356,0.842901349067688,0.36333784461021423,0.8462384343147278,-0.05568479746580124,0.899516224861145,0.4003506004810333,0.8539888858795166,0.07689406722784042,0.9234988689422607,0.4130728840827942,0.8601177334785461,-0.1134701520204544,0.9668644070625305
185,0.4825749397277832,0.4854358732700348,-0.01673334278166294,0.9997968673706055,0.48438164591789246,0.4756925702095032,-0.005029583815485239,0.9995422959327698,0.4838939905166626,0.4753417670726776,-0.005028090439736843,0.9994348287582397,0.48328208923339844,0.47477129101753235,-0.004978793207556009,0.999502420425415,0.48336127400398254,0.4742985963821411,-0.031522929668426514,0.9997265338897705,0.4821835160255432,0.4729468524456024,-0.03154098242521286,0.9997561573982239,0.48084038496017456,0.47139614820480347,-0.03157566860318184,0.9997916221618652,0.47381365299224854,0.4698277711868286,0.040881041437387466,0.9985470771789551,0.47002002596855164,0.46549510955810547,-0.0879814401268959,0.9997761845588684,0.47550857067108154,0.4913756549358368,0.008424815721809864,0.9994398951530457,0.4744495153427124,0.4895056486129761,-0.029583105817437172,0.9997565746307373,0.44834044575691223,0.5069310665130615,0.11613667011260986,0.9989951252937317,0.43374279141426086,0.4910273849964142,-0.1462431252002716,0.9999666810035706,0.42848241329193115,0.5708906054496765,0.147176593542099,0.1996689885854721,0.41039326786994934,0.5477274060249329,-0.18938539922237396,0.9700794219970703,0.43322867155075073,0.6234056353569031,0.09934451431035995,0.2485315054655075,0.4161389172077179,0.6151345372200012,-0.18513703346252441,0.9704661965370178,0.43028536438941956,0.6433035135269165,0.09954741597175598,0.2495906800031662,0.4148198366165161,0.6364172697067261,-0.20592960715293884,0.9602822661399841,0.43474245071411133,0.6419891119003296,0.08065467327833176,0.25680407881736755,0.4221026301383972,0.636532187461853,-0.19854268431663513,0.9603198170661926,0.43601715564727783,0.6324161887168884,0.08837887644767761,0.25348392128944397,0.4244208335876465,0.6304274797439575,-0.18041710555553436,0.9455545544624329,0.4361358880996704,0.6381583213806152,0.0806012973189354,0.998353123664856,0.42965927720069885,0.6332884430885315,-0.08057350665330887,0.9991497993469238,0.42765292525291443,0.7319530248641968,0.07533176243305206,0.7664099335670471,0.42966464161872864,0.7322375178337097,-0.08264421671628952,0.96177077293396,0.3899090588092804,0.8249672651290894,0.11409670859575272,0.8473473787307739,0.3913249373435974,0.8301082253456116,-0.05310392007231712,0.9683690071105957,0.3762236535549164,0.8411538600921631,0.11378902941942215,0.8330806493759155,0.37567463517189026,0.8474507331848145,-0.053712788969278336,0.9051105976104736,0.41509994864463806,0.8528180122375488,0.07287710160017014,0.915754497051239,0.42452874779701233,0.8606530427932739,-0.10971717536449432,0.9682593941688538
186,0.4863870441913605,0.48730191588401794,0.010112965479493141,0.9997789859771729,0.4883224368095398,0.4777989685535431,0.020897161215543747,0.9995019435882568,0.48780298233032227,0.47733280062675476,0.020910054445266724,0.9993924498558044,0.4871354103088379,0.4766363203525543,0.0209805965423584,0.9994717836380005,0.4874095320701599,0.4766230881214142,-0.006164215505123138,0.999697744846344,0.48626935482025146,0.47530099749565125,-0.006182552315294743,0.9997326135635376,0.48495349287986755,0.47371819615364075,-0.006234695203602314,0.9997742772102356,0.4777980446815491,0.4709829092025757,0.06647957861423492,0.9984539747238159,0.4744606614112854,0.46722063422203064,-0.0570298470556736,0.9997609853744507,0.4794512093067169,0.49254822731018066,0.02995241992175579,0.9993828535079956,0.47857481241226196,0.49088701605796814,-0.005972116254270077,0.999728262424469,0.4505009055137634,0.5069901943206787,0.1381995677947998,0.9989951252937317,0.4388355016708374,0.49157798290252686,-0.12726372480392456,0.9999690651893616,0.4299008250236511,0.5701382160186768,0.16140007972717285,0.1823914796113968,0.41657230257987976,0.5477703809738159,-0.17172856628894806,0.9726501107215881,0.4342457950115204,0.6215944886207581,0.10583879798650742,0.22929371893405914,0.42566823959350586,0.6136393547058105,-0.17583288252353668,0.9715895652770996,0.4313413202762604,0.6420171856880188,0.10543575137853622,0.23227716982364655,0.4255926012992859,0.6345813870429993,-0.19779182970523834,0.9609584212303162,0.43748798966407776,0.6391171813011169,0.08749346435070038,0.23896683752536774,0.433664470911026,0.6345112919807434,-0.18895958364009857,0.9607982635498047,0.439126193523407,0.6304686069488525,0.09527618438005447,0.23617790639400482,0.43520212173461914,0.6287848353385925,-0.1708504855632782,0.9449740648269653,0.434213787317276,0.6377265453338623,0.08393089473247528,0.9983413219451904,0.4319766163825989,0.6328608989715576,-0.08388598263263702,0.9991101026535034,0.42451319098472595,0.7320417761802673,0.07371753454208374,0.7319074273109436,0.44299471378326416,0.7296051979064941,-0.08929310739040375,0.9649016857147217,0.39472922682762146,0.8259791135787964,0.1107308641076088,0.8367022275924683,0.4061596393585205,0.8295557498931885,-0.06566279381513596,0.9706364274024963,0.38055330514907837,0.8413172960281372,0.10849493741989136,0.8306906819343567,0.3896557688713074,0.8467943668365479,-0.06665665656328201,0.9123002290725708,0.4273795783519745,0.8538671135902405,0.06371815502643585,0.9112836718559265,0.43696239590644836,0.8605397343635559,-0.11706936359405518,0.9703464508056641
187,0.49148163199424744,0.48861098289489746,0.0012609524419531226,0.9997773170471191,0.4933485984802246,0.4794212281703949,0.012229115702211857,0.9994960427284241,0.4929346740245819,0.47904595732688904,0.01224184688180685,0.9993882775306702,0.49242380261421204,0.4784587621688843,0.012305374257266521,0.999467134475708,0.49209147691726685,0.47807177901268005,-0.013550065457820892,0.9996923804283142,0.49078884720802307,0.47663748264312744,-0.013555696234107018,0.9997289180755615,0.4892834722995758,0.4749287962913513,-0.013590553775429726,0.9997732043266296,0.483005166053772,0.47288504242897034,0.061103999614715576,0.9984789490699768,0.47843918204307556,0.46822884678840637,-0.05594626069068909,0.9997615814208984,0.484791100025177,0.4937501847743988,0.021804973483085632,0.9993765950202942,0.4834451973438263,0.492105096578598,-0.012319558300077915,0.9997261166572571,0.45614880323410034,0.5084853172302246,0.13261181116104126,0.9990133047103882,0.443435400724411,0.4933253228664398,-0.11897790431976318,0.9999712109565735,0.43579286336898804,0.5697408318519592,0.1578851193189621,0.16805438697338104,0.42088934779167175,0.5509216785430908,-0.1605324149131775,0.9749014973640442,0.4385310113430023,0.620201587677002,0.10391707718372345,0.21212756633758545,0.4327624440193176,0.6129825711250305,-0.15791726112365723,0.9714886546134949,0.435071736574173,0.6404095888137817,0.10327227413654327,0.21662183105945587,0.4322270452976227,0.6334396600723267,-0.17817087471485138,0.9597082138061523,0.4409993290901184,0.6372547149658203,0.08651934564113617,0.22262050211429596,0.4402484893798828,0.6334176659584045,-0.17029467225074768,0.9593347907066345,0.4431561231613159,0.6293702125549316,0.09379655867815018,0.2202696055173874,0.4415217339992523,0.6278514266014099,-0.153262197971344,0.9421034455299377,0.4353058338165283,0.6374577879905701,0.08224986493587494,0.9982778429985046,0.43775078654289246,0.633169412612915,-0.08220438659191132,0.9990350008010864,0.4219198226928711,0.7333014011383057,0.07211455702781677,0.7246107459068298,0.46382904052734375,0.7268998622894287,-0.08913113176822662,0.9678422808647156,0.3920576870441437,0.8314292430877686,0.0983368456363678,0.8367384076118469,0.430820494890213,0.8298237919807434,-0.06682887673377991,0.972359836101532,0.3788096308708191,0.8476806282997131,0.09601621329784393,0.8349072337150574,0.4155369699001312,0.8464386463165283,-0.06670094281435013,0.917952299118042,0.424028605222702,0.8585572242736816,0.062093645334243774,0.9091745018959045,0.4628392159938812,0.8612620234489441,-0.10730984807014465,0.9715797901153564
188,0.49565455317497253,0.49082499742507935,-0.003240872174501419,0.9997882843017578,0.49757927656173706,0.4816855490207672,0.007186588365584612,0.9995211362838745,0.4971723258495331,0.48132285475730896,0.007201737724244595,0.9994182586669922,0.49667900800704956,0.4807687997817993,0.007266727741807699,0.9994929432868958,0.4962315857410431,0.4804007411003113,-0.01813383772969246,0.9997071027755737,0.4948701560497284,0.47899892926216125,-0.01813901588320732,0.9997415542602539,0.49331578612327576,0.47728025913238525,-0.018173187971115112,0.9997854232788086,0.4872013330459595,0.4750635325908661,0.06098465621471405,0.9985724091529846,0.4826749265193939,0.4703561067581177,-0.05840061232447624,0.9997745156288147,0.4892486333847046,0.49594825506210327,0.017510030418634415,0.9994083642959595,0.4878242015838623,0.49427568912506104,-0.015905627980828285,0.9997410774230957,0.46074360609054565,0.5095372200012207,0.13001103699207306,0.9990622997283936,0.4492066502571106,0.49429023265838623,-0.11712171882390976,0.9999735355377197,0.43925780057907104,0.5694940686225891,0.1498483270406723,0.15607039630413055,0.42567384243011475,0.5524099469184875,-0.15664717555046082,0.9768959879875183,0.4421977400779724,0.6195595264434814,0.09464947879314423,0.19785219430923462,0.43838515877723694,0.6124382019042969,-0.1463000327348709,0.9713099598884583,0.4371141493320465,0.6403529644012451,0.09160862118005753,0.20374159514904022,0.43842655420303345,0.6327253580093384,-0.165513813495636,0.9583198428153992,0.4445081651210785,0.6372352838516235,0.07445457577705383,0.20918017625808716,0.4465706944465637,0.6329688429832458,-0.15874938666820526,0.9577140212059021,0.4472777247428894,0.6294316649436951,0.08453736454248428,0.20718596875667572,0.4475693106651306,0.6274740695953369,-0.14171411097049713,0.9391889572143555,0.43912273645401,0.6375530958175659,0.08194392919540405,0.998291015625,0.4417894780635834,0.6330452561378479,-0.08193295449018478,0.9990381002426147,0.42081961035728455,0.7347522974014282,0.07071536779403687,0.7273464798927307,0.47482696175575256,0.7248145341873169,-0.08402186632156372,0.9704161286354065,0.39072662591934204,0.8324246406555176,0.08153030276298523,0.8408413529396057,0.4504241347312927,0.830169141292572,-0.05825601890683174,0.9738692045211792,0.37823158502578735,0.8493583798408508,0.0790112242102623,0.8419797420501709,0.4379006028175354,0.8465902209281921,-0.05737682431936264,0.9230300784111023,0.41996675729751587,0.8585433959960938,0.04525696113705635,0.9094343781471252,0.48257264494895935,0.8604745268821716,-0.09187854826450348,0.9726078510284424
189,0.5006166100502014,0.49372532963752747,-0.004832887556403875,0.999800443649292,0.5022897124290466,0.48469868302345276,0.005076758563518524,0.9995487928390503,0.5019117593765259,0.48441818356513977,0.005094645544886589,0.9994510412216187,0.5014733672142029,0.48395615816116333,0.005160471890121698,0.9995214343070984,0.5008412599563599,0.48331695795059204,-0.019341550767421722,0.9997228980064392,0.4993955194950104,0.4819652736186981,-0.01934509538114071,0.9997549653053284,0.4978070557117462,0.4802929162979126,-0.019376058131456375,0.9997984766960144,0.49167299270629883,0.47846320271492004,0.05875454097986221,0.9986585378646851,0.4870308041572571,0.47353869676589966,-0.056249916553497314,0.9997878670692444,0.4941670298576355,0.4994058609008789,0.015800951048731804,0.9994444847106934,0.49255433678627014,0.4974434971809387,-0.016186796128749847,0.9997583627700806,0.46554580330848694,0.5117555260658264,0.1281110942363739,0.999101996421814,0.45419394969940186,0.49558964371681213,-0.11193431168794632,0.9999758005142212,0.44449707865715027,0.570630669593811,0.14836658537387848,0.1441948413848877,0.4308690130710602,0.5549435019493103,-0.15163932740688324,0.9787141680717468,0.44848865270614624,0.6204819679260254,0.09358613193035126,0.18465851247310638,0.44432371854782104,0.6128720045089722,-0.14594146609306335,0.9715259671211243,0.44526734948158264,0.6403676867485046,0.0901760458946228,0.1921379417181015,0.4447963833808899,0.6327019333839417,-0.16593126952648163,0.9577664732933044,0.4522109031677246,0.6378572583198547,0.07223448157310486,0.19708387553691864,0.4528711140155792,0.6324355006217957,-0.15913176536560059,0.9568921327590942,0.4542543590068817,0.6306706070899963,0.0832175612449646,0.19552353024482727,0.45360133051872253,0.6269141435623169,-0.14140111207962036,0.9374397397041321,0.4437737762928009,0.6385788321495056,0.07980574667453766,0.9983136653900146,0.4461248815059662,0.6332619786262512,-0.0797700360417366,0.9990698099136353,0.419853538274765,0.7369017601013184,0.06396648287773132,0.7329095602035522,0.4801430106163025,0.7246792316436768,-0.07458601891994476,0.9728929996490479,0.3899594843387604,0.8330830335617065,0.06739943474531174,0.8485428094863892,0.47127771377563477,0.830345094203949,-0.059666313230991364,0.9757795333862305,0.37727001309394836,0.8505225777626038,0.0646601989865303,0.8514357805252075,0.4608677625656128,0.8474493622779846,-0.06034383177757263,0.928839385509491,0.4202292263507843,0.8591310977935791,0.02759968861937523,0.9124910235404968,0.505510687828064,0.8591444492340088,-0.10240940004587173,0.9741390943527222
190,0.5047709941864014,0.496533066034317,0.0023826570250093937,0.9998032450675964,0.5062247514724731,0.48710206151008606,0.011442756280303001,0.9995563626289368,0.5056329965591431,0.48671600222587585,0.011463532224297523,0.9994582533836365,0.5049391388893127,0.4861637055873871,0.01153537817299366,0.9995298385620117,0.5051575303077698,0.4859422445297241,-0.013088665902614594,0.9997237324714661,0.503872275352478,0.484732985496521,-0.013096259906888008,0.9997539520263672,0.5024833083152771,0.48327669501304626,-0.013140808790922165,0.999801754951477,0.4950796663761139,0.4807681441307068,0.05868174508213997,0.99867844581604,0.4920157492160797,0.4767405092716217,-0.054319143295288086,0.9997891783714294,0.4980865716934204,0.5023877620697021,0.021931199356913567,0.9994639754295349,0.4969587028026581,0.5007832050323486,-0.010312271304428577,0.9997672438621521,0.468348890542984,0.5127426385879517,0.12993301451206207,0.9991151690483093,0.4602251350879669,0.49780210852622986,-0.1133030578494072,0.9999778270721436,0.44621947407722473,0.5709294080734253,0.152784526348114,0.13301384449005127,0.4367371201515198,0.5558302402496338,-0.1569613367319107,0.9802075028419495,0.4507328271865845,0.6217569708824158,0.09611694514751434,0.17237764596939087,0.45026007294654846,0.6137585639953613,-0.1567554771900177,0.9716936349868774,0.4491707980632782,0.6404179334640503,0.09037816524505615,0.18098793923854828,0.4509247839450836,0.6331124305725098,-0.17838549613952637,0.957416832447052,0.456137478351593,0.6382930874824524,0.0741896703839302,0.18552380800247192,0.4584970772266388,0.6323313117027283,-0.17149752378463745,0.9562335014343262,0.4578953683376312,0.6320177912712097,0.0858207568526268,0.18460313975811005,0.4589102864265442,0.6267606019973755,-0.15229839086532593,0.9357375502586365,0.449117511510849,0.6415838003158569,0.07944576442241669,0.9983358979225159,0.45023417472839355,0.6354711055755615,-0.07941329479217529,0.999100387096405,0.42062264680862427,0.7395771145820618,0.05948580428957939,0.7369985580444336,0.4843679368495941,0.7271275520324707,-0.07058542966842651,0.9751233458518982,0.3896939158439636,0.834382951259613,0.06547456234693527,0.8568578362464905,0.4889519214630127,0.8340829610824585,-0.0626584067940712,0.9776861071586609,0.3774905502796173,0.8514345288276672,0.06276559829711914,0.8612013459205627,0.48172274231910706,0.85431307554245,-0.06405321508646011,0.9345914125442505,0.4211210310459137,0.8599968552589417,0.020480822771787643,0.9161374568939209,0.5268014669418335,0.8571465611457825,-0.11293867230415344,0.9758082032203674
191,0.5098085999488831,0.49857470393180847,8.577940025134012e-05,0.9997993111610413,0.5107519030570984,0.48931849002838135,0.0072494614869356155,0.9995385408401489,0.5101262927055359,0.48888856172561646,0.007280710618942976,0.9994328022003174,0.509385883808136,0.48832765221595764,0.007363616488873959,0.9995071291923523,0.5097544193267822,0.48840492963790894,-0.016349654644727707,0.9997101426124573,0.5084753036499023,0.4873540997505188,-0.016365893185138702,0.9997403025627136,0.507044792175293,0.48611757159233093,-0.016432223841547966,0.9997968673706055,0.4993508458137512,0.483308345079422,0.05182182043790817,0.99859619140625,0.4964989721775055,0.4803369343280792,-0.05850822106003761,0.999784529209137,0.5033661127090454,0.5048450231552124,0.018327781930565834,0.9994760155677795,0.502068281173706,0.5035511255264282,-0.012333531863987446,0.9997760057449341,0.4745529294013977,0.5157277584075928,0.12543635070323944,0.9991147518157959,0.46605196595191956,0.5006102323532104,-0.12035807967185974,0.9999796748161316,0.45421212911605835,0.5731106400489807,0.14732547104358673,0.12264932692050934,0.4431185722351074,0.5581573843955994,-0.1632918417453766,0.9815701246261597,0.45852985978126526,0.6246792078018188,0.08849027007818222,0.1606227606534958,0.45604845881462097,0.6159027218818665,-0.16740889847278595,0.9720854759216309,0.4565490484237671,0.6424623727798462,0.08373153209686279,0.17047019302845,0.45647937059402466,0.6351460218429565,-0.18986836075782776,0.9576776027679443,0.46288350224494934,0.6399036645889282,0.06521493941545486,0.17462922632694244,0.46405863761901855,0.6338202357292175,-0.18324337899684906,0.956316351890564,0.46451258659362793,0.6347107291221619,0.07748960703611374,0.17435647547245026,0.46478503942489624,0.6284436583518982,-0.16328789293766022,0.9353770017623901,0.45655426383018494,0.6459263563156128,0.07946355640888214,0.9983426332473755,0.4551100432872772,0.6393260359764099,-0.07941116392612457,0.9991313815116882,0.42130813002586365,0.7409224510192871,0.07080786675214767,0.7420058250427246,0.4902766942977905,0.7290332317352295,-0.06813153624534607,0.9771005511283875,0.38986852765083313,0.8344096541404724,0.08528614789247513,0.8664007782936096,0.5043989419937134,0.833939254283905,-0.0488443486392498,0.9795082807540894,0.37759435176849365,0.8512640595436096,0.0835714265704155,0.8717528581619263,0.49731552600860596,0.854499101638794,-0.049984756857156754,0.9401321411132812,0.4208933711051941,0.8604940176010132,0.04236315190792084,0.9203101396560669,0.5380222201347351,0.8517180681228638,-0.10072480142116547,0.9774888157844543
192,0.5139696002006531,0.502047061920166,-0.003016742877662182,0.9997990727424622,0.5152329802513123,0.492738276720047,0.0034718895331025124,0.9995303153991699,0.5145984888076782,0.4922500550746918,0.00350139825604856,0.9994187951087952,0.5138412714004517,0.49159279465675354,0.0035864049568772316,0.999497652053833,0.5143464803695679,0.4917833209037781,-0.020949937403202057,0.9997020959854126,0.5132277607917786,0.49069759249687195,-0.02097448520362377,0.9997310042381287,0.5119822025299072,0.48941928148269653,-0.021043317392468452,0.9997944831848145,0.5043535232543945,0.48634210228919983,0.04815331846475601,0.9985228180885315,0.5018536448478699,0.4835056662559509,-0.06577586382627487,0.9997812509536743,0.5077074766159058,0.5077958703041077,0.01518160104751587,0.999494194984436,0.5065851807594299,0.5065571069717407,-0.016553733497858047,0.9997850656509399,0.4795917272567749,0.5177189111709595,0.12486375123262405,0.9991011023521423,0.47185996174812317,0.5031905174255371,-0.1293260008096695,0.9999813437461853,0.45950648188591003,0.5753560662269592,0.14732211828231812,0.11265420913696289,0.4506019353866577,0.5611392855644226,-0.1783854067325592,0.9828706383705139,0.46338576078414917,0.6265374422073364,0.08740334212779999,0.15020979940891266,0.46193188428878784,0.6187781691551208,-0.18109938502311707,0.972754716873169,0.46153125166893005,0.6437581777572632,0.08324451744556427,0.16127067804336548,0.46154269576072693,0.6381720304489136,-0.20679977536201477,0.9584407210350037,0.46759718656539917,0.6417877078056335,0.06374805420637131,0.16513748466968536,0.46900326013565063,0.6365358233451843,-0.19884179532527924,0.9568590521812439,0.46934303641319275,0.636576235294342,0.07590660452842712,0.16544869542121887,0.47010061144828796,0.6311061978340149,-0.17653033137321472,0.9355365633964539,0.46400126814842224,0.64808189868927,0.08071400970220566,0.9983982443809509,0.45960742235183716,0.6412459015846252,-0.08061552792787552,0.9991741180419922,0.4263462722301483,0.7406197786331177,0.07026760280132294,0.7430261373519897,0.4947564899921417,0.7322694659233093,-0.06485904008150101,0.9790505766868591,0.39114636182785034,0.8337963819503784,0.08561503142118454,0.8760078549385071,0.5140158534049988,0.8339065909385681,-0.05259121209383011,0.981351912021637,0.37845614552497864,0.8495191931724548,0.08397237956523895,0.8820177316665649,0.5090761184692383,0.854677677154541,-0.05485886335372925,0.9455407857894897,0.42218294739723206,0.8606556057929993,0.042188871651887894,0.925361156463623,0.5486535429954529,0.8472594022750854,-0.10891811549663544,0.9793388247489929
193,0.5200092792510986,0.501234769821167,-0.01926560327410698,0.9998053908348083,0.5210818648338318,0.49205321073532104,-0.011238960549235344,0.9995455145835876,0.5204946994781494,0.4915444254875183,-0.011226365342736244,0.9994390606880188,0.5197693109512329,0.49090027809143066,-0.011161640286445618,0.9995129704475403,0.5201283097267151,0.4911506772041321,-0.03780074045062065,0.9997087717056274,0.5190680027008057,0.4900646507740021,-0.03783610090613365,0.9997357726097107,0.5178240537643433,0.4888252913951874,-0.037894852459430695,0.99979567527771,0.5103233456611633,0.48629409074783325,0.036014240235090256,0.9985333681106567,0.5071622729301453,0.48317840695381165,-0.08522210270166397,0.9997846484184265,0.5136407613754272,0.5069060325622559,0.0008935905061662197,0.9994985461235046,0.5124944448471069,0.5056354403495789,-0.034171007573604584,0.9997845888137817,0.48646169900894165,0.5192520618438721,0.11406844109296799,0.9990896582603455,0.4784316122531891,0.5058227777481079,-0.14614872634410858,0.9999827146530151,0.46594876050949097,0.577049970626831,0.1428726613521576,0.10397520661354065,0.4577036201953888,0.5626357793807983,-0.1867847889661789,0.9839708209037781,0.4700808525085449,0.6282929182052612,0.08981142193078995,0.14109893143177032,0.4673396348953247,0.623028039932251,-0.18188557028770447,0.9738268256187439,0.46770864725112915,0.6453712582588196,0.08670548349618912,0.15246665477752686,0.4658276438713074,0.6423320770263672,-0.20661519467830658,0.9596648812294006,0.47288909554481506,0.6438579559326172,0.06678905338048935,0.15633153915405273,0.47318747639656067,0.6409043073654175,-0.1988692283630371,0.9579555988311768,0.47482603788375854,0.6383681893348694,0.0782456174492836,0.1570189893245697,0.47477856278419495,0.6354072690010071,-0.1771875023841858,0.9360682964324951,0.4736393094062805,0.6499376893043518,0.08024460077285767,0.9984541535377502,0.464613676071167,0.6431927680969238,-0.08018014580011368,0.9992055296897888,0.49416857957839966,0.7411249279975891,0.06788384169340134,0.7495413422584534,0.44295063614845276,0.7371500134468079,-0.07701456546783447,0.9808099865913391,0.5146702527999878,0.834909200668335,0.08922630548477173,0.8831487894058228,0.40168753266334534,0.832365870475769,-0.05573425441980362,0.9828822016716003,0.509488582611084,0.8541007041931152,0.08737895637750626,0.8876566886901855,0.38801467418670654,0.8493644595146179,-0.05763738229870796,0.9484049677848816,0.5516648292541504,0.8517568111419678,0.04332759976387024,0.9294286966323853,0.43342137336730957,0.8528653383255005,-0.12065103650093079,0.9807805418968201
194,0.524819552898407,0.5030273795127869,-0.018514228984713554,0.9997827410697937,0.525907576084137,0.4935286045074463,-0.009246730245649815,0.9994832873344421,0.5252679586410522,0.49293261766433716,-0.009238936938345432,0.999350905418396,0.52448570728302,0.492178738117218,-0.009182000532746315,0.9994468688964844,0.5250626802444458,0.4928766191005707,-0.03751343488693237,0.9996663928031921,0.5239914655685425,0.4918946921825409,-0.03755221888422966,0.9996904730796814,0.5226759314537048,0.490678071975708,-0.03758127987384796,0.9997726678848267,0.5152440071105957,0.48739516735076904,0.039375949651002884,0.9982688426971436,0.5123429298400879,0.48517265915870667,-0.08483976870775223,0.999752402305603,0.5184029936790466,0.5081336498260498,0.0030598763842135668,0.9994809031486511,0.5174180865287781,0.5070940852165222,-0.0337115079164505,0.9997807741165161,0.4893953502178192,0.5183244943618774,0.11507080495357513,0.9990489482879639,0.4858742654323578,0.5080702304840088,-0.14209850132465363,0.9999839663505554,0.4681783616542816,0.5773888826370239,0.1378868669271469,0.09544206410646439,0.46460145711898804,0.5654593706130981,-0.18295292556285858,0.9846037030220032,0.4721880257129669,0.6286529898643494,0.08456260710954666,0.13177604973316193,0.47276800870895386,0.6272481679916382,-0.1830020248889923,0.9736375212669373,0.4692458212375641,0.645353376865387,0.08074115961790085,0.1440940499305725,0.4698823392391205,0.6465587615966797,-0.20828115940093994,0.9593563675880432,0.47655585408210754,0.6442676782608032,0.061375413089990616,0.14756354689598083,0.477230429649353,0.6462042331695557,-0.2004605382680893,0.9574071168899536,0.4780372381210327,0.6385093331336975,0.07330936193466187,0.14853039383888245,0.4794081747531891,0.6408123970031738,-0.17849528789520264,0.9349935054779053,0.47552984952926636,0.6505637764930725,0.0801868662238121,0.9983521103858948,0.4762062430381775,0.6456104516983032,-0.08011786639690399,0.9992013573646545,0.46389514207839966,0.7411167621612549,0.0739658996462822,0.7493091821670532,0.49945133924484253,0.7415966391563416,-0.06760779768228531,0.9820317029953003,0.41702452301979065,0.8315398097038269,0.09752047061920166,0.8899123072624207,0.5170189142227173,0.8363017439842224,-0.05203774571418762,0.9842461347579956,0.4013398289680481,0.8468440771102905,0.09645628184080124,0.8956682682037354,0.5104026198387146,0.8567841053009033,-0.054012883454561234,0.9527721405029297,0.44762906432151794,0.8548320531845093,0.05381796509027481,0.9320141673088074,0.5502837300300598,0.8535846471786499,-0.11106282472610474,0.9819800853729248
195,0.5314746499061584,0.5012351870536804,-0.01677962951362133,0.9997715353965759,0.531663715839386,0.4916197955608368,-0.007711304817348719,0.9994486570358276,0.5310350656509399,0.49108201265335083,-0.007706923875957727,0.9993056058883667,0.5302487015724182,0.49039119482040405,-0.007627713494002819,0.9994114637374878,0.5308022499084473,0.49084708094596863,-0.0345473550260067,0.9996417164802551,0.5296540260314941,0.4898131191730499,-0.03459060937166214,0.9996654391288757,0.5283070206642151,0.48857060074806213,-0.03464733064174652,0.9997586011886597,0.5206396579742432,0.48576298356056213,0.04101298376917839,0.9981337189674377,0.5178542137145996,0.48361706733703613,-0.08264970779418945,0.9997373819351196,0.5255032777786255,0.5068312287330627,0.0032527248840779066,0.999477744102478,0.5244969725608826,0.5058447122573853,-0.032115742564201355,0.9997806549072266,0.4948054254055023,0.5181817412376404,0.11603832244873047,0.9990177750587463,0.4929875433444977,0.509209156036377,-0.13738179206848145,0.9999850988388062,0.4741871953010559,0.5787472724914551,0.13589653372764587,0.08759129792451859,0.4736539423465729,0.5674136877059937,-0.18167006969451904,0.9852824211120605,0.47531241178512573,0.6314573884010315,0.08068487793207169,0.12341771274805069,0.47855180501937866,0.6306455731391907,-0.1844647377729416,0.9737057089805603,0.47309160232543945,0.6477034091949463,0.07670928537845612,0.1365872174501419,0.4747452139854431,0.6502799987792969,-0.21029937267303467,0.9593106508255005,0.4800812900066376,0.6480071544647217,0.05702057480812073,0.13971897959709167,0.48210030794143677,0.6509776711463928,-0.20278400182724,0.9571132659912109,0.4827328324317932,0.6420084834098816,0.06916122138500214,0.14088085293769836,0.4846495985984802,0.6459775567054749,-0.1803680807352066,0.9342837333679199,0.485560804605484,0.6523443460464478,0.08083153516054153,0.9983627796173096,0.4852732717990875,0.6473848223686218,-0.08075480908155441,0.999230146408081,0.45143210887908936,0.741683840751648,0.07341644912958145,0.7489166259765625,0.5080695152282715,0.7466713190078735,-0.06767452508211136,0.9834414124488831,0.40885797142982483,0.8272315263748169,0.09732189774513245,0.8964632153511047,0.5274680256843567,0.8399725556373596,-0.054023679345846176,0.985609233379364,0.39464882016181946,0.8386675119400024,0.09607907384634018,0.9028858542442322,0.5197931528091431,0.8604266047477722,-0.0561639741063118,0.9568345546722412,0.4331723749637604,0.8579583168029785,0.052442748099565506,0.9355254173278809,0.5622537136077881,0.8576242923736572,-0.11235291510820389,0.9833548665046692
196,0.5365196466445923,0.5002731084823608,-0.015048152767121792,0.999742865562439,0.5361083149909973,0.4905814230442047,-0.005783054046332836,0.999367356300354,0.5354732871055603,0.49008381366729736,-0.005791800562292337,0.9992007613182068,0.5347055792808533,0.48943084478378296,-0.005704031325876713,0.9993290305137634,0.5353464484214783,0.4897347092628479,-0.03274478763341904,0.9995871782302856,0.5342578291893005,0.4886782169342041,-0.03278227895498276,0.9996137619018555,0.533005952835083,0.4874342083930969,-0.03286052867770195,0.9997193813323975,0.5250760912895203,0.484909325838089,0.04199769347906113,0.9978427886962891,0.5229503512382507,0.48300373554229736,-0.0784289613366127,0.9996888637542725,0.5307662487030029,0.5059506893157959,0.0033389776945114136,0.9994138479232788,0.5298683643341064,0.5049045085906982,-0.031426120549440384,0.9997482895851135,0.49806955456733704,0.5178457498550415,0.11513512581586838,0.9990026950836182,0.4994817078113556,0.5096167922019958,-0.13535495102405548,0.9999857544898987,0.47946837544441223,0.5794416666030884,0.1363675594329834,0.0803360864520073,0.4822079539299011,0.5683415532112122,-0.18099743127822876,0.9853847622871399,0.47907114028930664,0.6326993107795715,0.08256079256534576,0.11570388823747635,0.4853106737136841,0.6325715184211731,-0.18547503650188446,0.9732633829116821,0.4760653078556061,0.6487497687339783,0.07772178947925568,0.12958118319511414,0.48106393218040466,0.6514901518821716,-0.21110667288303375,0.9585122466087341,0.48301371932029724,0.6508495211601257,0.05904586240649223,0.13254134356975555,0.488536536693573,0.6532416939735413,-0.20363910496234894,0.956122636795044,0.48576992750167847,0.6450048089027405,0.07129991054534912,0.1337306648492813,0.49083441495895386,0.6482961177825928,-0.18154042959213257,0.9321486949920654,0.4924759864807129,0.6535629034042358,0.07938685268163681,0.9984163641929626,0.4962155520915985,0.6489971876144409,-0.07935040444135666,0.9992468953132629,0.4630277454853058,0.7414978742599487,0.06849189102649689,0.7375110387802124,0.49471500515937805,0.7451297640800476,-0.06977976858615875,0.9841468334197998,0.4547138810157776,0.8337544202804565,0.09726059436798096,0.8979192972183228,0.49349337816238403,0.8395802974700928,-0.05293087288737297,0.9864731431007385,0.44365057349205017,0.8451036810874939,0.09580158442258835,0.9061557650566101,0.4868379533290863,0.8578372597694397,-0.054588060826063156,0.9593668580055237,0.4796532690525055,0.8618839383125305,0.04716242849826813,0.9362531900405884,0.5560546517372131,0.8679693341255188,-0.11193116009235382,0.984097957611084
197,0.5416492819786072,0.5000524520874023,-0.014464151114225388,0.9995220303535461,0.5410791039466858,0.4899985194206238,-0.005652009043842554,0.9987818598747253,0.5403907895088196,0.4892908036708832,-0.005664389114826918,0.9983950257301331,0.5395938754081726,0.48845046758651733,-0.0055684964172542095,0.9987317323684692,0.5405920147895813,0.48957759141921997,-0.03212958201766014,0.9992361664772034,0.539616584777832,0.4885954260826111,-0.03217063844203949,0.9992495775222778,0.5385355949401855,0.4871639013290405,-0.032214127480983734,0.9994900822639465,0.5298582315444946,0.4848613739013672,0.04263192415237427,0.9955869317054749,0.5286439657211304,0.482145220041275,-0.07652916759252548,0.9993393421173096,0.5361097455024719,0.5058628916740417,0.004588105250149965,0.9990360140800476,0.5353487133979797,0.5044740438461304,-0.029746372252702713,0.9995743036270142,0.5011540055274963,0.5175751447677612,0.11449573189020157,0.998757004737854,0.5050932168960571,0.5095534324645996,-0.13616816699504852,0.9999852776527405,0.4841252267360687,0.5794708132743835,0.13299985229969025,0.07353003323078156,0.48902010917663574,0.5695412158966064,-0.1822894811630249,0.9844061136245728,0.48158469796180725,0.6363972425460815,0.08411672711372375,0.10744935274124146,0.49264243245124817,0.6349733471870422,-0.18701493740081787,0.9720156192779541,0.47690632939338684,0.6531272530555725,0.08054139465093613,0.12164826691150665,0.4873885214328766,0.6547076106071472,-0.2126319855451584,0.9570761322975159,0.4843880534172058,0.656791627407074,0.0616549551486969,0.12429802864789963,0.49415743350982666,0.6571574807167053,-0.20585691928863525,0.9545277953147888,0.4872199296951294,0.6510316729545593,0.07313048839569092,0.12555018067359924,0.4965692460536957,0.6521816849708557,-0.18343386054039001,0.9293272495269775,0.4982770085334778,0.6527431011199951,0.08046045899391174,0.9980303645133972,0.5060416460037231,0.6479805707931519,-0.08048959076404572,0.9991194605827332,0.4701946973800659,0.7416690587997437,0.0830550417304039,0.7211580276489258,0.5172663927078247,0.7452138662338257,-0.07115110009908676,0.9812851548194885,0.44766950607299805,0.8197625279426575,0.11921653151512146,0.8953076004981995,0.526192307472229,0.8415102362632751,-0.044966500252485275,0.9861740469932556,0.4208424985408783,0.8258519768714905,0.11955323070287704,0.9074467420578003,0.5182825326919556,0.858620822429657,-0.04476141184568405,0.9605989456176758,0.43757113814353943,0.8618308305740356,0.07573190331459045,0.9315562844276428,0.5637018084526062,0.8669238090515137,-0.10142651200294495,0.9829216599464417
198,0.5473099946975708,0.499877393245697,-0.012389712035655975,0.9995406866073608,0.5464140176773071,0.4895032048225403,-0.0030057858675718307,0.998821496963501,0.5457615256309509,0.48875826597213745,-0.003022989723831415,0.9984487891197205,0.5449878573417664,0.48790237307548523,-0.0029418535996228456,0.9987742900848389,0.5456955432891846,0.4892095625400543,-0.02947891689836979,0.9992588758468628,0.5445999503135681,0.48827826976776123,-0.029510073363780975,0.9992755055427551,0.5433970093727112,0.48696333169937134,-0.02956482209265232,0.99950110912323,0.5349831581115723,0.4845370650291443,0.04426063224673271,0.9958004951477051,0.5332826972007751,0.48161613941192627,-0.07612723112106323,0.9993637204170227,0.5422911643981934,0.5055758953094482,0.0066793994046747684,0.9990667104721069,0.5413420796394348,0.5041132569313049,-0.028060216456651688,0.9995794892311096,0.5095470547676086,0.5172927975654602,0.11488651484251022,0.9988036751747131,0.5102906227111816,0.5093038082122803,-0.13530996441841125,0.9999861717224121,0.4944380223751068,0.5795468688011169,0.13382984697818756,0.06802328675985336,0.49571770429611206,0.5681494474411011,-0.2017451822757721,0.9839870929718018,0.4921805262565613,0.6397020220756531,0.09033209830522537,0.1014525517821312,0.4998003840446472,0.6328933835029602,-0.24305245280265808,0.9720258712768555,0.486316978931427,0.6578307151794434,0.09044952690601349,0.11586855351924896,0.4953535497188568,0.6525183320045471,-0.272342711687088,0.9575549960136414,0.494212806224823,0.6614022850990295,0.07165743410587311,0.11826549470424652,0.5013574361801147,0.6548926830291748,-0.2626405954360962,0.9549464583396912,0.4968375563621521,0.6556403040885925,0.07995227724313736,0.11949556320905685,0.5035739541053772,0.6495179533958435,-0.2394428551197052,0.9292348027229309,0.5101607441902161,0.6521334052085876,0.08009612560272217,0.9981639385223389,0.5099382400512695,0.6471424698829651,-0.0801646038889885,0.9991674423217773,0.49867504835128784,0.7416916489601135,0.06677494198083878,0.7071170806884766,0.5107386708259583,0.7447694540023804,-0.07855182886123657,0.9815175533294678,0.47468602657318115,0.8239460587501526,0.09891160577535629,0.8927399516105652,0.5149580240249634,0.8413827419281006,-0.05320042371749878,0.9864376783370972,0.46223804354667664,0.8283188939094543,0.09833534061908722,0.9073995351791382,0.49494728446006775,0.8508353233337402,-0.052292950451374054,0.9617605805397034,0.4960201382637024,0.8616504073143005,0.04787559434771538,0.9307759404182434,0.5218919515609741,0.8746203184127808,-0.1104525476694107,0.9831823706626892
199,0.5519083738327026,0.49739742279052734,-0.042540293186903,0.9993161559104919,0.551222026348114,0.48696860671043396,-0.03335939347743988,0.9981301426887512,0.5506474375724792,0.4862736761569977,-0.03335561230778694,0.9976320862770081,0.5499143600463867,0.4855424165725708,-0.03329150006175041,0.998096227645874,0.5500262975692749,0.48675090074539185,-0.05969861522316933,0.9988781213760376,0.5487062335014343,0.4859256446361542,-0.059720806777477264,0.9989222288131714,0.5471497774124146,0.4848681390285492,-0.05979740992188454,0.9992300271987915,0.5396784543991089,0.4835793673992157,0.013302971608936787,0.9938734173774719,0.5367006063461304,0.4815412163734436,-0.10595045238733292,0.9989905953407288,0.5464650988578796,0.5037116408348083,-0.022481322288513184,0.9986541271209717,0.5451644062995911,0.5027453899383545,-0.05688469484448433,0.9993957877159119,0.514896035194397,0.5169627070426941,0.08425536006689072,0.9984450936317444,0.5144411325454712,0.5097121000289917,-0.15784795582294464,0.999984860420227,0.5020173788070679,0.579318642616272,0.10708480328321457,0.06266815960407257,0.5018135905265808,0.569706380367279,-0.2001531720161438,0.9833757877349854,0.5034059286117554,0.6392293572425842,0.07169905304908752,0.0943494364619255,0.5094473958015442,0.6341476440429688,-0.21879573166370392,0.9710307717323303,0.49929603934288025,0.6569393873214722,0.07287240773439407,0.10894357413053513,0.5066350102424622,0.6537712812423706,-0.25441911816596985,0.9564410448074341,0.5076000094413757,0.6594170928001404,0.05574270710349083,0.11108444631099701,0.5122325420379639,0.6552989482879639,-0.23987625539302826,0.9537879228591919,0.5092971920967102,0.6536341309547424,0.062227364629507065,0.1123519018292427,0.5134670734405518,0.6501182317733765,-0.21461094915866852,0.9270948767662048,0.5133508443832397,0.6519615650177002,0.07635442167520523,0.9976889491081238,0.5170178413391113,0.6466354727745056,-0.0764153003692627,0.9990623593330383,0.5079058408737183,0.7417337894439697,0.09123601764440536,0.6930448412895203,0.5204421877861023,0.7448941469192505,-0.05800746753811836,0.9771491289138794,0.4481031000614166,0.8069158792495728,0.14087741076946259,0.889926016330719,0.525948703289032,0.8407979607582092,-0.014298337511718273,0.9857639074325562,0.4348828196525574,0.8081379532814026,0.14311906695365906,0.9081856608390808,0.5164557099342346,0.8534177541732788,-0.012837311252951622,0.9625765085220337,0.45846909284591675,0.8564469814300537,0.10458295047283173,0.9286574125289917,0.5566971898078918,0.8699856400489807,-0.07149086892604828,0.98216712474823
200,0.5555330514907837,0.49657589197158813,-0.0366731733083725,0.9991987943649292,0.555525004863739,0.48614048957824707,-0.028056476265192032,0.9977819919586182,0.5549529790878296,0.4854523539543152,-0.028041698038578033,0.9972338080406189,0.5542300939559937,0.48475056886672974,-0.027974989265203476,0.9977743625640869,0.5544809699058533,0.4858938753604889,-0.05465257540345192,0.998691737651825,0.5532827377319336,0.4850628674030304,-0.05467411130666733,0.9987640976905823,0.5518758893013,0.48409029841423035,-0.054748404771089554,0.9990962743759155,0.5443731546401978,0.4832456409931183,0.017235606908798218,0.9927338361740112,0.5417681932449341,0.4814130961894989,-0.1032865047454834,0.9987953305244446,0.5499574542045593,0.502945065498352,-0.016845181584358215,0.9984018206596375,0.5488778948783875,0.5021344423294067,-0.051641467958688736,0.9992828965187073,0.5198037028312683,0.5168995261192322,0.09190075844526291,0.9982094764709473,0.5191532969474792,0.5099358558654785,-0.15881726145744324,0.9999843239784241,0.5078720450401306,0.580053985118866,0.11796184629201889,0.05793754756450653,0.5065870881080627,0.5703393816947937,-0.1970745325088501,0.9834905862808228,0.5130237340927124,0.6390389204025269,0.07728260010480881,0.08853355795145035,0.5188581943511963,0.6338793039321899,-0.21122582256793976,0.9709711074829102,0.5125306844711304,0.6564974188804626,0.07555694878101349,0.10352430492639542,0.5168737769126892,0.6540185809135437,-0.23221276700496674,0.9564014673233032,0.5200991034507751,0.658202052116394,0.05742938444018364,0.10551746934652328,0.522811770439148,0.654263973236084,-0.22422945499420166,0.953682005405426,0.5212205648422241,0.6522307991981506,0.0670785903930664,0.10682395845651627,0.524367094039917,0.648821234703064,-0.20675663650035858,0.9263379573822021,0.5192368030548096,0.6463519930839539,0.07651801407337189,0.9974541664123535,0.5198922157287598,0.6422150731086731,-0.07656700909137726,0.9989941716194153,0.5210309028625488,0.7405060529708862,0.08461378514766693,0.6702918410301208,0.5254610180854797,0.7425253391265869,-0.0621357224881649,0.9741166234016418,0.4565403461456299,0.8024922013282776,0.1232672929763794,0.8790004849433899,0.5280956029891968,0.8404090404510498,-0.031524449586868286,0.9848780632019043,0.4422914683818817,0.8101335167884827,0.12388448417186737,0.902202844619751,0.5194772481918335,0.8549386262893677,-0.03156665712594986,0.9625893831253052,0.4666920602321625,0.8534153699874878,0.08480186015367508,0.9233224987983704,0.5596921443939209,0.8655410408973694,-0.08877376466989517,0.9813456535339355
201,0.5599310994148254,0.4937792420387268,-0.030636748299002647,0.9990034699440002,0.5593776106834412,0.48373109102249146,-0.021580243483185768,0.9972566366195679,0.5587923526763916,0.4831613302230835,-0.02156940847635269,0.996685802936554,0.5580658316612244,0.48257121443748474,-0.02150413952767849,0.9972954988479614,0.5584395527839661,0.48352935910224915,-0.04773775115609169,0.998444139957428,0.557264506816864,0.48287340998649597,-0.04775732010602951,0.9985572695732117,0.5558477640151978,0.48211947083473206,-0.047827430069446564,0.9989092350006104,0.5484344363212585,0.48198702931404114,0.024572890251874924,0.9912954568862915,0.5457853078842163,0.4809226989746094,-0.09786077588796616,0.9984937906265259,0.5545986890792847,0.5009335875511169,-0.01065006759017706,0.9979650974273682,0.5534639358520508,0.5004158020019531,-0.04505995288491249,0.9990978837013245,0.5249603986740112,0.5165855884552002,0.0968640074133873,0.9976097941398621,0.5239893198013306,0.5099583864212036,-0.1522544026374817,0.999983012676239,0.5154505968093872,0.5798512697219849,0.12151756882667542,0.053863540291786194,0.5135840177536011,0.570601224899292,-0.18574120104312897,0.9835979342460632,0.5228740572929382,0.6384741067886353,0.07760463654994965,0.08328451216220856,0.5277312397956848,0.6332093477249146,-0.18491876125335693,0.9706933498382568,0.5236939191818237,0.6563055515289307,0.08066422492265701,0.09889151155948639,0.5271896123886108,0.6529946327209473,-0.20343928039073944,0.9561070799827576,0.529296338558197,0.6568655967712402,0.06409383565187454,0.10076254606246948,0.5328581929206848,0.6534443497657776,-0.19824077188968658,0.9532901644706726,0.5295568108558655,0.6503185629844666,0.06850631535053253,0.10207785665988922,0.5339770317077637,0.6480675339698792,-0.1811337023973465,0.9252418279647827,0.523219108581543,0.6415852904319763,0.0766034871339798,0.9968121647834778,0.5217867493629456,0.6383739709854126,-0.0766499862074852,0.9988766312599182,0.5303831696510315,0.735129714012146,0.08386297523975372,0.6654745936393738,0.531377375125885,0.7375675439834595,-0.06466099619865417,0.9735645651817322,0.4730117917060852,0.7973317503929138,0.11979065835475922,0.8733786344528198,0.527262806892395,0.8403786420822144,-0.03461764007806778,0.9852610230445862,0.45761042833328247,0.8007136583328247,0.12064026296138763,0.8984448313713074,0.518114447593689,0.8554284572601318,-0.03735863044857979,0.96412193775177,0.479290634393692,0.8442031145095825,0.0895148441195488,0.9217512607574463,0.5634562969207764,0.8647338151931763,-0.10260878503322601,0.9818103313446045
202,0.5635499358177185,0.49257341027259827,-0.025735950097441673,0.9989269971847534,0.5630380511283875,0.48297813534736633,-0.01643262431025505,0.997041642665863,0.5625059604644775,0.4824708104133606,-0.01643236167728901,0.9964537024497986,0.5618379712104797,0.4819314777851105,-0.01640142872929573,0.9971160888671875,0.5619856715202332,0.4827646017074585,-0.042306818068027496,0.9983474016189575,0.5607272386550903,0.4821549654006958,-0.04231562837958336,0.9984807968139648,0.5592491030693054,0.48143523931503296,-0.0423816442489624,0.998843252658844,0.5524194240570068,0.4815899729728699,0.030109375715255737,0.9906867742538452,0.549494743347168,0.48086512088775635,-0.08707338571548462,0.9983601570129395,0.558601975440979,0.4998231530189514,-0.005574788432568312,0.9977545142173767,0.5573047995567322,0.4996037781238556,-0.03917299583554268,0.9990130662918091,0.5294224619865417,0.5165320634841919,0.10672497004270554,0.9970952868461609,0.5275149941444397,0.5098537802696228,-0.14969277381896973,0.9999818801879883,0.5220708847045898,0.5801986455917358,0.13224799931049347,0.04992680624127388,0.5190757513046265,0.5715668201446533,-0.17889179289340973,0.983874499797821,0.5290258526802063,0.6382434368133545,0.09137117862701416,0.07768961787223816,0.5382722616195679,0.6336830854415894,-0.17367415130138397,0.9700309634208679,0.5287875533103943,0.6554424166679382,0.0948249101638794,0.09329468756914139,0.5402337908744812,0.6529993414878845,-0.19233183562755585,0.9551537036895752,0.5374422073364258,0.6561925411224365,0.07827046513557434,0.09501426666975021,0.5458930730819702,0.6530213356018066,-0.18541713058948517,0.9521397948265076,0.5377154350280762,0.6499220728874207,0.08222745358943939,0.09634260088205338,0.5459550619125366,0.6478022933006287,-0.1691376268863678,0.9228260517120361,0.5272495746612549,0.6417092084884644,0.07667160779237747,0.9961411952972412,0.5242103338241577,0.6380614638328552,-0.07671578228473663,0.9987252950668335,0.5348266959190369,0.7341535091400146,0.08027289807796478,0.655854344367981,0.5388630032539368,0.7347927689552307,-0.06936619430780411,0.9733645915985107,0.48530521988868713,0.8015079498291016,0.11194325983524323,0.8672951459884644,0.5282403230667114,0.840164303779602,-0.051346030086278915,0.9855471253395081,0.46839043498039246,0.806718111038208,0.11288081109523773,0.8939553499221802,0.520912766456604,0.8560308218002319,-0.054061759263277054,0.9653202891349792,0.4951937794685364,0.846268892288208,0.0804954245686531,0.9199276566505432,0.5665262341499329,0.8644977807998657,-0.11475077271461487,0.9821528196334839
203,0.5666566491127014,0.4924297630786896,-0.025220494717359543,0.9988345503807068,0.5661237239837646,0.48289763927459717,-0.016180003061890602,0.9967511296272278,0.5655657052993774,0.48241108655929565,-0.01617918163537979,0.9961704015731812,0.5648638010025024,0.4818938076496124,-0.016126582399010658,0.996889054775238,0.5652765035629272,0.4826200604438782,-0.04183925688266754,0.9982062578201294,0.5641393065452576,0.4819883704185486,-0.04185274988412857,0.9983704090118408,0.5628551244735718,0.48126646876335144,-0.04191867262125015,0.9987385869026184,0.5552054643630981,0.481522798538208,0.0310576893389225,0.9900203347206116,0.5535825490951538,0.4807117283344269,-0.08611183613538742,0.9981354475021362,0.5614676475524902,0.4996451437473297,-0.005518576130270958,0.9974638819694519,0.560474157333374,0.49932998418807983,-0.03892356529831886,0.9988983273506165,0.5340337157249451,0.5178745985031128,0.10687129199504852,0.9965398907661438,0.530741810798645,0.5106446743011475,-0.1476546823978424,0.999980092048645,0.5268310308456421,0.5825207233428955,0.1376798152923584,0.04638697952032089,0.5229585766792297,0.5734361410140991,-0.18011488020420074,0.9843635559082031,0.534340500831604,0.6408385038375854,0.09941919893026352,0.07312016934156418,0.5454941391944885,0.633210301399231,-0.17644618451595306,0.9705771803855896,0.535959005355835,0.657508373260498,0.10277704894542694,0.08896280825138092,0.549155056476593,0.6528112888336182,-0.19541773200035095,0.9559734463691711,0.5438656806945801,0.6565755605697632,0.08520608395338058,0.09052303433418274,0.5544024109840393,0.652540385723114,-0.18798893690109253,0.9529085755348206,0.5428969860076904,0.6500183343887329,0.08973870426416397,0.09193762391805649,0.5536070466041565,0.6474486589431763,-0.1717505306005478,0.923149049282074,0.5321530699729919,0.6421865820884705,0.07647024095058441,0.9954453110694885,0.5274323225021362,0.6381219029426575,-0.07649300247430801,0.9985214471817017,0.5483561754226685,0.7345503568649292,0.07326491922140121,0.6514784693717957,0.5380128026008606,0.7351842522621155,-0.06973211467266083,0.9725784659385681,0.5043050646781921,0.8034231662750244,0.10714081674814224,0.8585005402565002,0.5294544100761414,0.8373466730117798,-0.05259044095873833,0.9852719306945801,0.4859030842781067,0.8090492486953735,0.10830220580101013,0.8869608640670776,0.5241495370864868,0.8547054529190063,-0.05501820519566536,0.9652765393257141,0.5116943120956421,0.8401344418525696,0.07700572907924652,0.9166516065597534,0.5644174814224243,0.8643749952316284,-0.1156594306230545,0.9819424152374268
204,0.5700883865356445,0.4927466809749603,0.002444037701934576,0.9988850951194763,0.5702095031738281,0.48316532373428345,0.012058483436703682,0.9969054460525513,0.5696510076522827,0.48269718885421753,0.012059574015438557,0.9963527321815491,0.5689722299575806,0.4821985960006714,0.012086093425750732,0.9970583915710449,0.5693204998970032,0.48275354504585266,-0.013416114263236523,0.9982864856719971,0.5681692957878113,0.48205986618995667,-0.01342001836746931,0.9984447956085205,0.5668275952339172,0.48130542039871216,-0.013473222963511944,0.9987965822219849,0.5592520236968994,0.48149925470352173,0.05768253281712532,0.9905021786689758,0.557158887386322,0.4805542826652527,-0.05714891478419304,0.9982012510299683,0.5644277334213257,0.49992725253105164,0.021840302273631096,0.9975093007087708,0.5634825229644775,0.49940064549446106,-0.011470443569123745,0.9989140033721924,0.5393903851509094,0.5200860500335693,0.12958163022994995,0.9964665770530701,0.5328676104545593,0.5117513537406921,-0.12183810770511627,0.9999798536300659,0.5338894724845886,0.5854085683822632,0.16033701598644257,0.04327932745218277,0.5280065536499023,0.5758017897605896,-0.15904773771762848,0.9844446182250977,0.5445418357849121,0.6434398889541626,0.12071699649095535,0.06898854672908783,0.5534394979476929,0.6325514316558838,-0.15685361623764038,0.9694133996963501,0.5477457642555237,0.6607484221458435,0.12246174365282059,0.08476927876472473,0.5577755570411682,0.6516772508621216,-0.17483481764793396,0.9543461203575134,0.5531570315361023,0.6580255627632141,0.10595689713954926,0.086164690554142,0.5627321600914001,0.6503276228904724,-0.1671876460313797,0.9509716629981995,0.5519556403160095,0.6522560119628906,0.11116041988134384,0.08767110109329224,0.5616685748100281,0.6448988318443298,-0.1521914303302765,0.9194501042366028,0.5379226803779602,0.6424869298934937,0.07641270011663437,0.9951559901237488,0.533108115196228,0.6383903622627258,-0.07641623169183731,0.9983959197998047,0.5549780130386353,0.7323138117790222,0.06135985627770424,0.6349577307701111,0.5550611615180969,0.7314109206199646,-0.10105504840612411,0.9727458953857422,0.5173247456550598,0.8093204498291016,0.08715594559907913,0.8422586917877197,0.5297104120254517,0.8338534832000732,-0.1060735434293747,0.9847809672355652,0.5036243796348572,0.818385660648346,0.08662986010313034,0.8733725547790527,0.5200433731079102,0.8492966294288635,-0.10948435217142105,0.9642224907875061,0.5360968708992004,0.8417362570762634,0.053323909640312195,0.9095361232757568,0.5619558691978455,0.8631788492202759,-0.16724184155464172,0.9815725684165955
205,0.5735180974006653,0.49282926321029663,-0.003475683042779565,0.9989063739776611,0.5738099813461304,0.48333898186683655,0.00602001091465354,0.996977686882019,0.5732702016830444,0.4829263389110565,0.006024899426847696,0.9964211583137512,0.5726262927055359,0.4824715852737427,0.0060533699579536915,0.99713134765625,0.5728337168693542,0.48278987407684326,-0.019209371879696846,0.998316764831543,0.5716003179550171,0.4820639491081238,-0.019213588908314705,0.998479962348938,0.5701447129249573,0.48130157589912415,-0.01926560327410698,0.9988242983818054,0.5634062886238098,0.48154693841934204,0.05293113738298416,0.9906750917434692,0.5601977109909058,0.4805237054824829,-0.0609494149684906,0.9982475638389587,0.5679182410240173,0.499959260225296,0.01649964600801468,0.9974709749221802,0.5665957927703857,0.4993789494037628,-0.01666746474802494,0.9988912343978882,0.545582115650177,0.5216313004493713,0.12552781403064728,0.9965152144432068,0.5337905883789062,0.5115204453468323,-0.12223178148269653,0.9999794363975525,0.5397087335586548,0.5861769318580627,0.15921466052532196,0.040862683206796646,0.5302664041519165,0.5762544274330139,-0.16631264984607697,0.9850894808769226,0.5544066429138184,0.6423741579055786,0.11684954911470413,0.06615715473890305,0.5577258467674255,0.6288612484931946,-0.16761134564876556,0.9692598581314087,0.5561323761940002,0.6599825024604797,0.11797039210796356,0.0817781612277031,0.5623817443847656,0.6479442119598389,-0.18790283799171448,0.9538854360580444,0.5598748326301575,0.6580756902694702,0.09990572184324265,0.08313044905662537,0.5675729513168335,0.6456364393234253,-0.1807863861322403,0.9503918290138245,0.5595914721488953,0.6524003148078918,0.10666315257549286,0.08480636030435562,0.5664231777191162,0.6397387981414795,-0.16347502171993256,0.9176886677742004,0.5446652173995972,0.6424159407615662,0.07373232394456863,0.9951050877571106,0.5367316007614136,0.6384990811347961,-0.07370848208665848,0.9982044696807861,0.5578495860099792,0.7317144870758057,0.03959587961435318,0.6177524924278259,0.558397114276886,0.7290485501289368,-0.09294746071100235,0.9735308289527893,0.5340462923049927,0.8203964233398438,0.057617317885160446,0.8226271867752075,0.5306596159934998,0.830896258354187,-0.08792638033628464,0.9836750030517578,0.5242499113082886,0.8359740972518921,0.05578667297959328,0.8571310043334961,0.5204319953918457,0.8459180593490601,-0.09002428501844406,0.9606689810752869,0.5589677691459656,0.848742663860321,0.014531943015754223,0.9003148078918457,0.5592975616455078,0.8621736764907837,-0.14462819695472717,0.9804588556289673
206,0.5770123600959778,0.49336349964141846,-0.012760973535478115,0.998840868473053,0.577415406703949,0.4839198589324951,-0.003956697415560484,0.9968569874763489,0.5769929885864258,0.4836178719997406,-0.003956927452236414,0.9962547421455383,0.5764719247817993,0.48324882984161377,-0.003965412732213736,0.9969794750213623,0.5760883688926697,0.48318806290626526,-0.027447722852230072,0.9981988072395325,0.5747135281562805,0.4823610782623291,-0.02744758501648903,0.9983831644058228,0.5731213688850403,0.4814678430557251,-0.02748890593647957,0.99873286485672,0.5675753355026245,0.4822371006011963,0.04496590048074722,0.990186870098114,0.5625342130661011,0.48038506507873535,-0.06444461643695831,0.9981698989868164,0.5715187191963196,0.5002840757369995,0.007766826543956995,0.9972480535507202,0.5697512626647949,0.4994727373123169,-0.023510748520493507,0.9987868666648865,0.5528096556663513,0.5245375037193298,0.11255495995283127,0.9963257908821106,0.5348760485649109,0.5113329887390137,-0.12594732642173767,0.999978244304657,0.5473586320877075,0.5887309908866882,0.15366676449775696,0.03877843916416168,0.531735897064209,0.575757622718811,-0.1664726734161377,0.9860219359397888,0.5630563497543335,0.6424807906150818,0.11706974357366562,0.06356632709503174,0.5610721707344055,0.6260542869567871,-0.16537709534168243,0.970343828201294,0.5639777183532715,0.6598817110061646,0.11725056916475296,0.0785914957523346,0.5661466121673584,0.644160807132721,-0.18367402255535126,0.954845666885376,0.5687746405601501,0.6585392355918884,0.09866850078105927,0.08000434935092926,0.5717061758041382,0.6416575312614441,-0.17785458266735077,0.951353132724762,0.5676056742668152,0.6530527472496033,0.10660932213068008,0.08187230676412582,0.5704761147499084,0.6361069679260254,-0.16155125200748444,0.9182697534561157,0.5547434091567993,0.6426219940185547,0.06667812168598175,0.9952609539031982,0.5384965538978577,0.6390187740325928,-0.06661767512559891,0.9981206655502319,0.579369068145752,0.7286943793296814,0.008176677860319614,0.629123866558075,0.5441132187843323,0.7291887402534485,-0.09008777141571045,0.9740180373191833,0.5550844073295593,0.8242548704147339,0.023377910256385803,0.8202106952667236,0.528589129447937,0.8313332796096802,-0.08042871952056885,0.9824010729789734,0.5451349020004272,0.8409655094146729,0.02095351368188858,0.8524256348609924,0.5202581882476807,0.8461254239082336,-0.08273707330226898,0.9526663422584534,0.5860458016395569,0.8490298986434937,-0.030080001801252365,0.8990082144737244,0.5558731555938721,0.8601056337356567,-0.14645428955554962,0.9791467785835266
207,0.5811921954154968,0.4944039583206177,-0.022804195061326027,0.9988433122634888,0.582042396068573,0.48499056696891785,-0.013327132910490036,0.9968764781951904,0.5815932154655457,0.4847843647003174,-0.013326440006494522,0.9962698221206665,0.5810078382492065,0.48450160026550293,-0.01332371961325407,0.9969544410705566,0.5806288719177246,0.4840356707572937,-0.03684214502573013,0.9981741905212402,0.5792224407196045,0.48317500948905945,-0.03684667497873306,0.9983705282211304,0.5775725245475769,0.48211607336997986,-0.03689245879650116,0.9987039566040039,0.5720437169075012,0.48335739970207214,0.0379173681139946,0.9900263547897339,0.5668660998344421,0.480401873588562,-0.06854154914617538,0.9981846213340759,0.5748642683029175,0.5011637210845947,-0.0015610958216711879,0.9971917867660522,0.5730388164520264,0.500101625919342,-0.033104218542575836,0.9987779855728149,0.5587695240974426,0.5287613868713379,0.10562539100646973,0.9963080883026123,0.5368790626525879,0.511307954788208,-0.12758126854896545,0.9999781250953674,0.5542868375778198,0.5919896960258484,0.15076269209384918,0.0382971353828907,0.5327261090278625,0.5757033824920654,-0.1689077615737915,0.9870072603225708,0.5732662677764893,0.6440006494522095,0.11299926042556763,0.06516202539205551,0.564014196395874,0.6238895654678345,-0.17364946007728577,0.9720518589019775,0.5755476355552673,0.6601962447166443,0.11259695142507553,0.07990292459726334,0.5695163011550903,0.6405781507492065,-0.1925663948059082,0.956916868686676,0.5795107483863831,0.6589048504829407,0.09377241879701614,0.08163430541753769,0.5746191143989563,0.637718677520752,-0.18709056079387665,0.9535319805145264,0.5777860283851624,0.6537415981292725,0.10228884965181351,0.08368213474750519,0.5733535289764404,0.6324350237846375,-0.16996385157108307,0.9210658073425293,0.5610631108283997,0.6432510018348694,0.06536465883255005,0.9954580068588257,0.5414811968803406,0.6397941708564758,-0.06530358642339706,0.9980950951576233,0.5857598781585693,0.7281845808029175,0.014359569177031517,0.6479009985923767,0.5399448871612549,0.7313022017478943,-0.09157408028841019,0.9753926992416382,0.572895348072052,0.8257080316543579,0.0350017324090004,0.8251374363899231,0.5275796055793762,0.8317054510116577,-0.0764726996421814,0.9825320839881897,0.5628662705421448,0.8423751592636108,0.03299466520547867,0.8524670600891113,0.5189971327781677,0.8468636870384216,-0.07844466716051102,0.9476699233055115,0.603509783744812,0.8496349453926086,-0.019201191142201424,0.9009712338447571,0.5539748072624207,0.8575038313865662,-0.1459008753299713,0.9789659380912781
208,0.5837682485580444,0.4961334466934204,-0.0406896136701107,0.9989153742790222,0.5854426026344299,0.48689326643943787,-0.02931639365851879,0.9970747828483582,0.5852310657501221,0.486797034740448,-0.02931169793009758,0.9965012669563293,0.5849010944366455,0.4866079092025757,-0.02929401770234108,0.9971180558204651,0.5836525559425354,0.4854978919029236,-0.05207829177379608,0.9982773065567017,0.5821529030799866,0.4844754934310913,-0.05209166556596756,0.9984664916992188,0.5803819894790649,0.4832414984703064,-0.052145540714263916,0.9987716674804688,0.576818585395813,0.4850877821445465,0.031124025583267212,0.9903795123100281,0.5699085593223572,0.4807603359222412,-0.07203499227762222,0.9983007907867432,0.5779980421066284,0.5025501251220703,-0.01605955883860588,0.9973040819168091,0.5755964517593384,0.5011365413665771,-0.04683252051472664,0.9988384246826172,0.5670036673545837,0.532581627368927,0.10289203375577927,0.9964675307273865,0.5385736227035522,0.5115471482276917,-0.12215201556682587,0.9999788403511047,0.5642589926719666,0.5973487496376038,0.1493680477142334,0.04151715710759163,0.5334751009941101,0.5762415528297424,-0.1669222116470337,0.9880019426345825,0.5800209641456604,0.6451739072799683,0.11116017401218414,0.0799039974808693,0.5662918090820312,0.6232424378395081,-0.18155980110168457,0.9741369485855103,0.5905366539955139,0.6603680849075317,0.10658185929059982,0.09383059293031693,0.5727437734603882,0.6399692893028259,-0.20222638547420502,0.9597475528717041,0.5885747075080872,0.659721314907074,0.08375857025384903,0.09703654795885086,0.5779242515563965,0.6365114450454712,-0.19675275683403015,0.9565816521644592,0.5859460830688477,0.6543452739715576,0.09848844259977341,0.09835946559906006,0.5768173336982727,0.6316519379615784,-0.17771561443805695,0.9256517887115479,0.5690305829048157,0.6443706154823303,0.06297620385885239,0.9957151412963867,0.5448824167251587,0.6417291164398193,-0.06292960792779922,0.9981630444526672,0.5878922939300537,0.7286295294761658,0.01780659332871437,0.6701626181602478,0.5402653217315674,0.7326356768608093,-0.09064581245183945,0.9769431948661804,0.5928565859794617,0.8276960253715515,0.04315900057554245,0.8355762362480164,0.528622031211853,0.8319802284240723,-0.06898003816604614,0.9833888411521912,0.5854238271713257,0.8449770212173462,0.04149528965353966,0.8583158254623413,0.520757257938385,0.8475340008735657,-0.07002484798431396,0.9454820156097412,0.6177177429199219,0.8539233803749084,-0.015363369137048721,0.9059454202651978,0.5531306266784668,0.857424795627594,-0.14106005430221558,0.9795737266540527
209,0.5881528854370117,0.4972025454044342,-0.04565458372235298,0.9989996552467346,0.5895900726318359,0.48803892731666565,-0.03427737206220627,0.9973046183586121,0.5893411636352539,0.4880521595478058,-0.03427387401461601,0.9967765808105469,0.5889407396316528,0.4879697263240814,-0.034254204481840134,0.9973355531692505,0.5876872539520264,0.4864243268966675,-0.05805177241563797,0.9984011650085449,0.5860852599143982,0.4853436052799225,-0.05806027725338936,0.9985769391059875,0.5842157602310181,0.48408424854278564,-0.0581042505800724,0.9988512396812439,0.5804939866065979,0.4868689775466919,0.026692524552345276,0.9910011887550354,0.5734961032867432,0.48156484961509705,-0.08198598027229309,0.9984188675880432,0.5822656154632568,0.5038360357284546,-0.02094065584242344,0.9974879026412964,0.5797552466392517,0.5021415948867798,-0.053008902817964554,0.9989137053489685,0.571930468082428,0.5349231958389282,0.09789817780256271,0.9967409372329712,0.5390753149986267,0.5140542984008789,-0.12356125563383102,0.99997878074646,0.5743193626403809,0.5966005921363831,0.14230985939502716,0.0522385910153389,0.5352855324745178,0.5785719156265259,-0.16744814813137054,0.9887471795082092,0.5888636708259583,0.6446370482444763,0.09194130450487137,0.11185485869646072,0.5686579346656799,0.623399555683136,-0.18432441353797913,0.9757827520370483,0.5953735113143921,0.6599198579788208,0.08645430952310562,0.1220945492386818,0.5743533968925476,0.6401664614677429,-0.20587420463562012,0.9619499444961548,0.5966097116470337,0.6585407257080078,0.06323354691267014,0.12786859273910522,0.5804985761642456,0.6368849277496338,-0.2009032815694809,0.9589707255363464,0.5937700271606445,0.6531323194503784,0.07954637706279755,0.1274147480726242,0.5796805024147034,0.6320734620094299,-0.1806444674730301,0.9290049076080322,0.5744877457618713,0.6460247039794922,0.06107537820935249,0.9960020184516907,0.548302948474884,0.6432819366455078,-0.06103237345814705,0.9982168674468994,0.5918837189674377,0.7320383191108704,0.022573227062821388,0.6941037774085999,0.5422514081001282,0.7364389300346375,-0.07928014546632767,0.9783728718757629,0.6038762927055359,0.8311129212379456,0.04910904914140701,0.8476572036743164,0.5294626355171204,0.8350791931152344,-0.04492194578051567,0.9842938780784607,0.5977150201797485,0.8486723899841309,0.047505415976047516,0.8647599220275879,0.5206993818283081,0.8504176735877991,-0.04561368376016617,0.9430482387542725,0.6223432421684265,0.8566714525222778,-0.012859418988227844,0.9118129014968872,0.5567120909690857,0.8576107621192932,-0.12176849693059921,0.9802470803260803
210,0.5907325744628906,0.4981011748313904,-0.05475122854113579,0.999086856842041,0.5922865867614746,0.4896933436393738,-0.0429810956120491,0.9975428581237793,0.5920246243476868,0.48989900946617126,-0.04296700283885002,0.9970621466636658,0.5916046500205994,0.4899861812591553,-0.042946957051754,0.9975683093070984,0.5904512405395508,0.4878286123275757,-0.06589522212743759,0.9985342025756836,0.5888110399246216,0.4866991937160492,-0.06590020656585693,0.9986953139305115,0.5869961380958557,0.4854077696800232,-0.06593065708875656,0.9989414215087891,0.5834512710571289,0.4892750382423401,0.020709890872240067,0.9917482733726501,0.5765537023544312,0.48301196098327637,-0.08536960929632187,0.9985450506210327,0.5848352313041687,0.5052132606506348,-0.02904129959642887,0.9977033734321594,0.5824164152145386,0.5032199621200562,-0.06003588065505028,0.9990025758743286,0.5778881907463074,0.5377185344696045,0.09008123725652695,0.9970402717590332,0.5396333336830139,0.5163692831993103,-0.11584984511137009,0.9999789595603943,0.5858013033866882,0.6025180816650391,0.13663364946842194,0.0855429545044899,0.5371469855308533,0.580698549747467,-0.156819149851799,0.9893407821655273,0.5997534990310669,0.6485451459884644,0.08727551996707916,0.16479822993278503,0.5660552978515625,0.6235290169715881,-0.18384815752506256,0.9772828817367554,0.6057440638542175,0.6630873680114746,0.08097897469997406,0.1665799617767334,0.5719286203384399,0.6406856179237366,-0.20550675690174103,0.963940441608429,0.6063089370727539,0.6613103747367859,0.05810748040676117,0.17494654655456543,0.5776476263999939,0.6373265385627747,-0.20214858651161194,0.9611552357673645,0.6032583117485046,0.6558340787887573,0.07547136396169662,0.17143642902374268,0.5772981643676758,0.6324903964996338,-0.1806674599647522,0.9321244955062866,0.5793229937553406,0.6467408537864685,0.0553455613553524,0.996319591999054,0.5515584945678711,0.6433830261230469,-0.05532369762659073,0.9982924461364746,0.5964600443840027,0.7351626753807068,0.010670904070138931,0.718052864074707,0.5465790629386902,0.7368412017822266,-0.077885702252388,0.9789396524429321,0.6091318130493164,0.8364957571029663,0.03398152440786362,0.8594448566436768,0.5297876000404358,0.8350622653961182,-0.03616171330213547,0.9845998883247375,0.6032920479774475,0.8538174033164978,0.031677257269620895,0.8681848645210266,0.5203450322151184,0.8504729866981506,-0.03600062429904938,0.9355073571205139,0.6235159635543823,0.8636696338653564,-0.039329834282398224,0.9173524975776672,0.557088315486908,0.8582162261009216,-0.11445243656635284,0.9803111553192139
211,0.5917089581489563,0.4987013339996338,-0.07506364583969116,0.9991714358329773,0.5938444137573242,0.4908222556114197,-0.062399934977293015,0.9977723360061646,0.5939252972602844,0.4911431670188904,-0.06239085644483566,0.9973366260528564,0.5938525795936584,0.49134764075279236,-0.062365416437387466,0.9977928400039673,0.5914652347564697,0.48858895897865295,-0.08361299335956573,0.9986662864685059,0.5898840427398682,0.48731037974357605,-0.08361480385065079,0.9988123774528503,0.5879977345466614,0.4858758747577667,-0.08363773673772812,0.9990330338478088,0.5869380831718445,0.49097418785095215,0.007810261566191912,0.9924836158752441,0.5783689022064209,0.4834274351596832,-0.0909220427274704,0.9986727237701416,0.587099552154541,0.5058636665344238,-0.04702001065015793,0.9979144930839539,0.5841347575187683,0.5036294460296631,-0.07571132481098175,0.9990925192832947,0.583266019821167,0.5385211706161499,0.0788394883275032,0.9973212480545044,0.54180508852005,0.5192172527313232,-0.10969941318035126,0.999979555606842,0.5899612903594971,0.6018996238708496,0.12331248819828033,0.1300535947084427,0.540040135383606,0.5827059149742126,-0.13938672840595245,0.9899968504905701,0.6066768169403076,0.6476998925209045,0.06250683963298798,0.22743912041187286,0.5646182298660278,0.6243922710418701,-0.172135129570961,0.9789472818374634,0.611673891544342,0.662446141242981,0.052051570266485214,0.22207650542259216,0.5697121024131775,0.6429277658462524,-0.1949107050895691,0.9663071036338806,0.6116182208061218,0.6609015464782715,0.028195567429065704,0.2322886735200882,0.575221836566925,0.6376563906669617,-0.19801273941993713,0.9637464284896851,0.6085429191589355,0.6553750038146973,0.05021190643310547,0.22587743401527405,0.5753946900367737,0.6327247619628906,-0.17167353630065918,0.9363130927085876,0.583538830280304,0.6480476260185242,0.05221503973007202,0.9966192841529846,0.5551730990409851,0.6449224352836609,-0.05219808593392372,0.9983848929405212,0.5992345213890076,0.7380620837211609,0.01482729334384203,0.7399879693984985,0.551199197769165,0.7370789647102356,-0.0721183493733406,0.9796048998832703,0.6086903810501099,0.8369700312614441,0.04398493096232414,0.8704938888549805,0.5318276286125183,0.835235059261322,-0.020469987764954567,0.9850366711616516,0.603432834148407,0.8539558053016663,0.04224877059459686,0.873153030872345,0.5223129391670227,0.8510353565216064,-0.019915813580155373,0.9299610257148743,0.6231926083564758,0.8635274171829224,-0.027570610865950584,0.9228948354721069,0.5605379343032837,0.8587974905967712,-0.10172966122627258,0.9806702136993408
212,0.5959947109222412,0.49857670068740845,-0.0691770538687706,0.9992454648017883,0.5978034734725952,0.49049368500709534,-0.05696920305490494,0.997974693775177,0.5978627800941467,0.49072450399398804,-0.05696307495236397,0.997579038143158,0.59776771068573,0.49083781242370605,-0.0569404661655426,0.9979908466339111,0.5954158306121826,0.48841091990470886,-0.07781379669904709,0.9987815022468567,0.593870222568512,0.48715946078300476,-0.07781641185283661,0.9989143013954163,0.5919154286384583,0.4857611358165741,-0.07784650474786758,0.9991125464439392,0.5910981297492981,0.4904165267944336,0.01104535162448883,0.9931287169456482,0.5824719071388245,0.48353803157806396,-0.08796685934066772,0.998783528804779,0.5917693376541138,0.5057138800621033,-0.04194309934973717,0.998099684715271,0.5890542268753052,0.5035241842269897,-0.07005209475755692,0.9991705417633057,0.5904017686843872,0.538291871547699,0.07871435582637787,0.9975744485855103,0.5445005297660828,0.5208134055137634,-0.098199263215065,0.9999797940254211,0.594231128692627,0.6007695198059082,0.12275932729244232,0.16710594296455383,0.5415235757827759,0.5826138257980347,-0.12042109668254852,0.9906371235847473,0.6102677583694458,0.6474317312240601,0.05985931307077408,0.28146591782569885,0.563037097454071,0.6277657151222229,-0.1504146307706833,0.980467677116394,0.6153222918510437,0.6620277762413025,0.048135388642549515,0.2698187530040741,0.5674455761909485,0.6464502811431885,-0.17200200259685516,0.968438982963562,0.6147996783256531,0.6606076955795288,0.024563413113355637,0.28192418813705444,0.5734347105026245,0.6421302556991577,-0.17680157721042633,0.9660897850990295,0.6119941473007202,0.6552008390426636,0.04756056144833565,0.2726685702800751,0.5737848281860352,0.6363217830657959,-0.15085633099079132,0.9401881098747253,0.5882731676101685,0.6491213440895081,0.0472412146627903,0.9968937039375305,0.5581716299057007,0.6460408568382263,-0.047211017459630966,0.9984687566757202,0.6008126735687256,0.7404036521911621,0.009026673622429371,0.7593395113945007,0.554911196231842,0.7380934357643127,-0.061094556003808975,0.9791685938835144,0.6071974039077759,0.8372882604598999,0.03830481693148613,0.8797553777694702,0.5319735407829285,0.8355110287666321,-0.008153373375535011,0.9844498634338379,0.6029478311538696,0.8544839024543762,0.03651323541998863,0.8741215467453003,0.52161705493927,0.8512462377548218,-0.007450760807842016,0.9178335070610046,0.620360255241394,0.8661986589431763,-0.03759053722023964,0.9271988272666931,0.5620371103286743,0.8595524430274963,-0.08799421042203903,0.9799124002456665
213,0.5992657542228699,0.4977927505970001,-0.0786224976181984,0.9993182420730591,0.6010579466819763,0.48987334966659546,-0.06515902280807495,0.9981722235679626,0.601444661617279,0.49017393589019775,-0.06516611576080322,0.9978152513504028,0.6016790270805359,0.4904182255268097,-0.06515516340732574,0.998185932636261,0.5979371070861816,0.48807746171951294,-0.08390442281961441,0.9988983869552612,0.5959709882736206,0.48700788617134094,-0.08390945941209793,0.9990181922912598,0.5937550067901611,0.4856908917427063,-0.08391616493463516,0.9991963505744934,0.595589280128479,0.4899241328239441,0.009310434572398663,0.9937900304794312,0.5839919447898865,0.4834681451320648,-0.08322779834270477,0.9988997578620911,0.5958864688873291,0.5051261782646179,-0.04919688403606415,0.9982829689979553,0.5924913287162781,0.5030069947242737,-0.07460202276706696,0.9992498159408569,0.5974862575531006,0.5384544134140015,0.07687203586101532,0.9978106617927551,0.5474919080734253,0.522253692150116,-0.0818340927362442,0.9999803304672241,0.5991379618644714,0.6007447838783264,0.11089422553777695,0.20769086480140686,0.5434636473655701,0.5834645628929138,-0.10836350917816162,0.9911336898803711,0.6147924661636353,0.6472004652023315,0.03260262683033943,0.3377562463283539,0.5605303645133972,0.629493236541748,-0.15965543687343597,0.9818308353424072,0.6194732785224915,0.6616038084030151,0.01716999150812626,0.32252445816993713,0.5652887225151062,0.6480122208595276,-0.18229958415031433,0.9704615473747253,0.6193078756332397,0.6598696112632751,-0.007327561266720295,0.33563393354415894,0.5705103278160095,0.6436724066734314,-0.18376827239990234,0.9683256149291992,0.616507351398468,0.6550190448760986,0.019688429310917854,0.32425355911254883,0.5706036686897278,0.6380807757377625,-0.15947672724723816,0.9440934658050537,0.5923089981079102,0.6497228145599365,0.04646587371826172,0.9971713423728943,0.5611523389816284,0.6468625068664551,-0.04643629863858223,0.9985801577568054,0.6028052568435669,0.7420066595077515,0.015002504922449589,0.7784228324890137,0.5592859387397766,0.7390065789222717,-0.06685978919267654,0.9798281192779541,0.6060674786567688,0.8390917181968689,0.04252791032195091,0.8892046809196472,0.5322649478912354,0.8355430364608765,-0.019257228821516037,0.9848220944404602,0.6004810929298401,0.8566687107086182,0.04064982011914253,0.8781192302703857,0.5214250087738037,0.8513833284378052,-0.01894891820847988,0.9109994769096375,0.6260837912559509,0.8677654266357422,-0.02377341501414776,0.9318608641624451,0.562476634979248,0.8609846234321594,-0.09930240362882614,0.9801768660545349
214,0.6012676954269409,0.49651357531547546,-0.0825248584151268,0.999383807182312,0.6025885343551636,0.4891779124736786,-0.06956326961517334,0.9983499050140381,0.6031252145767212,0.4894713759422302,-0.06957385689020157,0.998028039932251,0.6035093069076538,0.4897209107875824,-0.06957069039344788,0.9983617663383484,0.5992622971534729,0.4877482056617737,-0.08672554045915604,0.9990034103393555,0.5972462296485901,0.4867574870586395,-0.08673478662967682,0.999111533164978,0.5948818325996399,0.4854945242404938,-0.08673985302448273,0.9992716908454895,0.5978937745094299,0.4895954728126526,0.0047696735709905624,0.9943902492523193,0.5851813554763794,0.4835572838783264,-0.07879161089658737,0.999003529548645,0.5989652872085571,0.5044909119606018,-0.05323904752731323,0.9984482526779175,0.5951591730117798,0.5028765201568604,-0.07648329436779022,0.9993206858634949,0.604194700717926,0.5394443273544312,0.0672679916024208,0.998024046421051,0.5506369471549988,0.5251772403717041,-0.06868748366832733,0.9999799728393555,0.6049443483352661,0.6007106900215149,0.09903194010257721,0.25008925795555115,0.5455589890480042,0.5839462280273438,-0.09332650154829025,0.9913469552993774,0.620185375213623,0.6466068625450134,0.017447201535105705,0.38785287737846375,0.5586298108100891,0.6303569078445435,-0.15704984962940216,0.9827633500099182,0.6239572167396545,0.6604222655296326,0.0008360905339941382,0.3687252402305603,0.5594198107719421,0.6487298011779785,-0.18164591491222382,0.9717915654182434,0.6247812509536743,0.6579901576042175,-0.0236850343644619,0.3830567002296448,0.5641797780990601,0.6447974443435669,-0.18621079623699188,0.9698682427406311,0.6223028302192688,0.6539432406425476,0.004419509321451187,0.36973345279693604,0.5649879574775696,0.6391347050666809,-0.1600058525800705,0.9469337463378906,0.5975949168205261,0.6497691869735718,0.038036227226257324,0.9974182844161987,0.5654195547103882,0.6474837064743042,-0.03800562024116516,0.9986756443977356,0.604836106300354,0.7417757511138916,0.006688813678920269,0.7972919344902039,0.5641750693321228,0.740136981010437,-0.06324784457683563,0.9802869558334351,0.6074760556221008,0.8396442532539368,0.041234441101551056,0.8981667160987854,0.5351276993751526,0.835392415523529,-0.012320036999881268,0.9848209023475647,0.6024651527404785,0.8567867875099182,0.039898984134197235,0.8791264891624451,0.5234275460243225,0.8513013124465942,-0.012091382406651974,0.8986895084381104,0.6217811703681946,0.8671832084655762,-0.035003405064344406,0.9364153742790222,0.5621721148490906,0.8617305159568787,-0.09617869555950165,0.9800254702568054
215,0.6037068963050842,0.49445924162864685,-0.09239833056926727,0.999443769454956,0.6047229766845703,0.4877505600452423,-0.07850943505764008,0.9985117316246033,0.605444610118866,0.4880290627479553,-0.07853025197982788,0.9982216954231262,0.6061624884605408,0.4882286787033081,-0.07853253185749054,0.9985222220420837,0.6011068224906921,0.4860767722129822,-0.09496226161718369,0.999099612236023,0.5987629890441895,0.4850841760635376,-0.09496977180242538,0.9991970658302307,0.5960767865180969,0.4840126037597656,-0.09496846050024033,0.9993410706520081,0.6019505262374878,0.48927199840545654,0.001146123162470758,0.994937539100647,0.586795449256897,0.48353680968284607,-0.07763616740703583,0.9990990161895752,0.6023771166801453,0.503136157989502,-0.06116465479135513,0.9985998272895813,0.5975185036659241,0.5021560192108154,-0.08332128822803497,0.9993861317634583,0.6091012954711914,0.5404133796691895,0.06920383870601654,0.9982170462608337,0.5549167990684509,0.5265706181526184,-0.06574485450983047,0.9999799728393555,0.6112081408500671,0.600440263748169,0.10011263191699982,0.2919361889362335,0.5496716499328613,0.5852832198143005,-0.07736779749393463,0.9916560053825378,0.6261727213859558,0.6446388959884644,0.008403670974075794,0.4352589547634125,0.5565862655639648,0.6333509087562561,-0.13766181468963623,0.9837095737457275,0.6301712989807129,0.6595184803009033,-0.009842446073889732,0.41326895356178284,0.5536463260650635,0.6501933336257935,-0.16263501346111298,0.9731486439704895,0.6299344897270203,0.6575457453727722,-0.03574134036898613,0.42827630043029785,0.5580449104309082,0.6477698087692261,-0.1744324266910553,0.9714235067367554,0.6276891827583313,0.6536396741867065,-0.005424611736088991,0.4135412573814392,0.559816300868988,0.6424724459648132,-0.1429155021905899,0.949834406375885,0.6017724275588989,0.6500611901283264,0.04122765734791756,0.9976437091827393,0.570010244846344,0.6479467749595642,-0.04120158031582832,0.9987648129463196,0.6069836020469666,0.7442410588264465,0.009304473176598549,0.8137131929397583,0.5704533457756042,0.7414368987083435,-0.06692864745855331,0.98110032081604,0.608382523059845,0.840796709060669,0.044603053480386734,0.9059666395187378,0.5419019460678101,0.8347872495651245,-0.01854993961751461,0.9851191639900208,0.6033361554145813,0.8578291535377502,0.04452284425497055,0.8812447786331177,0.5290417075157166,0.8502764105796814,-0.018173592165112495,0.8898624777793884,0.624916672706604,0.8680132627487183,-0.02629227004945278,0.9403067827224731,0.5650524497032166,0.8642219305038452,-0.10129204392433167,0.9802765846252441
216,0.604426383972168,0.492402046918869,-0.12970003485679626,0.9994971752166748,0.606388509273529,0.4854333996772766,-0.11506182700395584,0.9986550211906433,0.6074668765068054,0.4858126938343048,-0.11508055031299591,0.998393714427948,0.6082825660705566,0.4861540198326111,-0.11508070677518845,0.9986642003059387,0.6014624834060669,0.4837420880794525,-0.1272117793560028,0.999183177947998,0.5989089012145996,0.4830051064491272,-0.1272210329771042,0.9992712140083313,0.5960613489151001,0.4822002053260803,-0.12722136080265045,0.9994004964828491,0.6059002876281738,0.4884321689605713,-0.02806909754872322,0.9954211711883545,0.5882980227470398,0.4829642176628113,-0.0845998078584671,0.9991799592971802,0.604046106338501,0.5018976330757141,-0.09599689394235611,0.998734712600708,0.5980821847915649,0.5009966492652893,-0.11257009208202362,0.9994438290596008,0.614453136920929,0.5408574938774109,0.04168745130300522,0.998390257358551,0.5579347610473633,0.5263224244117737,-0.05867975950241089,0.9999787211418152,0.6172778010368347,0.6002194881439209,0.0826704278588295,0.3428013324737549,0.5526434183120728,0.5848163962364197,-0.04835112765431404,0.9917799830436707,0.6307318806648254,0.6439365744590759,-0.005688162054866552,0.4808503985404968,0.554009735584259,0.6330540776252747,-0.1080242469906807,0.9839794039726257,0.6353651881217957,0.659064531326294,-0.025316452607512474,0.45614615082740784,0.5499086976051331,0.6499375104904175,-0.131024569272995,0.9732563495635986,0.6354172229766846,0.6572995781898499,-0.05211924389004707,0.47151485085487366,0.5530210137367249,0.6481679081916809,-0.14881673455238342,0.9718029499053955,0.6330972909927368,0.653508722782135,-0.019563285633921623,0.4558703601360321,0.5553388595581055,0.6431760191917419,-0.11574695259332657,0.9512882232666016,0.604586660861969,0.6499797701835632,0.034227341413497925,0.9978431463241577,0.5717093348503113,0.64784836769104,-0.034203361719846725,0.9988424777984619,0.6084915995597839,0.7443013191223145,0.0037415039259940386,0.8293454647064209,0.5752578377723694,0.7412747740745544,-0.06615438312292099,0.9818649291992188,0.6107177734375,0.839499294757843,0.05798899009823799,0.9132727980613708,0.5502809286117554,0.8321698904037476,0.0027466611936688423,0.9851921200752258,0.605760931968689,0.8563114404678345,0.05923973396420479,0.8797191381454468,0.5384504199028015,0.8451098203659058,0.004524414427578449,0.876889705657959,0.6202596426010132,0.8671207427978516,-0.022611480206251144,0.9438437819480896,0.5679967999458313,0.8628337979316711,-0.08852370828390121,0.9802426099777222
217,0.604219377040863,0.4921119213104248,-0.172089621424675,0.9995450973510742,0.60662841796875,0.48486199975013733,-0.1593199074268341,0.9987815618515015,0.6079438328742981,0.48516273498535156,-0.1593342423439026,0.9985460042953491,0.6091020703315735,0.4854649603366852,-0.15932564437389374,0.9987884163856506,0.6011546850204468,0.483376681804657,-0.1702900379896164,0.9992559552192688,0.5986194610595703,0.48272648453712463,-0.1702994555234909,0.9993358254432678,0.5957855582237244,0.48198363184928894,-0.17029817402362823,0.9994509220123291,0.6075813174247742,0.4878804087638855,-0.07390042394399643,0.9958478212356567,0.5889566540718079,0.48292845487594604,-0.1247769445180893,0.9992498159408569,0.6041826009750366,0.5016906261444092,-0.13836532831192017,0.9988555312156677,0.5982732772827148,0.500754714012146,-0.1533045470714569,0.9994953274726868,0.6174890995025635,0.5404835343360901,0.0015869063790887594,0.99854576587677,0.5595691800117493,0.5281021595001221,-0.06476172059774399,0.9999778270721436,0.6203911900520325,0.6000925898551941,0.06001643091440201,0.3950239419937134,0.5547658205032349,0.5861232876777649,-0.05872267484664917,0.9922029376029968,0.6337578892707825,0.6407215595245361,-0.013742263428866863,0.5236768126487732,0.5522212982177734,0.6356856822967529,-0.10297601670026779,0.9846552610397339,0.6387509703636169,0.6566134691238403,-0.029896600171923637,0.49584516882896423,0.5484910607337952,0.6512239575386047,-0.12145296484231949,0.9738857746124268,0.6380287408828735,0.6553922891616821,-0.05682562664151192,0.5116254687309265,0.5505682229995728,0.6499705910682678,-0.14129559695720673,0.9727033972740173,0.6355512142181396,0.652047872543335,-0.027091583237051964,0.49598973989486694,0.5526182055473328,0.6452449560165405,-0.1110457107424736,0.9535295963287354,0.6050746440887451,0.6499247550964355,0.028992921113967896,0.9980193376541138,0.5721704959869385,0.6476799249649048,-0.029006391763687134,0.9989100098609924,0.6094299554824829,0.7437769174575806,0.002889079274609685,0.8429046273231506,0.5791385173797607,0.7403520345687866,-0.05047226324677467,0.9820639491081238,0.6109575033187866,0.8387563228607178,0.05727803334593773,0.9199526906013489,0.5595341920852661,0.827752947807312,0.022202087566256523,0.9849867820739746,0.6057716608047485,0.8558716177940369,0.05784467235207558,0.8799291253089905,0.5517773628234863,0.8391496539115906,0.023960135877132416,0.8663109540939331,0.6192895174026489,0.8667312264442444,-0.02548573538661003,0.9472894072532654,0.5712802410125732,0.8599194288253784,-0.06638959795236588,0.9800726771354675
218,0.6027541756629944,0.4908784329891205,-0.19001372158527374,0.9995881915092468,0.6054402589797974,0.48400604724884033,-0.17756131291389465,0.9988946914672852,0.607038676738739,0.48423486948013306,-0.17757382988929749,0.9986826777458191,0.6085301637649536,0.48445460200309753,-0.17756667733192444,0.9989000558853149,0.5996630191802979,0.482514888048172,-0.18517722189426422,0.9993200302124023,0.5972572565078735,0.4817327558994293,-0.1851940155029297,0.9993927478790283,0.5945326685905457,0.48089006543159485,-0.18520040810108185,0.9994946122169495,0.6083135604858398,0.4869682788848877,-0.0948687344789505,0.9962292313575745,0.5884931683540344,0.482689768075943,-0.13113290071487427,0.9993085861206055,0.6035043597221375,0.49989014863967896,-0.15782979130744934,0.9989643692970276,0.5972402691841125,0.49905019998550415,-0.1683349907398224,0.9995411038398743,0.6208227872848511,0.5400546789169312,-0.021814865991473198,0.9986863136291504,0.5619462728500366,0.5295724868774414,-0.06742914766073227,0.9999765753746033,0.6246157288551331,0.599434494972229,0.03079843521118164,0.4477457106113434,0.55674147605896,0.5876954197883606,-0.056213315576314926,0.9923788905143738,0.6370204091072083,0.6395555734634399,-0.0412217378616333,0.5652098059654236,0.55201655626297,0.6385431885719299,-0.0987975224852562,0.9847976565361023,0.6420226097106934,0.6553604602813721,-0.058005861937999725,0.5355595946311951,0.5487385988235474,0.6532031893730164,-0.11622534692287445,0.9735835194587708,0.6411999464035034,0.6543197631835938,-0.08363431692123413,0.5510931611061096,0.5505997538566589,0.6523605585098267,-0.13794656097888947,0.9727144837379456,0.6388460993766785,0.6510869860649109,-0.05368927866220474,0.5357023477554321,0.5524517297744751,0.6481889486312866,-0.10779450833797455,0.9547200798988342,0.6072073578834534,0.6498706340789795,0.026654137298464775,0.9981821775436401,0.5734304785728455,0.6476474404335022,-0.026715388521552086,0.9989742636680603,0.6103416085243225,0.7436525821685791,-0.0001688127376837656,0.8531208634376526,0.5835632681846619,0.7388597130775452,-0.04888368025422096,0.981645941734314,0.610460638999939,0.83837890625,0.053894639015197754,0.9252324104309082,0.5673638582229614,0.8249074816703796,0.024993782863020897,0.9839380979537964,0.6042613983154297,0.8549743890762329,0.05427088588476181,0.877135694026947,0.5612528920173645,0.8357223272323608,0.02690259739756584,0.8517117500305176,0.6197967529296875,0.8663152456283569,-0.03286324068903923,0.949508011341095,0.5759913921356201,0.8563945889472961,-0.0622403621673584,0.9790279269218445
219,0.6019212007522583,0.4911176562309265,-0.21632932126522064,0.9996273517608643,0.6048912405967712,0.4840412735939026,-0.20657795667648315,0.9989962577819824,0.6068709492683411,0.48426979780197144,-0.2065802812576294,0.9988056421279907,0.6086453795433044,0.4844888150691986,-0.20657314360141754,0.9990003108978271,0.5989042520523071,0.48256629705429077,-0.21106064319610596,0.9993774890899658,0.59651118516922,0.48177653551101685,-0.21107438206672668,0.9994434118270874,0.5939232110977173,0.48092764616012573,-0.2110796421766281,0.9995333552360535,0.6096433401107788,0.4869474172592163,-0.12703648209571838,0.9965770840644836,0.5884130597114563,0.4827583432197571,-0.148685023188591,0.999358594417572,0.6032223701477051,0.4999903440475464,-0.18437501788139343,0.9990631937980652,0.5966558456420898,0.49911174178123474,-0.1907297968864441,0.9995825886726379,0.6240620613098145,0.539783239364624,-0.05280359089374542,0.9988147020339966,0.5639554858207703,0.530600905418396,-0.0790708139538765,0.9999755620956421,0.6274368166923523,0.5979847311973572,0.003076287219300866,0.4985376298427582,0.5590847134590149,0.5889891386032104,-0.04835924878716469,0.9922922849655151,0.639141857624054,0.6374090909957886,-0.06379996240139008,0.6046006679534912,0.5521299839019775,0.6408666372299194,-0.09050055593252182,0.9845138788223267,0.6441856622695923,0.6540106534957886,-0.07964876294136047,0.5743441581726074,0.5492807626724243,0.655802309513092,-0.10573656857013702,0.972513735294342,0.6434735059738159,0.6532830595970154,-0.10484689474105835,0.5892825126647949,0.5513463020324707,0.6547444462776184,-0.12900814414024353,0.9720358848571777,0.6412388682365417,0.6497637629508972,-0.07549107074737549,0.5742972493171692,0.5532034039497375,0.6507405042648315,-0.10006148368120193,0.9551354646682739,0.6091325879096985,0.6491796970367432,0.017071638256311417,0.9983313679695129,0.5748674869537354,0.6472816467285156,-0.017146797850728035,0.99903404712677,0.6115164160728455,0.7435281276702881,-0.006277876906096935,0.8638668060302734,0.5855538249015808,0.737930178642273,-0.03119621053338051,0.9807465076446533,0.6104700565338135,0.8381208181381226,0.050985876470804214,0.9302309155464172,0.575638473033905,0.8231489658355713,0.05818692967295647,0.9817163348197937,0.6042577624320984,0.8542276620864868,0.05157725140452385,0.8701283931732178,0.5737634897232056,0.8317500948905945,0.06190723180770874,0.8318369388580322,0.6175756454467773,0.8665710687637329,-0.03806229680776596,0.9516721963882446,0.5809910893440247,0.8555054068565369,-0.024416279047727585,0.9770287275314331
220,0.6014320850372314,0.4906468987464905,-0.2423744946718216,0.9996632933616638,0.6044306755065918,0.4834185838699341,-0.23318545520305634,0.9990913271903992,0.6063441634178162,0.4836481809616089,-0.2331877052783966,0.9989197850227356,0.6084012985229492,0.4838583469390869,-0.2331945300102234,0.9990947246551514,0.5985379219055176,0.48211827874183655,-0.23581285774707794,0.9994338750839233,0.5963024497032166,0.48145759105682373,-0.23584319651126862,0.9994932413101196,0.5938820242881775,0.48076966404914856,-0.23586072027683258,0.9995736479759216,0.6102050542831421,0.48654893040657043,-0.15427090227603912,0.9969055652618408,0.5894078016281128,0.4828018546104431,-0.1670839786529541,0.9994118809700012,0.6038370132446289,0.49951961636543274,-0.21066518127918243,0.9991539120674133,0.5970629453659058,0.4987233877182007,-0.2144625037908554,0.9996212720870972,0.6268300414085388,0.5396687388420105,-0.07966116070747375,0.9989296793937683,0.5661213397979736,0.5318800210952759,-0.09741098433732986,0.9999749064445496,0.6305131316184998,0.5961208939552307,-0.02290238067507744,0.5460687875747681,0.5611413717269897,0.59079509973526,-0.05430581793189049,0.9920527338981628,0.6408731937408447,0.6355652809143066,-0.08895894885063171,0.6408625245094299,0.5536115765571594,0.6423658728599548,-0.09923642873764038,0.9841724634170532,0.6455039381980896,0.6527665257453918,-0.1057782992720604,0.6101828217506409,0.5499446392059326,0.6576637625694275,-0.11434999853372574,0.9713147878646851,0.6448094844818115,0.6520861983299255,-0.13141508400440216,0.6243913769721985,0.5521280169487,0.6566464900970459,-0.13896365463733673,0.9712085723876953,0.6426191926002502,0.6478168964385986,-0.10056467354297638,0.6096858978271484,0.5535255074501038,0.6524950861930847,-0.10933457314968109,0.9552207589149475,0.6111052632331848,0.6484816074371338,0.008913072757422924,0.9984462857246399,0.5765831470489502,0.6472445726394653,-0.008993720635771751,0.9990814328193665,0.6119028925895691,0.7433483004570007,-0.011364192701876163,0.8735813498497009,0.5856786966323853,0.7379792332649231,-0.021823763847351074,0.9794222712516785,0.6092872023582458,0.8379082083702087,0.049951232969760895,0.9346326589584351,0.5809293985366821,0.8239941596984863,0.05571650713682175,0.9794374108314514,0.6033341884613037,0.8541513085365295,0.050669848918914795,0.8653666377067566,0.5813866853713989,0.8322009444236755,0.057881928980350494,0.816032886505127,0.6163083910942078,0.866603434085846,-0.0415196530520916,0.953481137752533,0.5834640860557556,0.8557935357093811,-0.033513884991407394,0.9747476577758789
221,0.6017431616783142,0.48880866169929504,-0.2528022229671478,0.9996960759162903,0.6047505736351013,0.4813275635242462,-0.24297159910202026,0.9991790056228638,0.6067660450935364,0.48155468702316284,-0.24297551810741425,0.9990247488021851,0.6087709069252014,0.48181435465812683,-0.24298855662345886,0.9991819858551025,0.5988275408744812,0.480455219745636,-0.2458755373954773,0.9994868636131287,0.5965403318405151,0.48004549741744995,-0.24591141939163208,0.9995403289794922,0.5941489338874817,0.47960248589515686,-0.2459300458431244,0.9996121525764465,0.6111246347427368,0.4855906665325165,-0.162509024143219,0.9972078204154968,0.5900846123695374,0.4827202558517456,-0.1765947788953781,0.9994643330574036,0.6050779223442078,0.49808308482170105,-0.22073160111904144,0.9992368221282959,0.5979565382003784,0.4974609911441803,-0.22489333152770996,0.999657154083252,0.6289829611778259,0.5395583510398865,-0.0875091552734375,0.9990339279174805,0.5678468346595764,0.5338864326477051,-0.1103532537817955,0.9999738335609436,0.6332941055297852,0.5946552157402039,-0.030454004183411598,0.5897485017776489,0.5623407363891602,0.5917943716049194,-0.06481800973415375,0.9917612075805664,0.64329594373703,0.6359807252883911,-0.09523515403270721,0.6744223237037659,0.5555588603019714,0.6446355581283569,-0.11010630428791046,0.9837403893470764,0.6469637155532837,0.6529710292816162,-0.1123427152633667,0.643807590007782,0.551794171333313,0.6605294942855835,-0.12706758081912994,0.9699073433876038,0.6456049084663391,0.6521822214126587,-0.13818217813968658,0.6572072505950928,0.5526447892189026,0.660035252571106,-0.13939784467220306,0.9701477289199829,0.6436496376991272,0.6478607654571533,-0.10685226321220398,0.6429940462112427,0.5545854568481445,0.6554006934165955,-0.11667384207248688,0.9549275040626526,0.6127443313598633,0.6482722163200378,0.0071236491203308105,0.9985511302947998,0.5781701803207397,0.6471519470214844,-0.007205568253993988,0.999119222164154,0.6128049492835999,0.7447668313980103,-0.010730257257819176,0.8822726011276245,0.5870879888534546,0.7418716549873352,-0.016029387712478638,0.977252721786499,0.6092945337295532,0.8383374214172363,0.05205658823251724,0.9382792711257935,0.5845597386360168,0.8280982971191406,0.06316504627466202,0.9762377738952637,0.6037508249282837,0.8539214730262756,0.05318063870072365,0.8607919216156006,0.5854260921478271,0.8381300568580627,0.06538993865251541,0.7980478405952454,0.6157110333442688,0.8673839569091797,-0.039099980145692825,0.9546328186988831,0.5869030952453613,0.8576956391334534,-0.028519397601485252,0.9715821743011475
222,0.6014198660850525,0.48834073543548584,-0.2457430064678192,0.9997259974479675,0.6043683886528015,0.48060014843940735,-0.23594322800636292,0.9992595314979553,0.6063798666000366,0.4807509481906891,-0.23594830930233002,0.9991206526756287,0.6085094809532166,0.48094862699508667,-0.2359609603881836,0.9992621541023254,0.5984656810760498,0.4799172878265381,-0.23799945414066315,0.999536395072937,0.5961776375770569,0.4795830249786377,-0.23803171515464783,0.999584436416626,0.5937870144844055,0.47927024960517883,-0.23804017901420593,0.9996488690376282,0.611254870891571,0.4848816692829132,-0.1553422510623932,0.9974836111068726,0.5895694494247437,0.48269546031951904,-0.16601088643074036,0.9995145797729492,0.6047605276107788,0.4976189434528351,-0.21364642679691315,0.9993122220039368,0.5973324775695801,0.49687162041664124,-0.21670298278331757,0.9996904134750366,0.6304813027381897,0.539313554763794,-0.08179726451635361,0.9991284012794495,0.5691220760345459,0.5346848368644714,-0.10504905879497528,0.9999738335609436,0.635096549987793,0.5942249894142151,-0.02909708023071289,0.6294214129447937,0.5640605688095093,0.5925055146217346,-0.057280778884887695,0.9913865923881531,0.644612193107605,0.6362289190292358,-0.09766405820846558,0.705155611038208,0.5581467747688293,0.6459618210792542,-0.10964351147413254,0.983496367931366,0.6476408839225769,0.6530808210372925,-0.11638720333576202,0.675267219543457,0.5544822812080383,0.6619421243667603,-0.12716971337795258,0.9690488576889038,0.6460391283035278,0.6522480249404907,-0.14251065254211426,0.6877778768539429,0.55610591173172,0.6616371273994446,-0.14671623706817627,0.9695643782615662,0.6441763043403625,0.6479471325874329,-0.10945037752389908,0.6741198897361755,0.5584214925765991,0.6568553447723389,-0.11909087002277374,0.955016016960144,0.6145702600479126,0.6481238603591919,0.004239299800246954,0.9986537098884583,0.5801182389259338,0.6473203301429749,-0.0043045030906796455,0.9991655349731445,0.6134312748908997,0.7448509335517883,-0.013564059510827065,0.8907190561294556,0.5870086550712585,0.744316041469574,-0.014717142097651958,0.9762038588523865,0.6095378398895264,0.8390205502510071,0.05220558121800423,0.9419951438903809,0.5867809653282166,0.8339585661888123,0.06165765970945358,0.9746379256248474,0.604172945022583,0.8544890880584717,0.05347030982375145,0.8585079312324524,0.5878478288650513,0.8458770513534546,0.06356820464134216,0.7870883941650391,0.6165809631347656,0.8689581751823425,-0.03971017152070999,0.9562265872955322,0.5884069204330444,0.8635481595993042,-0.030460212379693985,0.9697173237800598
223,0.6011862754821777,0.48806583881378174,-0.25204917788505554,0.999752938747406,0.6043091416358948,0.48012733459472656,-0.24215154349803925,0.999332070350647,0.6062471866607666,0.4802148938179016,-0.24215948581695557,0.9992071390151978,0.6084141731262207,0.48036882281303406,-0.24217447638511658,0.9993345141410828,0.5982325077056885,0.47959092259407043,-0.24401703476905823,0.9995810389518738,0.5959373116493225,0.4793444275856018,-0.24404747784137726,0.9996241927146912,0.5935479998588562,0.4790888726711273,-0.24405770003795624,0.9996818900108337,0.6114237308502197,0.48433563113212585,-0.16146676242351532,0.9977319836616516,0.5892632007598877,0.4826894998550415,-0.1709393411874771,0.9995597004890442,0.6048269271850586,0.4970432221889496,-0.22006003558635712,0.9993802309036255,0.5969021916389465,0.4964486062526703,-0.22287242114543915,0.9997203946113586,0.6313673257827759,0.5389618277549744,-0.08852013200521469,0.9992138743400574,0.5698903203010559,0.535270631313324,-0.10569234937429428,0.999973714351654,0.6370877027511597,0.5942045450210571,-0.03413594886660576,0.6654970645904541,0.5659023523330688,0.5930542945861816,-0.06054351106286049,0.9909268021583557,0.6459276080131531,0.6370141506195068,-0.0987107902765274,0.7331849336624146,0.5602160096168518,0.6477922797203064,-0.1123417392373085,0.982871949672699,0.6486108899116516,0.6546320915222168,-0.11678488552570343,0.7041662335395813,0.5573756694793701,0.663793683052063,-0.12977106869220734,0.967536985874176,0.6468269228935242,0.6539568305015564,-0.14283181726932526,0.7158398032188416,0.5591294765472412,0.6639323830604553,-0.14910376071929932,0.9683573842048645,0.6449950933456421,0.6501215100288391,-0.11019109934568405,0.7027570009231567,0.5612330436706543,0.6588477492332458,-0.12116950005292892,0.9542833566665649,0.6159698963165283,0.6481220126152039,0.0046959808096289635,0.9987472295761108,0.5810497999191284,0.6476289629936218,-0.004769307095557451,0.999201238155365,0.6135572791099548,0.7450306415557861,-0.011223765090107918,0.8979277014732361,0.5879256129264832,0.7450258731842041,-0.013216247782111168,0.9746991991996765,0.6094067692756653,0.8392629027366638,0.05411133915185928,0.9451882243156433,0.5873631834983826,0.8343060612678528,0.0660594180226326,0.9722835421562195,0.6042859554290771,0.8545261025428772,0.0553559735417366,0.857166588306427,0.5874913930892944,0.8465580940246582,0.0682348981499672,0.7735466957092285,0.6164502501487732,0.8701266050338745,-0.03842014819383621,0.9574986696243286,0.5912902355194092,0.8646710515022278,-0.026236271485686302,0.9672492742538452
224,0.6011765599250793,0.4870547652244568,-0.24954798817634583,0.9997773170471191,0.6044523119926453,0.47909441590309143,-0.23931147158145905,0.9993976354598999,0.6063264608383179,0.4792175889015198,-0.23931390047073364,0.9992852807044983,0.6084327697753906,0.4793865978717804,-0.23932424187660217,0.9993998408317566,0.5981691479682922,0.4789213538169861,-0.24157766997814178,0.999621570110321,0.5958068370819092,0.47889259457588196,-0.2416105717420578,0.9996603727340698,0.5934239625930786,0.478843092918396,-0.24161918461322784,0.9997120499610901,0.6116810441017151,0.48378345370292664,-0.1593969762325287,0.9979559183120728,0.5894293785095215,0.4826885759830475,-0.17080317437648773,0.9996010065078735,0.6052777767181396,0.49588438868522644,-0.2181147038936615,0.9994415640830994,0.5969185829162598,0.4956149160861969,-0.22146379947662354,0.9997474551200867,0.6322922110557556,0.5388845801353455,-0.08684270828962326,0.9992908835411072,0.5712926983833313,0.5361701846122742,-0.11050467938184738,0.9999738931655884,0.6379594802856445,0.5942515730857849,-0.03241078928112984,0.697862982749939,0.5671558380126953,0.5938826203346252,-0.06249359995126724,0.9907868504524231,0.6466618776321411,0.6390736103057861,-0.09532306343317032,0.7584323287010193,0.5616810917854309,0.6496272683143616,-0.11927712708711624,0.9827032089233398,0.6492865085601807,0.6565062403678894,-0.11278776079416275,0.7301682829856873,0.5598985552787781,0.6656384468078613,-0.13629254698753357,0.96672523021698,0.6475512981414795,0.6558867692947388,-0.13865509629249573,0.7411121726036072,0.5617262125015259,0.6658446788787842,-0.16222377121448517,0.9677414298057556,0.6456354260444641,0.6523138284683228,-0.10688253492116928,0.7286098599433899,0.5633441209793091,0.6605712175369263,-0.13041508197784424,0.9542086720466614,0.6170450448989868,0.6479073762893677,0.005585048347711563,0.998842179775238,0.5826221704483032,0.6476237773895264,-0.005671136546880007,0.9992442727088928,0.6143921613693237,0.7447497844696045,-0.00994915422052145,0.903558075428009,0.5889865159988403,0.7445679903030396,-0.01197963859885931,0.9723713994026184,0.6086350679397583,0.8392258882522583,0.05488106980919838,0.9476538300514221,0.5885192155838013,0.8340830206871033,0.06853555142879486,0.9695438146591187,0.6036030650138855,0.8544604182243347,0.05598367750644684,0.8548240661621094,0.5878438353538513,0.8464643955230713,0.07086576521396637,0.7592186331748962,0.6162338852882385,0.8709403872489929,-0.03769616037607193,0.9583472609519958,0.5922228097915649,0.8643661141395569,-0.02260231412947178,0.9647490382194519
225,0.6010313034057617,0.4863322377204895,-0.22489996254444122,0.9997990727424622,0.604325532913208,0.4782963693141937,-0.21435439586639404,0.9994560480117798,0.6062940955162048,0.47840410470962524,-0.21436266601085663,0.9993550181388855,0.6082797050476074,0.47853556275367737,-0.2143699824810028,0.9994580745697021,0.5980884432792664,0.478436142206192,-0.2180742621421814,0.9996572136878967,0.5957614779472351,0.47851353883743286,-0.21809907257556915,0.9996920228004456,0.5933301448822021,0.4785919487476349,-0.21810802817344666,0.9997380971908569,0.6118357181549072,0.4830680191516876,-0.13592572510242462,0.9981560111045837,0.5894827842712402,0.48268190026283264,-0.15221616625785828,0.9996362328529358,0.6054986715316772,0.4949961006641388,-0.19413644075393677,0.9994964599609375,0.5967302918434143,0.4949388802051544,-0.199409618973732,0.9997713565826416,0.6329777836799622,0.5381637811660767,-0.06787405163049698,0.999360203742981,0.5721690654754639,0.5364241003990173,-0.08955220133066177,0.9999731183052063,0.6386712193489075,0.5941964983940125,-0.01839672587811947,0.7267287969589233,0.5681543350219727,0.5941013097763062,-0.0489787682890892,0.9899573922157288,0.6462346911430359,0.6394600868225098,-0.08321727067232132,0.7808762788772583,0.5626465678215027,0.6500359177589417,-0.10136033594608307,0.9815100431442261,0.6496270298957825,0.6571606397628784,-0.10130437463521957,0.7531595230102539,0.5611569881439209,0.6662068963050842,-0.11873386800289154,0.9642776250839233,0.6474420428276062,0.6565725803375244,-0.1262156069278717,0.7634694576263428,0.5630697011947632,0.666375458240509,-0.144578218460083,0.9655643105506897,0.6451529264450073,0.6530133485794067,-0.09458230435848236,0.7514018416404724,0.5645888447761536,0.6609054207801819,-0.112481489777565,0.9523433446884155,0.6179529428482056,0.6478875279426575,0.005395342595875263,0.9989325404167175,0.5833123326301575,0.6476982235908508,-0.005472931079566479,0.9992858171463013,0.6143600940704346,0.7447234988212585,-0.008466525003314018,0.9092031717300415,0.5897179841995239,0.744827926158905,-0.009863938204944134,0.9705011248588562,0.6083425283432007,0.8393510580062866,0.05957859382033348,0.9503452777862549,0.5898293852806091,0.8339266777038574,0.07597851753234863,0.9675742983818054,0.6036453247070312,0.8543254733085632,0.060804978013038635,0.8540114164352417,0.5893670916557312,0.8463924527168274,0.07885680347681046,0.7478348612785339,0.6162285208702087,0.8711264133453369,-0.03461414575576782,0.9594348073005676,0.5923365354537964,0.8641147017478943,-0.01299115177243948,0.9630545973777771
226,0.6009889841079712,0.48552775382995605,-0.22251085937023163,0.9998185634613037,0.6043473482131958,0.47759270668029785,-0.21196302771568298,0.9995083212852478,0.6064332127571106,0.47774943709373474,-0.21197038888931274,0.9994174838066101,0.6083744764328003,0.47789421677589417,-0.21197637915611267,0.9995101094245911,0.5979917049407959,0.4778954088687897,-0.2144409716129303,0.999688982963562,0.5956586003303528,0.47806158661842346,-0.21446333825588226,0.9997202754020691,0.593242347240448,0.4781973958015442,-0.21447138488292694,0.9997612237930298,0.6120855212211609,0.48258304595947266,-0.13420093059539795,0.9983349442481995,0.5896447896957397,0.4826752543449402,-0.15041662752628326,0.9996673464775085,0.6058340072631836,0.4942498505115509,-0.1922057867050171,0.9995457530021667,0.5966927409172058,0.4943729341030121,-0.19577868282794952,0.999792754650116,0.6333481073379517,0.5377659797668457,-0.06742781400680542,0.9994223117828369,0.5727847814559937,0.5364219546318054,-0.08965323865413666,0.9999727606773376,0.6389616131782532,0.5941229462623596,-0.018063275143504143,0.752572774887085,0.5691274404525757,0.5948047637939453,-0.051424894481897354,0.9893025755882263,0.6465766429901123,0.639559268951416,-0.08219218254089355,0.8007664084434509,0.5634684562683105,0.6507360339164734,-0.10166022926568985,0.9804257750511169,0.6499538421630859,0.6572364568710327,-0.09982697665691376,0.7731230854988098,0.5616856217384338,0.6668618321418762,-0.11888939887285233,0.9619913101196289,0.6479486227035522,0.6566949486732483,-0.12452709674835205,0.7829773426055908,0.5638275146484375,0.6670773029327393,-0.14394162595272064,0.9635302424430847,0.6456289887428284,0.6532177925109863,-0.09346738457679749,0.7712386250495911,0.5654375553131104,0.6615430116653442,-0.11235984414815903,0.9505559206008911,0.6185978055000305,0.6477869749069214,0.0062414719723165035,0.9990150928497314,0.5842433571815491,0.6477210521697998,-0.006326012313365936,0.9993266463279724,0.6146895885467529,0.7450069785118103,-0.008156461641192436,0.9143378734588623,0.590114414691925,0.7449648380279541,-0.010526293888688087,0.9690567851066589,0.6085445284843445,0.8395447731018066,0.06477353721857071,0.9529190063476562,0.5906776189804077,0.8337168097496033,0.07929535955190659,0.9660786986351013,0.6043347716331482,0.8542251586914062,0.06622687727212906,0.8536048531532288,0.5903031229972839,0.8452740907669067,0.0825682058930397,0.7366543412208557,0.6162158250808716,0.871168315410614,-0.028883544728159904,0.9606591463088989,0.5926236510276794,0.8639636635780334,-0.009445472620427608,0.9619211554527283
227,0.6009625196456909,0.48540499806404114,-0.24285538494586945,0.9998362064361572,0.6043401956558228,0.47746938467025757,-0.23263433575630188,0.999555766582489,0.6064925789833069,0.47756633162498474,-0.23263955116271973,0.999474048614502,0.6084544658660889,0.4776802062988281,-0.23265376687049866,0.9995574355125427,0.5979230999946594,0.4778044521808624,-0.23403549194335938,0.999718189239502,0.5955824851989746,0.4779769778251648,-0.23406928777694702,0.9997463226318359,0.5931770205497742,0.4781178832054138,-0.2340848743915558,0.9997828602790833,0.6121202707290649,0.4822830855846405,-0.15418747067451477,0.9984973669052124,0.5898975729942322,0.4826698303222656,-0.16179251670837402,0.9996965527534485,0.6060966849327087,0.4940122067928314,-0.21221862733364105,0.9995902180671692,0.5968006253242493,0.49422749876976013,-0.21434266865253448,0.999812126159668,0.6339699029922485,0.5373197197914124,-0.08431369811296463,0.9994778633117676,0.5731756091117859,0.5366804003715515,-0.10088875144720078,0.999972403049469,0.6390112042427063,0.5941066145896912,-0.033023152500391006,0.7760669589042664,0.5695573687553406,0.5957143306732178,-0.05588158965110779,0.9888409972190857,0.6463688015937805,0.6400789022445679,-0.09499972313642502,0.8187155723571777,0.5633388757705688,0.6505685448646545,-0.11075987666845322,0.9797250628471375,0.6500387191772461,0.6575083136558533,-0.11212094128131866,0.7910647988319397,0.561486542224884,0.666833758354187,-0.12762975692749023,0.9603801369667053,0.6479179263114929,0.6570396423339844,-0.13782446086406708,0.8004963994026184,0.5638483166694641,0.666851282119751,-0.15555860102176666,0.9621416330337524,0.645550549030304,0.653627872467041,-0.10642864555120468,0.789014995098114,0.5655553936958313,0.6613679528236389,-0.12284234911203384,0.9493411183357239,0.6191620826721191,0.6473923325538635,0.004969692789018154,0.999083936214447,0.5846691727638245,0.6476635336875916,-0.005058778915554285,0.9993611574172974,0.6147091388702393,0.7451961636543274,-0.010601392947137356,0.9187475442886353,0.5901585221290588,0.7454582452774048,-0.011487242765724659,0.9677525758743286,0.6089448928833008,0.8396421670913696,0.060513198375701904,0.9549545645713806,0.5911423563957214,0.8339680433273315,0.07201121002435684,0.9646881818771362,0.6050508618354797,0.8541517853736877,0.06192515417933464,0.8527279496192932,0.5912061333656311,0.8459550738334656,0.07457445561885834,0.7276820540428162,0.6170699596405029,0.871254563331604,-0.03638853132724762,0.9614524841308594,0.5923386812210083,0.8647819757461548,-0.018430126830935478,0.9605877995491028
228,0.6010208129882812,0.4843587577342987,-0.24796012043952942,0.999852180480957,0.6043922305107117,0.47664496302604675,-0.2374391108751297,0.9995986819267273,0.6065734028816223,0.476688414812088,-0.23743915557861328,0.9995251893997192,0.6085773706436157,0.47681254148483276,-0.2374524027109146,0.9996001720428467,0.5978674292564392,0.4771343767642975,-0.23946602642536163,0.999744713306427,0.595524787902832,0.4773895740509033,-0.23950424790382385,0.9997701048851013,0.5931289792060852,0.47760236263275146,-0.23951929807662964,0.9998027682304382,0.6120288968086243,0.48149365186691284,-0.15858696401119232,0.9986438751220703,0.5900321006774902,0.4826328456401825,-0.16844576597213745,0.9997236728668213,0.6064538955688477,0.49286723136901855,-0.2172490954399109,0.9996303915977478,0.5968713760375977,0.4933570623397827,-0.22016891837120056,0.9998298287391663,0.6342786550521851,0.5367859601974487,-0.087289959192276,0.9995276927947998,0.5733997225761414,0.5369194149971008,-0.11199337989091873,0.9999724626541138,0.6392074227333069,0.5942187309265137,-0.03442743420600891,0.7969671487808228,0.5699582695960999,0.5969221591949463,-0.07315641641616821,0.9887388348579407,0.6455506086349487,0.6410783529281616,-0.09313181042671204,0.8343083262443542,0.563349723815918,0.651823103427887,-0.12313000112771988,0.9792421460151672,0.6491315960884094,0.6582417488098145,-0.10922078788280487,0.805948793888092,0.5616509318351746,0.6679745316505432,-0.1404181867837906,0.9589980244636536,0.6472556591033936,0.6578224301338196,-0.1347515732049942,0.8151646852493286,0.5641050338745117,0.6680116057395935,-0.16617169976234436,0.9609334468841553,0.6449510455131531,0.6542972922325134,-0.10448101162910461,0.8037642240524292,0.5657449960708618,0.6624531149864197,-0.13414795696735382,0.9482743740081787,0.6190099716186523,0.6471015214920044,0.005397201515734196,0.9991493225097656,0.5847029685974121,0.6476576328277588,-0.0054886192083358765,0.999396800994873,0.6146985292434692,0.7450504302978516,-0.010119643993675709,0.9228655695915222,0.5903826951980591,0.7453113198280334,-0.011997682973742485,0.9667379260063171,0.6089519262313843,0.839620053768158,0.05984673649072647,0.9570414423942566,0.5909214019775391,0.8340216875076294,0.07239723205566406,0.9639797210693359,0.6052663326263428,0.8540962338447571,0.061005864292383194,0.8525254130363464,0.5906608700752258,0.8464617729187012,0.0750388503074646,0.7205438017845154,0.6170469522476196,0.8713812828063965,-0.03594478592276573,0.9625458717346191,0.5925796031951904,0.8649625182151794,-0.018400555476546288,0.9600282311439514
229,0.6010088920593262,0.48402130603790283,-0.2572832703590393,0.9998666048049927,0.6043343544006348,0.47647517919540405,-0.24709446728229523,0.9996374845504761,0.6065088510513306,0.4764588177204132,-0.24709178507328033,0.9995713829994202,0.6085418462753296,0.47658270597457886,-0.24710771441459656,0.9996387958526611,0.5977525115013123,0.47696879506111145,-0.2488253265619278,0.9997687935829163,0.5954104065895081,0.4772060215473175,-0.2488657534122467,0.9997916221618652,0.5929737091064453,0.47747528553009033,-0.24887894093990326,0.9998208284378052,0.6118824481964111,0.481238454580307,-0.16833601891994476,0.9987763166427612,0.589995265007019,0.4826529622077942,-0.17699074745178223,0.9997482895851135,0.6063750982284546,0.4925776422023773,-0.22649380564689636,0.9996666312217712,0.5968017578125,0.49312624335289,-0.22907182574272156,0.9998458027839661,0.6344950199127197,0.5364917516708374,-0.09724482893943787,0.9995724558830261,0.5732616186141968,0.5370221138000488,-0.11785317957401276,0.9999722838401794,0.6391308903694153,0.5943451523780823,-0.043777164071798325,0.8158447742462158,0.570095956325531,0.5975852012634277,-0.07856263220310211,0.9884352684020996,0.644912838935852,0.6422436833381653,-0.09948035329580307,0.8480509519577026,0.5631582140922546,0.6521456241607666,-0.1268283724784851,0.978103756904602,0.6484366655349731,0.6589556336402893,-0.11496511846780777,0.818688690662384,0.5616315603256226,0.6683621406555176,-0.1437801569700241,0.956497311592102,0.6465670466423035,0.6586467623710632,-0.14043940603733063,0.8277669548988342,0.5640387535095215,0.6684032678604126,-0.16914363205432892,0.9586977362632751,0.644306480884552,0.6550037860870361,-0.1105881929397583,0.8163605332374573,0.5656033158302307,0.662808358669281,-0.1376233845949173,0.9460614323616028,0.6192964315414429,0.6469547748565674,0.004365198314189911,0.9992058277130127,0.5847662091255188,0.6476441025733948,-0.0044590020552277565,0.9994273781776428,0.6147047877311707,0.7450230717658997,-0.009860148653388023,0.9268398880958557,0.5905749201774597,0.745205819606781,-0.01109289936721325,0.9661661982536316,0.6088827848434448,0.8396039009094238,0.0594744049012661,0.959161102771759,0.5908784866333008,0.8341884016990662,0.07326559722423553,0.9638857245445251,0.6053918600082397,0.8540710210800171,0.060558415949344635,0.8534505367279053,0.5902802348136902,0.8469989895820618,0.07586177438497543,0.7165976166725159,0.6169980764389038,0.8714193105697632,-0.03558269888162613,0.9637340307235718,0.591816246509552,0.8650058507919312,-0.01755559630692005,0.9598585963249207
230,0.6009825468063354,0.48401564359664917,-0.2593464255332947,0.9998795390129089,0.6042930483818054,0.47652265429496765,-0.24903512001037598,0.9996724128723145,0.6064907908439636,0.476471871137619,-0.2490324079990387,0.9996129274368286,0.6085512042045593,0.47658416628837585,-0.24904942512512207,0.99967360496521,0.597734272480011,0.4769921898841858,-0.2510490119457245,0.9997904300689697,0.5953841209411621,0.47720611095428467,-0.25108790397644043,0.9998109936714172,0.5929585695266724,0.47747284173965454,-0.2511003017425537,0.9998370409011841,0.6118426322937012,0.48120296001434326,-0.16914479434490204,0.9988958835601807,0.5900612473487854,0.48268643021583557,-0.17915797233581543,0.9997704029083252,0.6063520908355713,0.4926183819770813,-0.22803206741809845,0.9996992349624634,0.5967634320259094,0.4931062161922455,-0.2310163378715515,0.9998601078987122,0.6342992782592773,0.5363655686378479,-0.09643636643886566,0.9996129274368286,0.5731932520866394,0.5370471477508545,-0.11715643852949142,0.999971866607666,0.6390920281410217,0.5943965315818787,-0.038114264607429504,0.8328467011451721,0.5702430009841919,0.5975480675697327,-0.07642234861850739,0.9880349040031433,0.6445545554161072,0.6426218748092651,-0.09238465130329132,0.8604550957679749,0.5630846619606018,0.6515390276908875,-0.1245913878083229,0.9770629405975342,0.6481167078018188,0.6593695282936096,-0.10747475177049637,0.8303055167198181,0.5613932609558105,0.667766809463501,-0.1417340636253357,0.9542934894561768,0.6462568044662476,0.6591188907623291,-0.13316702842712402,0.8392467498779297,0.5638753175735474,0.6677089929580688,-0.1664462834596634,0.9567652344703674,0.6439816951751709,0.6553588509559631,-0.10358048230409622,0.8278218507766724,0.565485417842865,0.6621881723403931,-0.1351456195116043,0.9441016912460327,0.6191485524177551,0.6465372443199158,0.003341204021126032,0.9992563128471375,0.5846742391586304,0.6474242806434631,-0.0034356629475951195,0.9994526505470276,0.6146975159645081,0.7448978424072266,-0.014033684507012367,0.9299500584602356,0.5909971594810486,0.7450140714645386,-0.012144572101533413,0.9650620818138123,0.6091616153717041,0.8395912647247314,0.05294523015618324,0.960800290107727,0.5916433334350586,0.8342452645301819,0.06942764669656754,0.963164746761322,0.6059828400611877,0.8540535569190979,0.053703561425209045,0.8511976003646851,0.5908189415931702,0.8472435474395752,0.07181843370199203,0.7113116383552551,0.6170517802238464,0.8716963529586792,-0.04327407851815224,0.9644221067428589,0.5925242304801941,0.8656926155090332,-0.021065229550004005,0.9591806530952454
231,0.6009448766708374,0.48400235176086426,-0.25144925713539124,0.9998911023139954,0.6042630672454834,0.4765709638595581,-0.2409045249223709,0.9997034072875977,0.6064549684524536,0.4765123426914215,-0.24090220034122467,0.9996499419212341,0.6085214614868164,0.47662773728370667,-0.2409166395664215,0.9997045397758484,0.597690761089325,0.47698119282722473,-0.24363857507705688,0.9998093843460083,0.595332145690918,0.4771433472633362,-0.24367289245128632,0.9998279213905334,0.5929118394851685,0.47738078236579895,-0.24368444085121155,0.9998510479927063,0.6116862297058105,0.48116058111190796,-0.16080321371555328,0.9990025162696838,0.5900376439094543,0.48264315724372864,-0.17401911318302155,0.9997892379760742,0.6062321066856384,0.4926290214061737,-0.2200571745634079,0.9997284412384033,0.5967403054237366,0.4930057227611542,-0.22396577894687653,0.9998726844787598,0.6338733434677124,0.535972535610199,-0.08795634657144547,0.9996493458747864,0.5728760361671448,0.5370697975158691,-0.11379017680883408,0.9999710917472839,0.638556182384491,0.5944105386734009,-0.031017126515507698,0.8480304479598999,0.5703843235969543,0.5973367094993591,-0.07378502935171127,0.9876890182495117,0.6442457437515259,0.6426809430122375,-0.0822240561246872,0.8715466260910034,0.5632567405700684,0.6514062285423279,-0.12020042538642883,0.9761289358139038,0.6478853225708008,0.6594670414924622,-0.09534984827041626,0.8406159281730652,0.5612521171569824,0.6675522923469543,-0.13619160652160645,0.952300488948822,0.6460093259811401,0.6591888666152954,-0.1216227263212204,0.8494759202003479,0.5637938380241394,0.6674082279205322,-0.16227898001670837,0.9549715518951416,0.643720269203186,0.655388355255127,-0.0932830199599266,0.8380287885665894,0.5654810667037964,0.6618691086769104,-0.13126474618911743,0.9422127604484558,0.6191372871398926,0.6459909081459045,0.003706888994202018,0.9993020296096802,0.5847139358520508,0.6470381617546082,-0.003792230738326907,0.9994744062423706,0.614855170249939,0.7448070049285889,-0.013809451833367348,0.9331592321395874,0.5911177396774292,0.74421626329422,-0.01331766415387392,0.9643118381500244,0.6092990040779114,0.8395795226097107,0.0527212955057621,0.9625219106674194,0.5913169980049133,0.8342289924621582,0.06801450252532959,0.9628936052322388,0.6062935590744019,0.8540287613868713,0.05340300127863884,0.849927544593811,0.5906222462654114,0.8471875190734863,0.07032950967550278,0.7074988484382629,0.616996169090271,0.8718281984329224,-0.04347292706370354,0.9653462171554565,0.5919280052185059,0.8655965924263,-0.022698860615491867,0.9590805768966675
232,0.6009108424186707,0.4840329587459564,-0.24766869843006134,0.9999013543128967,0.604249894618988,0.4766324758529663,-0.23696023225784302,0.9997307658195496,0.6064230799674988,0.47658246755599976,-0.2369574010372162,0.9996827244758606,0.6084853410720825,0.47670653462409973,-0.23696836829185486,0.9997317790985107,0.5976335406303406,0.47697484493255615,-0.23988497257232666,0.9998259544372559,0.5952655076980591,0.47709622979164124,-0.2399182766675949,0.9998427629470825,0.5928622484207153,0.47731080651283264,-0.23993167281150818,0.9998632073402405,0.6115655303001404,0.4811890721321106,-0.15700002014636993,0.9990968108177185,0.5899957418441772,0.48261967301368713,-0.17121410369873047,0.9998053312301636,0.6061374545097351,0.4927164614200592,-0.21641908586025238,0.9997544288635254,0.5966646671295166,0.4929889440536499,-0.22060033679008484,0.9998838305473328,0.6334378123283386,0.5359600186347961,-0.08484264463186264,0.9996815323829651,0.5726255178451538,0.5370783805847168,-0.11216305196285248,0.9999703764915466,0.638080358505249,0.5944891571998596,-0.028319071978330612,0.8614227175712585,0.5700510144233704,0.5975448489189148,-0.06977980583906174,0.9873917102813721,0.6440450549125671,0.6426677107810974,-0.07711338251829147,0.8809096813201904,0.5631883144378662,0.6510534882545471,-0.11451731622219086,0.9754055142402649,0.6478002071380615,0.659452497959137,-0.0902092233300209,0.8487427234649658,0.561136782169342,0.6672133803367615,-0.13005346059799194,0.950767993927002,0.6460062861442566,0.6591382622718811,-0.11607581377029419,0.8576329946517944,0.5636842250823975,0.6670404672622681,-0.1557665467262268,0.9535884857177734,0.6436600685119629,0.6553224921226501,-0.08808314055204391,0.8460643887519836,0.565379798412323,0.6615825891494751,-0.12527881562709808,0.9407556653022766,0.618821918964386,0.6459953188896179,0.004085870925337076,0.9993430972099304,0.5845444798469543,0.6470506191253662,-0.004169394262135029,0.999495267868042,0.6147847771644592,0.7447654008865356,-0.013456516899168491,0.9364460706710815,0.5906735062599182,0.744088351726532,-0.013571611605584621,0.9641547799110413,0.6092194318771362,0.8395675420761108,0.05490479618310928,0.964341402053833,0.5906721949577332,0.8340615630149841,0.07024867832660675,0.9631854891777039,0.6061405539512634,0.854005753993988,0.05568678304553032,0.850475013256073,0.5899791717529297,0.8468932509422302,0.0727626234292984,0.7059261798858643,0.6168754696846008,0.8718202114105225,-0.043390702456235886,0.9665411710739136,0.5916130542755127,0.8654717803001404,-0.021111685782670975,0.9595364928245544
233,0.6008881330490112,0.4841093122959137,-0.2555857002735138,0.9999107718467712,0.6042273044586182,0.47669360041618347,-0.2444792240858078,0.999755859375,0.6064242720603943,0.47664862871170044,-0.24446871876716614,0.9997126460075378,0.6084879040718079,0.4767707288265228,-0.24447865784168243,0.9997566938400269,0.5976181626319885,0.4770086109638214,-0.24884280562400818,0.999841570854187,0.5952524542808533,0.4771191477775574,-0.24888643622398376,0.9998568296432495,0.5928350687026978,0.47732013463974,-0.24890026450157166,0.999875009059906,0.6114779710769653,0.4812033474445343,-0.16266803443431854,0.9991822838783264,0.5899659395217896,0.4827011227607727,-0.18367642164230347,0.999821662902832,0.6061524152755737,0.49275779724121094,-0.22362582385540009,0.9997780323028564,0.5966405272483826,0.49302929639816284,-0.22974808514118195,0.9998943209648132,0.6331033110618591,0.5361216068267822,-0.08521384745836258,0.99970942735672,0.5725804567337036,0.5372093319892883,-0.12612773478031158,0.9999704360961914,0.6376919746398926,0.5948278307914734,-0.02353277988731861,0.8730635643005371,0.5699076056480408,0.5980680584907532,-0.08642734587192535,0.9878684282302856,0.6438809037208557,0.6432541608810425,-0.06682536751031876,0.8887354135513306,0.5631352663040161,0.6514262557029724,-0.1288955956697464,0.9757285714149475,0.6477197408676147,0.6597690582275391,-0.0790158286690712,0.8544926047325134,0.5610496401786804,0.6675326824188232,-0.1449710577726364,0.9508598446846008,0.6460668444633484,0.6595106720924377,-0.10477759689092636,0.8636295199394226,0.5636202096939087,0.6674564480781555,-0.16854746639728546,0.9536457061767578,0.6436701416969299,0.6555917859077454,-0.0778723880648613,0.8519193530082703,0.5652996897697449,0.6620578765869141,-0.13850505650043488,0.9408552646636963,0.618610680103302,0.6460009813308716,0.006374684628099203,0.9993774890899658,0.5844082236289978,0.6471167206764221,-0.006459012161940336,0.9995152354240417,0.6146782636642456,0.7446835041046143,-0.009950472041964531,0.9390254020690918,0.590384840965271,0.7439005374908447,-0.015122102573513985,0.9644718170166016,0.6091613173484802,0.8395177125930786,0.060449644923210144,0.9658154249191284,0.5903927683830261,0.834301233291626,0.06933870166540146,0.9640548825263977,0.6060274839401245,0.8540968298912048,0.06169024854898453,0.8527867197990417,0.5893756747245789,0.8476521968841553,0.07193057984113693,0.7075227499008179,0.617094099521637,0.871802031993866,-0.03289330005645752,0.9676868915557861,0.5924610495567322,0.8654810190200806,-0.02411387488245964,0.960381805896759
234,0.6008725762367249,0.4841647744178772,-0.2501281201839447,0.9999189972877502,0.6042170524597168,0.476726233959198,-0.23937447369098663,0.9997775554656982,0.6064066290855408,0.4766790270805359,-0.2393709421157837,0.9997386932373047,0.6084668040275574,0.4767895042896271,-0.23938249051570892,0.9997782707214355,0.5975672006607056,0.47703051567077637,-0.24310024082660675,0.9998546838760376,0.5951942801475525,0.47713416814804077,-0.24313874542713165,0.9998685717582703,0.5927572846412659,0.4773283898830414,-0.2431517392396927,0.9998845458030701,0.611447274684906,0.48128244280815125,-0.1598716527223587,0.9992571473121643,0.5899055004119873,0.48275262117385864,-0.17727652192115784,0.9998342394828796,0.6061030030250549,0.4927956759929657,-0.2187509834766388,0.9997988343238831,0.5966310501098633,0.49309542775154114,-0.22398796677589417,0.99990314245224,0.6329193115234375,0.5361323952674866,-0.08200471103191376,0.999734103679657,0.5723188519477844,0.5371543765068054,-0.12128836661577225,0.9999699592590332,0.6375043988227844,0.5948336124420166,-0.010431153699755669,0.8833521008491516,0.5688628554344177,0.5979609489440918,-0.08258437365293503,0.9879647493362427,0.6437670588493347,0.643229603767395,-0.05556509271264076,0.8953532576560974,0.5629813075065613,0.6512272357940674,-0.12178760021924973,0.9754337668418884,0.6477224826812744,0.6597474217414856,-0.06764239072799683,0.8590906262397766,0.56089848279953,0.6673450469970703,-0.13662904500961304,0.9499973654747009,0.6461769342422485,0.6595014929771423,-0.09330294281244278,0.8684992790222168,0.5635652542114258,0.6672397255897522,-0.16013868153095245,0.9528115391731262,0.643693208694458,0.6555479764938354,-0.06657320261001587,0.8565199971199036,0.5652397274971008,0.6618695259094238,-0.13118502497673035,0.9398251175880432,0.6185527443885803,0.6459917426109314,0.006470483262091875,0.9994018077850342,0.5844374299049377,0.6471309065818787,-0.006553211715072393,0.9995262622833252,0.614604651927948,0.7445456385612488,-0.009924797341227531,0.9417307376861572,0.5903066396713257,0.7438911199569702,-0.016181383281946182,0.9646317958831787,0.6091211438179016,0.8393852710723877,0.06005118414759636,0.9673052430152893,0.5903955698013306,0.8345640301704407,0.06899844110012054,0.9645888805389404,0.6058972477912903,0.8539725542068481,0.06124166026711464,0.8543881773948669,0.5892868041992188,0.8479854464530945,0.07171471416950226,0.7073710560798645,0.6170669794082642,0.8717426657676697,-0.03316519781947136,0.9688361287117004,0.5933921337127686,0.8655745387077332,-0.026113368570804596,0.9609516859054565
235,0.6008529663085938,0.48421522974967957,-0.2479645013809204,0.9999262690544128,0.604198694229126,0.4767557680606842,-0.23717480897903442,0.9997966885566711,0.6063925623893738,0.47669318318367004,-0.2371688038110733,0.9997617602348328,0.6084499359130859,0.4768238365650177,-0.23717990517616272,0.9997973442077637,0.5975568890571594,0.4770558476448059,-0.24138906598091125,0.9998661875724792,0.5951869487762451,0.47715243697166443,-0.24142660200595856,0.9998788833618164,0.5927394032478333,0.4773402512073517,-0.24143992364406586,0.9998928904533386,0.6113798022270203,0.4814335107803345,-0.15727460384368896,0.9993236064910889,0.5898795127868652,0.48278942704200745,-0.17816950380802155,0.9998451471328735,0.6060656309127808,0.4928363561630249,-0.21654105186462402,0.9998173713684082,0.5966175198554993,0.49312514066696167,-0.22248536348342896,0.9999108910560608,0.632748544216156,0.5362064242362976,-0.08122403919696808,0.9997553825378418,0.5718972682952881,0.5371139049530029,-0.12029547244310379,0.999968945980072,0.6374819278717041,0.594825267791748,-0.008456310257315636,0.8920431137084961,0.5682835578918457,0.5978488326072693,-0.08005262166261673,0.9880596995353699,0.6436792016029358,0.6431965231895447,-0.05106998234987259,0.9000434875488281,0.5629690289497375,0.651154100894928,-0.119997039437294,0.9747869372367859,0.6477145552635193,0.6597104072570801,-0.06222139671444893,0.8608385324478149,0.5608431100845337,0.6671952605247498,-0.13399551808834076,0.9483640789985657,0.646343469619751,0.6594735383987427,-0.0877339243888855,0.870766282081604,0.5637837052345276,0.6671174764633179,-0.15673336386680603,0.9512227773666382,0.6438023447990417,0.6555282473564148,-0.061999764293432236,0.8584317564964294,0.5654062032699585,0.6618191003799438,-0.1289341151714325,0.9379307627677917,0.6184241771697998,0.6455962657928467,0.006706547923386097,0.9994193315505981,0.5843890905380249,0.6470551490783691,-0.006788894068449736,0.9995324611663818,0.6145746111869812,0.7440804839134216,-0.010195130482316017,0.9441719055175781,0.5902557373046875,0.7438322901725769,-0.017708128318190575,0.9646218419075012,0.6090702414512634,0.8384653925895691,0.05887848511338234,0.9686959981918335,0.5904902815818787,0.8345410823822021,0.06452834606170654,0.9651452302932739,0.6059262156486511,0.8529303073883057,0.06004935875535011,0.854944109916687,0.5895413756370544,0.8478761911392212,0.06656954437494278,0.7068095207214355,0.6168569326400757,0.871542751789093,-0.034471847116947174,0.969865620136261,0.593285858631134,0.8656190633773804,-0.03093761019408703,0.9615569710731506
236,0.6008804440498352,0.48427891731262207,-0.2452143132686615,0.9999323487281799,0.6041890382766724,0.4768323600292206,-0.23466919362545013,0.9998123049736023,0.6063878536224365,0.47680673003196716,-0.23465876281261444,0.9997810125350952,0.6084365248680115,0.4769512414932251,-0.23467491567134857,0.9998130798339844,0.5975289344787598,0.4771117568016052,-0.2400449812412262,0.9998749494552612,0.595158040523529,0.4772236943244934,-0.24008356034755707,0.999886691570282,0.5927144885063171,0.47741881012916565,-0.24010537564754486,0.9998989105224609,0.611310601234436,0.4816204309463501,-0.1555454134941101,0.9993806481361389,0.5898451209068298,0.48297035694122314,-0.17592604458332062,0.9998522400856018,0.6060457229614258,0.4929802715778351,-0.21388503909111023,0.9998332262039185,0.5965997576713562,0.4933532774448395,-0.22138111293315887,0.9999167919158936,0.632644772529602,0.5362278819084167,-0.07985962182283401,0.9997738599777222,0.571597158908844,0.5370370745658875,-0.1186165064573288,0.9999668598175049,0.6371806859970093,0.5948286652565002,-0.0072879428043961525,0.8992844223976135,0.5679096579551697,0.5969575047492981,-0.07924599200487137,0.9878847002983093,0.643664538860321,0.6430264711380005,-0.050600815564394,0.903281569480896,0.5628882050514221,0.6510880589485168,-0.11521932482719421,0.9740157127380371,0.6476616263389587,0.6595702171325684,-0.06167066469788551,0.8612471222877502,0.5608184337615967,0.6671582460403442,-0.12926562130451202,0.946658730506897,0.6463462114334106,0.659439742565155,-0.08750628679990768,0.8717527389526367,0.5640366673469543,0.6670746803283691,-0.15166278183460236,0.9496215581893921,0.6437963247299194,0.6554535031318665,-0.06169743835926056,0.8589932918548584,0.5656622648239136,0.6617469191551208,-0.124101422727108,0.9360130429267883,0.6183460354804993,0.6452981233596802,0.005970306694507599,0.9994223117828369,0.5843884348869324,0.6469947099685669,-0.0060478681698441505,0.9995232224464417,0.6143147945404053,0.7439919114112854,-0.012800976634025574,0.9454553723335266,0.5898621082305908,0.7438162565231323,-0.017685694620013237,0.9626843333244324,0.6091620922088623,0.837661623954773,0.0527600422501564,0.9692041277885437,0.590768039226532,0.8345260620117188,0.06189676374197006,0.9638570547103882,0.6065669059753418,0.851050078868866,0.05356067419052124,0.8488883376121521,0.5903407335281372,0.8474374413490295,0.06371551007032394,0.6990528702735901,0.6157138347625732,0.8715444207191467,-0.04186587035655975,0.9698613882064819,0.5930215716362,0.8663405179977417,-0.032043080776929855,0.9604830741882324
237,0.6008702516555786,0.48437607288360596,-0.24399466812610626,0.9999378323554993,0.6041631698608398,0.47699764370918274,-0.23396344482898712,0.9998264312744141,0.6063672304153442,0.4769754111766815,-0.2339506894350052,0.9997984170913696,0.6083904504776001,0.4771074056625366,-0.23397095501422882,0.9998273253440857,0.5974760055541992,0.47729626297950745,-0.23973679542541504,0.9998828172683716,0.5950887799263,0.4774462580680847,-0.23977972567081451,0.9998937845230103,0.5926068425178528,0.4777068495750427,-0.23981069028377533,0.9999045729637146,0.6110965609550476,0.4818073511123657,-0.15508975088596344,0.9994327425956726,0.5896480083465576,0.4833464026451111,-0.17481127381324768,0.9998591542243958,0.6060376763343811,0.4930345416069031,-0.21275170147418976,0.9998475909233093,0.5965685248374939,0.4935873746871948,-0.22052690386772156,0.9999220967292786,0.6324995160102844,0.536289393901825,-0.07924076169729233,0.9997908473014832,0.5714322328567505,0.5368577837944031,-0.11741717159748077,0.9999653697013855,0.6366565823554993,0.5948969125747681,-0.00783402007073164,0.9055750966072083,0.5674771070480347,0.5962682366371155,-0.07801353931427002,0.9877890944480896,0.6433826684951782,0.6429805755615234,-0.05256447196006775,0.905677318572998,0.5628429651260376,0.6510066390037537,-0.11556298285722733,0.9736137390136719,0.6476175785064697,0.6593736410140991,-0.06388561427593231,0.8610044717788696,0.5607980489730835,0.6669971346855164,-0.12955698370933533,0.9456387758255005,0.6463336944580078,0.6593266129493713,-0.09004439413547516,0.872057318687439,0.5640807151794434,0.6668952703475952,-0.15271233022212982,0.9486714601516724,0.6437609195709229,0.6553601026535034,-0.06383093446493149,0.8587968349456787,0.5657017827033997,0.6616930365562439,-0.12424550205469131,0.9348636865615845,0.6182864904403687,0.6450967192649841,0.004966222681105137,0.9994264245033264,0.5843755006790161,0.6469141840934753,-0.005041168536990881,0.9995160698890686,0.6136541962623596,0.7438587546348572,-0.01441685389727354,0.9469040632247925,0.5892220735549927,0.7438177466392517,-0.017065316438674927,0.9610180258750916,0.6092140674591064,0.8376084566116333,0.04929831251502037,0.9698370695114136,0.5908689498901367,0.8344866037368774,0.06052399426698685,0.9627822041511536,0.6072198748588562,0.8504560589790344,0.049890607595443726,0.841464638710022,0.5909545421600342,0.8463441133499146,0.06223412603139877,0.6922341585159302,0.6140362024307251,0.8717305660247803,-0.04665151610970497,0.9699215888977051,0.5921952128410339,0.8665153384208679,-0.032630883157253265,0.9596302509307861
238,0.600791335105896,0.48481932282447815,-0.24128542840480804,0.9999428987503052,0.6040169596672058,0.4774114787578583,-0.23162153363227844,0.9998396039009094,0.6062427163124084,0.47740811109542847,-0.2316083461046219,0.9998144507408142,0.6082528829574585,0.47752147912979126,-0.23162800073623657,0.999840497970581,0.5972833633422852,0.47763627767562866,-0.2367049753665924,0.9998903870582581,0.5948614478111267,0.4777933657169342,-0.2367476373910904,0.9999006390571594,0.592346727848053,0.4780712127685547,-0.23677751421928406,0.9999101758003235,0.6107340455055237,0.48216161131858826,-0.15354834496974945,0.9994805455207825,0.589329183101654,0.4836086630821228,-0.1729954034090042,0.9998664259910583,0.6058893203735352,0.49331945180892944,-0.21001800894737244,0.9998607635498047,0.5962966084480286,0.49396154284477234,-0.2167888581752777,0.9999272227287292,0.6321897506713867,0.5363922119140625,-0.07717572897672653,0.9998069405555725,0.5712549090385437,0.5366663932800293,-0.1152861937880516,0.9999650120735168,0.6363637447357178,0.5949567556381226,-0.007945140823721886,0.9114906787872314,0.5672284960746765,0.5958694815635681,-0.07795209437608719,0.9877957701683044,0.6430791020393372,0.642945408821106,-0.054877378046512604,0.9084481596946716,0.5626921057701111,0.6508588194847107,-0.11687524616718292,0.9736257791519165,0.6472832560539246,0.659359872341156,-0.06679385900497437,0.8617625832557678,0.5606978535652161,0.6667133569717407,-0.13207370042800903,0.9454262256622314,0.6459175944328308,0.6593146324157715,-0.09294518083333969,0.8731952905654907,0.5640560388565063,0.6665552854537964,-0.1539800763130188,0.9484729766845703,0.6434032320976257,0.6553435325622559,-0.06619560718536377,0.859489917755127,0.5656787753105164,0.6615475416183472,-0.12540993094444275,0.9346074461936951,0.6182320713996887,0.6448891758918762,0.004072789568454027,0.9994363784790039,0.5844157338142395,0.6467862129211426,-0.004147233907133341,0.9995155930519104,0.6133235692977905,0.7437525987625122,-0.017329232767224312,0.9476472735404968,0.5890331268310547,0.7437730431556702,-0.016313983127474785,0.9587099552154541,0.6092538833618164,0.8377342224121094,0.0442737378180027,0.9699631333351135,0.5910314321517944,0.8344857692718506,0.05909759923815727,0.9612165689468384,0.6075276136398315,0.8505458831787109,0.04462530463933945,0.8327318429946899,0.5914450287818909,0.8463011384010315,0.060624707490205765,0.6856200098991394,0.6131629943847656,0.8720092177391052,-0.052361030131578445,0.969561755657196,0.5916900038719177,0.8668457269668579,-0.03351978212594986,0.9584258198738098
239,0.600791871547699,0.4850042164325714,-0.23584938049316406,0.9999475479125977,0.6039578318595886,0.4775680601596832,-0.22547464072704315,0.9998518824577332,0.6061705946922302,0.4775458574295044,-0.2254640758037567,0.9998294115066528,0.6081225872039795,0.477634072303772,-0.22547894716262817,0.9998528957366943,0.5972418189048767,0.4779207110404968,-0.23040629923343658,0.9998974204063416,0.5948206186294556,0.4781595468521118,-0.23044191300868988,0.9999068975448608,0.5922964215278625,0.4785427749156952,-0.23046153783798218,0.9999151229858398,0.6104254126548767,0.4822821021080017,-0.14596475660800934,0.9995248913764954,0.5892155766487122,0.48407337069511414,-0.16762082278728485,0.9998729228973389,0.6058762073516846,0.4934000074863434,-0.20432916283607483,0.9998728036880493,0.5963232517242432,0.4941926598548889,-0.2109900265932083,0.9999319314956665,0.6321251392364502,0.5366595983505249,-0.07060319930315018,0.9998213648796082,0.5712211728096008,0.5366393327713013,-0.10910347104072571,0.9999635815620422,0.636337161064148,0.5951426029205322,-0.0015490978257730603,0.9167623519897461,0.5670177340507507,0.5956534743309021,-0.06856561452150345,0.9878238439559937,0.6427173018455505,0.6429209113121033,-0.049043916165828705,0.9109107255935669,0.56248939037323,0.6503111720085144,-0.11016146838665009,0.9730594754219055,0.6467211842536926,0.6593303084373474,-0.060999833047389984,0.8621823191642761,0.5606411099433899,0.6663505434989929,-0.1254953145980835,0.9440018534660339,0.6451180577278137,0.6592668294906616,-0.08692806959152222,0.8740258812904358,0.5640543103218079,0.6661044359207153,-0.14752952754497528,0.947141170501709,0.6427307724952698,0.6553208827972412,-0.06030747666954994,0.8598564267158508,0.565669059753418,0.6612128615379333,-0.1191178411245346,0.9330781102180481,0.6182278394699097,0.6448540091514587,0.004285968840122223,0.9994413256645203,0.5845015048980713,0.6467266082763672,-0.004359219688922167,0.9995124340057373,0.6133592128753662,0.7437428832054138,-0.01786794513463974,0.9484313726425171,0.588975727558136,0.7437732815742493,-0.017842184752225876,0.956921398639679,0.6092385649681091,0.8376178741455078,0.04532625153660774,0.9701828956604004,0.5910494923591614,0.8345392942428589,0.05667363107204437,0.9598092436790466,0.6074580550193787,0.85028475522995,0.045862313359975815,0.8264369368553162,0.5913329720497131,0.8463308215141296,0.0581691712141037,0.6769198179244995,0.6124725341796875,0.871994137763977,-0.05116112530231476,0.9693757891654968,0.5916225910186768,0.8671888113021851,-0.037758197635412216,0.9572177529335022
240,0.6007722616195679,0.48517537117004395,-0.23619461059570312,0.9999518990516663,0.6038243770599365,0.4776737689971924,-0.2258429080247879,0.9998636841773987,0.6060228943824768,0.4776204228401184,-0.22583231329917908,0.9998435974121094,0.6079450845718384,0.47768065333366394,-0.22584481537342072,0.9998647570610046,0.5971207022666931,0.4781474173069,-0.23057609796524048,0.9999043941497803,0.594676673412323,0.47845208644866943,-0.2306106686592102,0.9999131560325623,0.592134952545166,0.4789067208766937,-0.2306278795003891,0.9999202489852905,0.6101503968238831,0.4823059141635895,-0.14607453346252441,0.9995665550231934,0.5890716314315796,0.4844360053539276,-0.16748842597007751,0.9998798966407776,0.6058712005615234,0.493496835231781,-0.20456233620643616,0.9998840689659119,0.5963159799575806,0.4944421052932739,-0.21098238229751587,0.9999366402626038,0.6320488452911377,0.5366967916488647,-0.06988850980997086,0.9998353123664856,0.5711482763290405,0.5366889238357544,-0.1071663349866867,0.9999630451202393,0.6361035704612732,0.5950844287872314,0.002079093363136053,0.9219221472740173,0.5669600963592529,0.5954795479774475,-0.0623784065246582,0.9879053235054016,0.6423170566558838,0.6425239443778992,-0.04517453908920288,0.9142120480537415,0.5623766779899597,0.6494540572166443,-0.10424672812223434,0.9728358387947083,0.6461936831474304,0.659014105796814,-0.056826088577508926,0.8645012974739075,0.5606169104576111,0.6656944155693054,-0.11911072582006454,0.9432594180107117,0.644126296043396,0.6588015556335449,-0.08305275440216064,0.8765134811401367,0.564056396484375,0.6653160452842712,-0.14183823764324188,0.946441650390625,0.6417936086654663,0.6550279259681702,-0.056444309651851654,0.8620507717132568,0.5656546950340271,0.660551130771637,-0.11350266635417938,0.9322939515113831,0.618378221988678,0.6447348594665527,0.00441058399155736,0.9994475245475769,0.5846879482269287,0.646619439125061,-0.004482387099415064,0.9995113015174866,0.6135115027427673,0.7437326908111572,-0.01753147318959236,0.9489213824272156,0.5889433026313782,0.7437676787376404,-0.01844155788421631,0.9554759860038757,0.6092813014984131,0.8376278281211853,0.04631725698709488,0.9703373312950134,0.5910623073577881,0.8348010778427124,0.056175656616687775,0.9585872292518616,0.6074881553649902,0.8503511548042297,0.04691021889448166,0.8207800388336182,0.5912266373634338,0.8469085097312927,0.05771540477871895,0.6700587868690491,0.61247318983078,0.8719812631607056,-0.050183143466711044,0.9692464470863342,0.5914966464042664,0.8674988746643066,-0.03867029398679733,0.9562389254570007
241,0.6006789207458496,0.48527681827545166,-0.22076931595802307,0.999955415725708,0.603643000125885,0.47771981358528137,-0.21002665162086487,0.9998728036880493,0.6058465242385864,0.4776464104652405,-0.2100246548652649,0.9998549818992615,0.6077640056610107,0.47769126296043396,-0.21003255248069763,0.9998739957809448,0.5969012379646301,0.47824832797050476,-0.2143649011850357,0.9999089241027832,0.5944281220436096,0.4785785377025604,-0.21439343690872192,0.9999171495437622,0.5918684005737305,0.47905433177948,-0.21441172063350677,0.999923050403595,0.6099498867988586,0.48231253027915955,-0.1296485960483551,0.999600887298584,0.5889101624488831,0.48456886410713196,-0.14962196350097656,0.999882698059082,0.60581374168396,0.49356260895729065,-0.18904264271259308,0.9998936057090759,0.5962125062942505,0.4945754408836365,-0.1949082911014557,0.9999399781227112,0.6319764256477356,0.5366997122764587,-0.055585771799087524,0.9998476505279541,0.5711032152175903,0.5367067456245422,-0.09357890486717224,0.9999611377716064,0.6361079812049866,0.5951870679855347,0.010169565677642822,0.9262968897819519,0.5673192739486694,0.5953868627548218,-0.053772877901792526,0.9875257015228271,0.6421632766723633,0.6426166296005249,-0.042599018663167953,0.9169917702674866,0.5623537302017212,0.6471392512321472,-0.1017114520072937,0.9720166325569153,0.6455886960029602,0.6592568755149841,-0.05575033277273178,0.8665248155593872,0.5605986714363098,0.6637862920761108,-0.11824830621480942,0.9418732523918152,0.6429790258407593,0.6590256094932556,-0.08165978640317917,0.8786574006080627,0.5640029311180115,0.6633002161979675,-0.14144004881381989,0.9451623558998108,0.6409189105033875,0.6551920771598816,-0.05394550785422325,0.8638277053833008,0.5656022429466248,0.6588547825813293,-0.11141584813594818,0.9307418465614319,0.6186044812202454,0.6453033089637756,0.0044373939745128155,0.9994546175003052,0.5850144028663635,0.6470373272895813,-0.0045167566277086735,0.999506413936615,0.6136900186538696,0.7439832091331482,-0.017652293667197227,0.9499650001525879,0.5885389447212219,0.744472324848175,-0.0196627676486969,0.9544680118560791,0.6092745065689087,0.8379207849502563,0.04672224447131157,0.9706370234489441,0.5910084843635559,0.8356985449790955,0.05672433599829674,0.9577749371528625,0.6074382662773132,0.8503665924072266,0.047182489186525345,0.81681227684021,0.5911924839019775,0.8478676080703735,0.05837317556142807,0.6644671559333801,0.612323522567749,0.8721215724945068,-0.0488986112177372,0.9692537188529968,0.591386616230011,0.8680566549301147,-0.038086093962192535,0.9556776285171509
242,0.6003139019012451,0.48537424206733704,-0.22373425960540771,0.999958872795105,0.6032460927963257,0.4777897596359253,-0.21339425444602966,0.9998819828033447,0.6054967641830444,0.47769108414649963,-0.21338994801044464,0.999866247177124,0.6074823141098022,0.47771888971328735,-0.21339526772499084,0.9998832941055298,0.5964823961257935,0.4783635437488556,-0.21660900115966797,0.9999138116836548,0.594000518321991,0.4787221848964691,-0.21663782000541687,0.999921441078186,0.591483473777771,0.4792124629020691,-0.21665379405021667,0.9999262690544128,0.6097913980484009,0.4823245406150818,-0.13352178037166595,0.9996342658996582,0.5887649059295654,0.48470064997673035,-0.14807401597499847,0.9998862743377686,0.6055806875228882,0.49362221360206604,-0.19215960800647736,0.9999026656150818,0.5958860516548157,0.49467217922210693,-0.19654184579849243,0.9999433755874634,0.6319456100463867,0.5366812944412231,-0.05953926593065262,0.9998598694801331,0.5711187720298767,0.536665141582489,-0.08781025558710098,0.9999603629112244,0.6360760927200317,0.595186710357666,0.006418438628315926,0.9313037395477295,0.5676085352897644,0.5948694944381714,-0.04286933317780495,0.9871142506599426,0.6419863700866699,0.642616331577301,-0.04599311202764511,0.9210964441299438,0.5623920559883118,0.6443279981613159,-0.09271195530891418,0.971609890460968,0.6450244188308716,0.6594919562339783,-0.059131454676389694,0.8709785342216492,0.5606488585472107,0.6614893674850464,-0.10906519740819931,0.9412842988967896,0.6420184969902039,0.6592000722885132,-0.08509721606969833,0.882921040058136,0.5639910101890564,0.6606783866882324,-0.13347427546977997,0.9446870684623718,0.6401495337486267,0.6552897691726685,-0.057266563177108765,0.868051290512085,0.5655851364135742,0.6564542055130005,-0.10300460457801819,0.9303179979324341,0.6186631321907043,0.6453844308853149,0.0038749626837670803,0.9994679689407349,0.5851009488105774,0.6470466256141663,-0.003945984877645969,0.9995097517967224,0.6141496300697327,0.7440508008003235,-0.018457092344760895,0.9505125284194946,0.5882936716079712,0.7445417046546936,-0.019579213112592697,0.9535173773765564,0.6092923879623413,0.8379606008529663,0.04643893241882324,0.970801830291748,0.590981662273407,0.8359826803207397,0.05678342655301094,0.9568057656288147,0.6074182391166687,0.850349485874176,0.04694386571645737,0.8130196928977966,0.5911569595336914,0.8481280207633972,0.05849355459213257,0.6604903936386108,0.612291157245636,0.8721078038215637,-0.051022812724113464,0.9691383242607117,0.5912032127380371,0.8680101633071899,-0.037366099655628204,0.9550065994262695
243,0.6001229286193848,0.4855300784111023,-0.20236869156360626,0.9999616146087646,0.603005588054657,0.47789666056632996,-0.19170208275318146,0.9998894333839417,0.605274498462677,0.47777557373046875,-0.19170358777046204,0.999875545501709,0.6073032021522522,0.4777815043926239,-0.19171275198459625,0.9998908638954163,0.5962499976158142,0.4785264730453491,-0.19442041218280792,0.9999171495437622,0.5937722325325012,0.47892531752586365,-0.1944444179534912,0.9999241232872009,0.5912721157073975,0.47945570945739746,-0.19445182383060455,0.9999279379844666,0.6096876859664917,0.48238620162010193,-0.11274440586566925,0.999663233757019,0.5886724591255188,0.48498499393463135,-0.12554676830768585,0.9998875856399536,0.6054288744926453,0.4937422573566437,-0.1713809072971344,0.9999104738235474,0.5957491993904114,0.49483439326286316,-0.17512963712215424,0.9999459385871887,0.6319566369056702,0.536674976348877,-0.04501162841916084,0.9998708963394165,0.5712031722068787,0.5366786122322083,-0.07169130444526672,0.9999585747718811,0.6361188292503357,0.595407247543335,0.008901908062398434,0.9352542757987976,0.5682340860366821,0.5948285460472107,-0.04021701216697693,0.986207902431488,0.6418835520744324,0.6434121131896973,-0.04768379032611847,0.9242905974388123,0.562781572341919,0.6428272724151611,-0.09736122190952301,0.9702622294425964,0.6446555852890015,0.6603180170059204,-0.060391735285520554,0.8745195269584656,0.5611897706985474,0.6598146557807922,-0.11470936238765717,0.9393973350524902,0.6415561437606812,0.6600419878959656,-0.08685909956693649,0.8862730860710144,0.5643743276596069,0.6587749719619751,-0.13821040093898773,0.9429462552070618,0.6397954821586609,0.6559510231018066,-0.05887904018163681,0.8712300062179565,0.5660053491592407,0.6546481847763062,-0.10741408169269562,0.9283368587493896,0.6186866760253906,0.645572304725647,0.0038221103604882956,0.9994837641716003,0.5851209759712219,0.6471542716026306,-0.0038810018450021744,0.9995126724243164,0.6143579483032227,0.744074285030365,-0.020654814317822456,0.9506855607032776,0.5880812406539917,0.7447935342788696,-0.02008838951587677,0.9517300128936768,0.6093473434448242,0.8380501866340637,0.045173462480306625,0.9704959392547607,0.5909690260887146,0.8365855813026428,0.05667063221335411,0.9549367427825928,0.6074607968330383,0.8503786325454712,0.04588431119918823,0.8068074584007263,0.5910699963569641,0.8489400148391724,0.05844498425722122,0.6527528762817383,0.6122251749038696,0.872519314289093,-0.051926031708717346,0.9684650897979736,0.5908402800559998,0.8680980801582336,-0.03713396191596985,0.9532751441001892
244,0.6000871658325195,0.4856279194355011,-0.2027248740196228,0.9999643564224243,0.6029585003852844,0.47797420620918274,-0.19202102720737457,0.9998970627784729,0.6052329540252686,0.47786444425582886,-0.19202060997486115,0.9998847246170044,0.6072580814361572,0.47788354754447937,-0.1920291632413864,0.9998985528945923,0.5962117314338684,0.4786267876625061,-0.1946014165878296,0.9999212026596069,0.5937461853027344,0.47903746366500854,-0.19462868571281433,0.9999275207519531,0.5912302136421204,0.47960156202316284,-0.19463588297367096,0.9999305605888367,0.6096799373626709,0.482520192861557,-0.11270671337842941,0.9996911883354187,0.5886254906654358,0.4851396679878235,-0.1251087188720703,0.9998906850814819,0.6053757667541504,0.4938002824783325,-0.17163529992103577,0.9999179244041443,0.5957044959068298,0.4949290156364441,-0.175275057554245,0.9999489188194275,0.631977915763855,0.5366742610931396,-0.04648324102163315,0.9998814463615417,0.5712658762931824,0.5367335081100464,-0.06966522336006165,0.9999575614929199,0.6361631155014038,0.5954321026802063,0.005946175195276737,0.9393568634986877,0.5685663819313049,0.5948183536529541,-0.04314885288476944,0.9852719306945801,0.641805112361908,0.6441784501075745,-0.055861860513687134,0.9280638694763184,0.5635362863540649,0.6410178542137146,-0.10460446029901505,0.9692811369895935,0.6444979906082153,0.6611908674240112,-0.0726853534579277,0.8793068528175354,0.5621366500854492,0.6577649712562561,-0.12559911608695984,0.9382308125495911,0.6413207650184631,0.661017119884491,-0.09752380847930908,0.8907278776168823,0.5649827718734741,0.6563082337379456,-0.1480855494737625,0.9419113993644714,0.6395866274833679,0.6566488742828369,-0.06692935526371002,0.8756999969482422,0.5666444301605225,0.6518069505691528,-0.11506946384906769,0.9271901845932007,0.6188269853591919,0.6457327604293823,0.0033531724475324154,0.9995009899139404,0.5852037668228149,0.6473137140274048,-0.003402995876967907,0.9995189309120178,0.6145190000534058,0.7440718412399292,-0.022775858640670776,0.9509062767028809,0.5879315137863159,0.7447971105575562,-0.02012789435684681,0.9496461153030396,0.6094380617141724,0.8380641937255859,0.04504275694489479,0.9701641798019409,0.5909275412559509,0.8366575837135315,0.05681849643588066,0.9528953433036804,0.6075636744499207,0.8503532409667969,0.04593079909682274,0.800285279750824,0.5909798741340637,0.8490697145462036,0.058538567274808884,0.6454153060913086,0.612030565738678,0.8724749088287354,-0.052261196076869965,0.9678025245666504,0.5906320214271545,0.8681269288063049,-0.03703390434384346,0.9514262676239014
245,0.6000859141349792,0.48574039340019226,-0.2066047489643097,0.9999670386314392,0.6029566526412964,0.478035569190979,-0.19590213894844055,0.9999045729637146,0.6052324175834656,0.47792553901672363,-0.19590193033218384,0.9998936057090759,0.6072530746459961,0.4779488146305084,-0.19591093063354492,0.999906063079834,0.596209704875946,0.47869402170181274,-0.19840691983699799,0.9999256134033203,0.5937455296516418,0.47909384965896606,-0.19843526184558868,0.9999313354492188,0.5912296772003174,0.47964537143707275,-0.19844184815883636,0.9999337792396545,0.6096875071525574,0.48254233598709106,-0.11611948907375336,0.9997173547744751,0.5886206030845642,0.4851584732532501,-0.12807226181030273,0.9998950958251953,0.6053693890571594,0.4938802719116211,-0.17531412839889526,0.999924898147583,0.5957025289535522,0.4950382113456726,-0.17883946001529694,0.9999520182609558,0.6321353912353516,0.5366740822792053,-0.04894813522696495,0.9998911023139954,0.5715468525886536,0.5369393825531006,-0.07244855910539627,0.9999570250511169,0.636322557926178,0.5957109928131104,0.004384850617498159,0.943117082118988,0.5694486498832703,0.5949873328208923,-0.046218764036893845,0.9844987392425537,0.6418123245239258,0.6453241109848022,-0.06279633939266205,0.9314917922019958,0.564726710319519,0.6411768198013306,-0.11214765161275864,0.9685877561569214,0.6445164084434509,0.6623603105545044,-0.08041220903396606,0.8836586475372314,0.5636797547340393,0.6574066877365112,-0.1334979087114334,0.9375041127204895,0.6413383483886719,0.6623131036758423,-0.10508613288402557,0.8947579264640808,0.565948486328125,0.6558365225791931,-0.15601517260074615,0.9412841796875,0.6395757794380188,0.657646894454956,-0.07393603026866913,0.8798037767410278,0.567442774772644,0.6512861847877502,-0.12258217483758926,0.9264911413192749,0.618842601776123,0.6459150910377502,0.003235581098124385,0.9995186924934387,0.5852209329605103,0.6474343538284302,-0.003284827107563615,0.9995266199111938,0.6145929098129272,0.7441343069076538,-0.023106884211301804,0.9510537385940552,0.5878469944000244,0.7449748516082764,-0.02012055739760399,0.9478741884231567,0.6095796823501587,0.8381367325782776,0.045679181814193726,0.9698442816734314,0.5909083485603333,0.8371111750602722,0.0586245134472847,0.9511168599128723,0.6077123880386353,0.8503741025924683,0.04708334431052208,0.7944689989089966,0.5909382700920105,0.8496044278144836,0.06074293330311775,0.638647198677063,0.6119921207427979,0.8727099895477295,-0.05184203386306763,0.9671571850776672,0.5905879735946655,0.8682385683059692,-0.03556189686059952,0.9497615098953247
246,0.6001161336898804,0.4858923554420471,-0.21153748035430908,0.999969482421875,0.6030158400535583,0.4781973361968994,-0.20080964267253876,0.9999112486839294,0.6053057312965393,0.47811412811279297,-0.20080837607383728,0.9999015927314758,0.6072796583175659,0.4781515300273895,-0.2008180320262909,0.9999127984046936,0.5962641835212708,0.47880151867866516,-0.2040765881538391,0.999929666519165,0.5938275456428528,0.47917070984840393,-0.2041058987379074,0.9999349117279053,0.5913530588150024,0.47969308495521545,-0.2041158229112625,0.9999368786811829,0.6098924279212952,0.48273640871047974,-0.12088538706302643,0.9997405409812927,0.5886682271957397,0.485215961933136,-0.13540209829807281,0.99989914894104,0.6053852438926697,0.4940773844718933,-0.18015749752521515,0.9999310970306396,0.5957433581352234,0.49519452452659607,-0.18462665379047394,0.9999548196792603,0.6324046850204468,0.5366799831390381,-0.049678489565849304,0.9998994469642639,0.5718148946762085,0.5370559096336365,-0.07872027158737183,0.9999569654464722,0.6364238858222961,0.5959940552711487,-0.0030363318510353565,0.9464096426963806,0.5698564648628235,0.5951253175735474,-0.0480397492647171,0.9841203093528748,0.6419233679771423,0.6458127498626709,-0.06648647785186768,0.9340631365776062,0.5656198859214783,0.641595721244812,-0.11203871667385101,0.9682097434997559,0.6445356607437134,0.6629168391227722,-0.08315546065568924,0.8865576386451721,0.5647022128105164,0.6577569842338562,-0.13199329376220703,0.9370419979095459,0.6414074301719666,0.6629202365875244,-0.10802972316741943,0.8974596858024597,0.5666086077690125,0.6562792062759399,-0.1546028107404709,0.9409001469612122,0.6396198868751526,0.6581479907035828,-0.07759268581867218,0.8824682831764221,0.5680047273635864,0.6517735123634338,-0.12225969135761261,0.9260622262954712,0.618884265422821,0.6459425091743469,0.0028930585831403732,0.9995312690734863,0.5853182673454285,0.6474791169166565,-0.002948083681985736,0.999531626701355,0.6146752238273621,0.7441315054893494,-0.022824138402938843,0.9511910676956177,0.5878194570541382,0.7451392412185669,-0.019521960988640785,0.9465441703796387,0.6097661256790161,0.8381298780441284,0.04675184562802315,0.9696606993675232,0.5908997654914856,0.8370756506919861,0.061219602823257446,0.9497851133346558,0.607937216758728,0.8502392768859863,0.04842980578541756,0.7894801497459412,0.590933620929718,0.8495601415634155,0.06356078386306763,0.6335686445236206,0.6119794845581055,0.8727357983589172,-0.05093831196427345,0.9667208194732666,0.5905076861381531,0.8682274222373962,-0.03241819143295288,0.9486109018325806
247,0.6001129150390625,0.48605912923812866,-0.2035640925168991,0.999971330165863,0.6030194163322449,0.4784395098686218,-0.19324055314064026,0.9999163150787354,0.605315089225769,0.4784027338027954,-0.193241149187088,0.9999078512191772,0.6072811484336853,0.47848016023635864,-0.19325241446495056,0.9999180436134338,0.5962738394737244,0.4789547026157379,-0.194785937666893,0.9999319314956665,0.5938618183135986,0.4792904555797577,-0.1948109120130539,0.9999366402626038,0.5914205312728882,0.47978726029396057,-0.19481834769248962,0.9999380111694336,0.6099622845649719,0.4830684959888458,-0.11545340716838837,0.9997601509094238,0.5887174010276794,0.4852704107761383,-0.12294171005487442,0.9998995065689087,0.6053639054298401,0.4942318797111511,-0.17307601869106293,0.9999363422393799,0.5957273244857788,0.4952508807182312,-0.17534029483795166,0.9999566078186035,0.6325931549072266,0.5367085933685303,-0.05049408972263336,0.9999070763587952,0.5720168352127075,0.5370678305625916,-0.06511902809143066,0.9999561309814453,0.6364709734916687,0.5960265398025513,-0.0030301527585834265,0.9495124220848083,0.5700491070747375,0.5950414538383484,-0.032242272049188614,0.9829673171043396,0.641943633556366,0.6457222104072571,-0.06569194793701172,0.9364672899246216,0.5665596127510071,0.6417137384414673,-0.09434019029140472,0.9666165113449097,0.6445741057395935,0.6628621816635132,-0.08281471580266953,0.8894623517990112,0.5656650066375732,0.6578522324562073,-0.11368577182292938,0.9347230195999146,0.6414597034454346,0.6628432273864746,-0.10739228129386902,0.9001420140266418,0.5675835013389587,0.6564057469367981,-0.1368044763803482,0.9387766718864441,0.6396530866622925,0.6581283807754517,-0.07671477645635605,0.88511723279953,0.569031298160553,0.6519880890846252,-0.10476965457201004,0.9237805604934692,0.6189635396003723,0.6459434032440186,0.0013256531674414873,0.9995417594909668,0.5855493545532227,0.6475354433059692,-0.0013745659962296486,0.9995339512825012,0.6148553490638733,0.7441529631614685,-0.025334153324365616,0.9501917958259583,0.5878292918205261,0.745732843875885,-0.019167108461260796,0.943943977355957,0.6099150776863098,0.8381764888763428,0.04536745697259903,0.9688127040863037,0.5910362601280212,0.837215006351471,0.06144960969686508,0.9473443031311035,0.6082162857055664,0.8502501249313354,0.04692331701517105,0.7821417450904846,0.5912297368049622,0.8496618866920471,0.06376536190509796,0.62727952003479,0.6119197607040405,0.8727774620056152,-0.051902927458286285,0.9654830694198608,0.5904590487480164,0.8682481050491333,-0.03171524405479431,0.9462960362434387
248,0.6001121401786804,0.48647230863571167,-0.19766022264957428,0.999972939491272,0.6030511856079102,0.47891053557395935,-0.1875152438879013,0.9999205470085144,0.6053525805473328,0.47890883684158325,-0.18751730024814606,0.999913215637207,0.6073050498962402,0.4789946973323822,-0.18752780556678772,0.9999224543571472,0.5963045358657837,0.47929149866104126,-0.1884017437696457,0.9999336004257202,0.5939253568649292,0.47956734895706177,-0.18842250108718872,0.9999378323554993,0.5915387272834778,0.48002681136131287,-0.1884283870458603,0.9999386668205261,0.6102305054664612,0.48346245288848877,-0.1108175739645958,0.9997771382331848,0.5888762474060059,0.48533523082733154,-0.11544125527143478,0.99989914894104,0.6053599715232849,0.49463343620300293,-0.1675856113433838,0.9999409914016724,0.5957261919975281,0.4955025017261505,-0.1689799726009369,0.9999582171440125,0.6328259110450745,0.5367134809494019,-0.048822369426488876,0.9999141693115234,0.5722659230232239,0.5370281338691711,-0.05772436037659645,0.9999556541442871,0.6366931200027466,0.5960266590118408,-0.002941114129498601,0.9523941278457642,0.5699722170829773,0.595039963722229,-0.023053154349327087,0.9819797873497009,0.6419602036476135,0.6455864310264587,-0.06571429967880249,0.9388416409492493,0.5669984817504883,0.6418039798736572,-0.0816708579659462,0.9650435447692871,0.6446347832679749,0.6628144383430481,-0.08354876190423965,0.8925502300262451,0.5661656856536865,0.6580442786216736,-0.10055860131978989,0.9322957992553711,0.6415027379989624,0.6628254055976868,-0.10768842697143555,0.9029378294944763,0.5686834454536438,0.6566711068153381,-0.12352311611175537,0.936499834060669,0.6396804451942444,0.6581160426139832,-0.07662072777748108,0.8878604173660278,0.5702425241470337,0.652239978313446,-0.09193246066570282,0.9213261008262634,0.6190003156661987,0.6459403038024902,7.5699654189520516e-06,0.999553382396698,0.5855825543403625,0.6475352048873901,-5.051721018389799e-05,0.9995375871658325,0.6150907874107361,0.7442023754119873,-0.02732817828655243,0.9495311975479126,0.5881330370903015,0.7458199262619019,-0.018610164523124695,0.9422401785850525,0.610089898109436,0.8381982445716858,0.04291572421789169,0.9682808518409729,0.5915161967277527,0.8374881744384766,0.061468008905649185,0.9455982446670532,0.6085305213928223,0.8502408266067505,0.04433821514248848,0.7762289047241211,0.5919244885444641,0.8497765064239502,0.06376674026250839,0.6232057213783264,0.6119337677955627,0.8728392124176025,-0.05396391078829765,0.9645207524299622,0.5904467105865479,0.8684009909629822,-0.031098397448658943,0.9445075392723083
249,0.6001063585281372,0.48706838488578796,-0.19749784469604492,0.9999743103981018,0.6030842661857605,0.4795297384262085,-0.18725454807281494,0.9999241232872009,0.6053931713104248,0.4795350432395935,-0.18725767731666565,0.99991774559021,0.6073394417762756,0.4795916974544525,-0.18726712465286255,0.9999261498451233,0.5963305234909058,0.47985562682151794,-0.18832582235336304,0.99993497133255,0.5939708948135376,0.4800942540168762,-0.18834519386291504,0.9999387264251709,0.5916169881820679,0.4805105924606323,-0.1883493959903717,0.9999392032623291,0.6105029582977295,0.48386451601982117,-0.11014095693826675,0.9997910261154175,0.5889951586723328,0.4855562448501587,-0.11569801717996597,0.9998983144760132,0.6053541898727417,0.4951092302799225,-0.1672762930393219,0.9999449253082275,0.5957197546958923,0.4958173632621765,-0.16891981661319733,0.9999594688415527,0.6330558061599731,0.5367230176925659,-0.048109836876392365,0.9999203681945801,0.572467565536499,0.5370064377784729,-0.05841194465756416,0.9999549984931946,0.6372320055961609,0.5961064696311951,-0.002962106838822365,0.9548869132995605,0.5699499249458313,0.5951657891273499,-0.02325606346130371,0.981324315071106,0.6420352458953857,0.6455223560333252,-0.06688433885574341,0.9408499002456665,0.5672807693481445,0.6427325010299683,-0.07960997521877289,0.96368807554245,0.6446499824523926,0.6627355813980103,-0.08548290282487869,0.8950079679489136,0.5666316151618958,0.6593478918075562,-0.09848849475383759,0.9300990700721741,0.6415360569953918,0.6627528071403503,-0.10926882922649384,0.9051714539527893,0.5694575905799866,0.6581380367279053,-0.12126974016427994,0.9344095587730408,0.6396970748901367,0.6580695509910583,-0.07771483063697815,0.8899783492088318,0.5709930062294006,0.6538037061691284,-0.08963736891746521,0.9189823865890503,0.6190733909606934,0.6460393071174622,-0.00014214753173291683,0.9995647668838501,0.585728108882904,0.6476120948791504,0.00010253382788505405,0.9995402097702026,0.6151527762413025,0.7442037463188171,-0.026424501091241837,0.9489514231681824,0.5884299278259277,0.7456766366958618,-0.01772843487560749,0.9409031867980957,0.6100971698760986,0.8381362557411194,0.0421450212597847,0.9679287672042847,0.5915642976760864,0.8374477028846741,0.06184699013829231,0.9441931843757629,0.6085139513015747,0.8502413034439087,0.04333794116973877,0.7727043032646179,0.5918928980827332,0.849699079990387,0.06413547694683075,0.61962890625,0.6119377017021179,0.8727270364761353,-0.05437847599387169,0.9639209508895874,0.5905018448829651,0.8684617280960083,-0.029707878828048706,0.9431099891662598
250,0.6001430153846741,0.4874001741409302,-0.2019542157649994,0.9999757409095764,0.6033501625061035,0.4800373613834381,-0.19162297248840332,0.9999278783798218,0.6056209206581116,0.48006725311279297,-0.19162414968013763,0.9999223351478577,0.6075419187545776,0.4801606237888336,-0.1916334629058838,0.9999299645423889,0.5965684652328491,0.4801495373249054,-0.19319114089012146,0.9999369382858276,0.5942083597183228,0.4803029000759125,-0.19321231544017792,0.9999403357505798,0.5919420123100281,0.48064982891082764,-0.19321735203266144,0.9999403953552246,0.6110500693321228,0.4843961000442505,-0.11391125619411469,0.9998042583465576,0.5892796516418457,0.48558932542800903,-0.12172066420316696,0.9998987913131714,0.6053721308708191,0.4953971207141876,-0.17147359251976013,0.9999485611915588,0.5957448482513428,0.49591463804244995,-0.173797145485878,0.999960720539093,0.6331426501274109,0.5367174744606018,-0.049307528883218765,0.9999256730079651,0.5726973414421082,0.5368777513504028,-0.06376491487026215,0.999954342842102,0.6374894976615906,0.5959831476211548,-0.0029488829895853996,0.9571089148521423,0.570093035697937,0.5951454639434814,-0.027428150177001953,0.9805849194526672,0.6421026587486267,0.6450367569923401,-0.06572440266609192,0.9425203204154968,0.5672423243522644,0.6434481143951416,-0.08194364607334137,0.9623147249221802,0.6446665525436401,0.6622748970985413,-0.08498780429363251,0.8968909382820129,0.5665695667266846,0.6602210998535156,-0.09992162883281708,0.9278435707092285,0.6415817737579346,0.6620805859565735,-0.10757537931203842,0.9068968296051025,0.5695721507072449,0.659355878829956,-0.12324870377779007,0.9322681427001953,0.6397557258605957,0.6575899720191956,-0.0761488825082779,0.8915681838989258,0.5711346864700317,0.6550042629241943,-0.09207149595022202,0.9166544079780579,0.6191324591636658,0.6460390686988831,-0.00046626097173430026,0.9995729923248291,0.5859003663063049,0.6476102471351624,0.00042259079054929316,0.9995404481887817,0.6152132153511047,0.7442079186439514,-0.026136960834264755,0.9490594863891602,0.5897313356399536,0.7454068660736084,-0.014754673466086388,0.9400340914726257,0.6101227402687073,0.8377957344055176,0.042435113340616226,0.9680218696594238,0.5919328927993774,0.8364242911338806,0.06418168544769287,0.9436510801315308,0.6085522770881653,0.8498039245605469,0.0434439554810524,0.7711833119392395,0.5920969843864441,0.8481301665306091,0.06639650464057922,0.619590163230896,0.6119029521942139,0.8723204135894775,-0.05398266762495041,0.9637426733970642,0.5904145836830139,0.8677668571472168,-0.026355693116784096,0.9426567554473877
251,0.6002806425094604,0.48748070001602173,-0.21687376499176025,0.9999775290489197,0.6038177609443665,0.48013803362846375,-0.20697930455207825,0.9999329447746277,0.6060477495193481,0.4801953434944153,-0.20697760581970215,0.9999279975891113,0.6079405546188354,0.4803463816642761,-0.20698700845241547,0.9999348521232605,0.5969641804695129,0.4801817238330841,-0.20750772953033447,0.9999409317970276,0.5945659875869751,0.480315625667572,-0.2075289487838745,0.9999439716339111,0.5923697352409363,0.48064929246902466,-0.20752902328968048,0.9999439120292664,0.611821711063385,0.48467540740966797,-0.13121668994426727,0.999819815158844,0.5896908044815063,0.4855769872665405,-0.13416889309883118,0.9999040365219116,0.605484127998352,0.4955211877822876,-0.18712353706359863,0.9999526143074036,0.5958782434463501,0.49592262506484985,-0.18811628222465515,0.9999630451202393,0.6334142684936523,0.5368233323097229,-0.06981631368398666,0.9999305605888367,0.5730836391448975,0.5369223356246948,-0.0673232302069664,0.9999555349349976,0.6375452280044556,0.5960111021995544,-0.01718107983469963,0.9592894911766052,0.570275068283081,0.5953042507171631,-0.03114958107471466,0.9801371097564697,0.642096221446991,0.6449076533317566,-0.07192733138799667,0.9436805248260498,0.567302405834198,0.6460372805595398,-0.08633709698915482,0.9621292352676392,0.6446626782417297,0.6619141101837158,-0.08865302056074142,0.8981804251670837,0.5664809942245483,0.66215580701828,-0.10446912795305252,0.927521824836731,0.6416096091270447,0.66155606508255,-0.11207263171672821,0.9079815149307251,0.5694677233695984,0.6615386605262756,-0.12765879929065704,0.9319571852684021,0.6398005485534668,0.6571775674819946,-0.0822431817650795,0.8925058841705322,0.5710204839706421,0.6570529937744141,-0.09631993621587753,0.9165493249893188,0.6191531419754028,0.6460162401199341,-0.005662648472934961,0.9995799660682678,0.586051344871521,0.6475532650947571,0.005601889453828335,0.9995450973510742,0.615212082862854,0.7441974878311157,-0.026918601244688034,0.9492917060852051,0.5907512903213501,0.7450388669967651,-0.004905467387288809,0.9390429258346558,0.6100314855575562,0.8377863764762878,0.036490216851234436,0.9680722951889038,0.5935693979263306,0.8363401889801025,0.068444162607193,0.943354606628418,0.608863115310669,0.8501153588294983,0.03678533434867859,0.7662633061408997,0.5950483679771423,0.8483197689056396,0.07024993747472763,0.6247203350067139,0.6101707220077515,0.8692634701728821,-0.05900752171874046,0.9634478092193604,0.5891485810279846,0.8669278621673584,-0.019973916932940483,0.9424869418144226
252,0.6003575921058655,0.4875222146511078,-0.2430274337530136,0.9999791383743286,0.6040027737617493,0.48016470670700073,-0.23329854011535645,0.9999374747276306,0.6062547564506531,0.48023825883865356,-0.23329783976078033,0.9999330639839172,0.6081280708312988,0.4804076850414276,-0.2333127111196518,0.9999392628669739,0.597105860710144,0.4801941215991974,-0.23380780220031738,0.9999445676803589,0.594698429107666,0.4803234040737152,-0.23384150862693787,0.9999473690986633,0.5925029516220093,0.48065122961997986,-0.2338552176952362,0.999947190284729,0.6121927499771118,0.48479464650154114,-0.15693192183971405,0.9998336434364319,0.5898192524909973,0.4855784475803375,-0.15971431136131287,0.9999087452888489,0.6055811047554016,0.4956110119819641,-0.2129197120666504,0.9999561309814453,0.5959730744361877,0.4959433674812317,-0.21386508643627167,0.9999648928642273,0.6336648464202881,0.5370188355445862,-0.09195001423358917,0.999934196472168,0.5732408165931702,0.5371779203414917,-0.09178359806537628,0.9999561309814453,0.6376481056213379,0.5960389971733093,-0.03710365295410156,0.9614403247833252,0.5703339576721191,0.5962362885475159,-0.05036003887653351,0.9799696803092957,0.6420957446098328,0.6448988914489746,-0.08930771052837372,0.9449029564857483,0.5672186017036438,0.6490081548690796,-0.10438048839569092,0.9623152017593384,0.6446669697761536,0.6616865396499634,-0.104575976729393,0.8995154500007629,0.5664157867431641,0.6649028658866882,-0.1207181066274643,0.9276707172393799,0.641873836517334,0.6612573862075806,-0.12884889543056488,0.9091278314590454,0.569390594959259,0.6647934913635254,-0.14578180015087128,0.9321455955505371,0.6400354504585266,0.6569448113441467,-0.09972600638866425,0.8935616612434387,0.5709651708602905,0.6597973108291626,-0.11501375585794449,0.9170498847961426,0.6191705465316772,0.6460468173027039,-0.007917562499642372,0.9995740652084351,0.5860845446586609,0.6475597023963928,0.007839277386665344,0.9995397925376892,0.6151406764984131,0.7440552115440369,-0.02769521065056324,0.948142945766449,0.5922443270683289,0.7448551654815674,-0.0007503080414608121,0.9358866214752197,0.6099078059196472,0.837584376335144,0.034280769526958466,0.96694415807724,0.5946474075317383,0.8363628387451172,0.06938540935516357,0.9409860372543335,0.6089973449707031,0.8502120971679688,0.03443573787808418,0.7552660703659058,0.5963322520256042,0.8490842580795288,0.07097940146923065,0.6253005266189575,0.6097818613052368,0.8665540218353271,-0.0609116293489933,0.9617441892623901,0.5886645913124084,0.86607825756073,-0.01929769665002823,0.9404885768890381
253,0.6004279851913452,0.4875248670578003,-0.24134770035743713,0.9999805688858032,0.604097843170166,0.4801633656024933,-0.231550931930542,0.9999414682388306,0.6063627004623413,0.48024359345436096,-0.2315504550933838,0.9999375343322754,0.6082278490066528,0.480421245098114,-0.23156282305717468,0.9999431371688843,0.5972139835357666,0.4801924228668213,-0.23235420882701874,0.9999476671218872,0.594809889793396,0.48032131791114807,-0.23238465189933777,0.9999502301216125,0.5926195383071899,0.48064616322517395,-0.23239725828170776,0.9999498724937439,0.6123579144477844,0.4848560690879822,-0.15509875118732452,0.9998459815979004,0.5898904204368591,0.4855787754058838,-0.1590699702501297,0.9999125003814697,0.605638325214386,0.49562638998031616,-0.21125733852386475,0.9999593496322632,0.5960329174995422,0.49594542384147644,-0.2125406414270401,0.999966561794281,0.6339375972747803,0.5371412634849548,-0.09011538326740265,0.9999378323554993,0.5733117461204529,0.5373006463050842,-0.09312756359577179,0.9999567866325378,0.6378771066665649,0.5958801507949829,-0.0336315855383873,0.963285505771637,0.5706024169921875,0.5966542363166809,-0.05099113658070564,0.9794934988021851,0.6421059370040894,0.6446869969367981,-0.08456874638795853,0.9456624984741211,0.5667456388473511,0.6498765349388123,-0.10446755588054657,0.9619883894920349,0.644752025604248,0.6612998247146606,-0.09938404709100723,0.9001718759536743,0.5654929876327515,0.6657023429870605,-0.12073716521263123,0.927103579044342,0.642194390296936,0.6607667207717896,-0.12391755729913712,0.9096669554710388,0.5680689215660095,0.6657017469406128,-0.14643482863903046,0.9316839575767517,0.6402880549430847,0.6565653681755066,-0.09510380029678345,0.8939229249954224,0.5695861577987671,0.6606544852256775,-0.11545160412788391,0.916778564453125,0.6191741824150085,0.646141529083252,-0.0077291144989430904,0.9995744824409485,0.5860771536827087,0.6475776433944702,0.0076471432112157345,0.9995390772819519,0.6151394248008728,0.7440767884254456,-0.02717081643640995,0.948575496673584,0.5924718379974365,0.7451004981994629,0.0001658409892115742,0.9354142546653748,0.6098673343658447,0.8374624848365784,0.03564608097076416,0.9671393632888794,0.5950641632080078,0.8361226916313171,0.07152802497148514,0.9407224655151367,0.6092554926872253,0.8502418398857117,0.03582146391272545,0.7489915490150452,0.5965613722801208,0.8489352464675903,0.07312047481536865,0.6295315027236938,0.6090902090072632,0.8655688762664795,-0.060446083545684814,0.9615141153335571,0.5881150960922241,0.8644614219665527,-0.01725108176469803,0.9406444430351257
254,0.6004511117935181,0.48752301931381226,-0.2401711791753769,0.9999818205833435,0.6041246056556702,0.4801552891731262,-0.2305169552564621,0.9999448657035828,0.606390655040741,0.48024168610572815,-0.23051679134368896,0.999941349029541,0.608268141746521,0.48042163252830505,-0.23052890598773956,0.9999464750289917,0.597256600856781,0.4801652431488037,-0.23130099475383759,0.9999502897262573,0.5948711633682251,0.4802875518798828,-0.23133377730846405,0.9999526739120483,0.5926799178123474,0.4805927276611328,-0.2313491404056549,0.9999521970748901,0.6123991012573242,0.4848676025867462,-0.15423797070980072,0.9998566508293152,0.5899564623832703,0.48556041717529297,-0.15814416110515594,0.999915599822998,0.6056559681892395,0.49564868211746216,-0.2100834995508194,0.9999621510505676,0.5960670709609985,0.4959481656551361,-0.2113422453403473,0.9999678730964661,0.6341425180435181,0.5372199416160583,-0.08864013850688934,0.9999410510063171,0.5733940005302429,0.5373921394348145,-0.09332592785358429,0.9999577403068542,0.6379658579826355,0.5956617593765259,-0.03284535929560661,0.9649967551231384,0.570670485496521,0.5968695878982544,-0.051404327154159546,0.9795425534248352,0.6421167254447937,0.6439911127090454,-0.08487104624509811,0.9468332529067993,0.5653559565544128,0.6496282815933228,-0.10467574000358582,0.9626305103302002,0.6448755264282227,0.6607900857925415,-0.0996612086892128,0.9015450477600098,0.5626428723335266,0.6656247973442078,-0.12094689905643463,0.9281395077705383,0.6423769593238831,0.6601672172546387,-0.12437769025564194,0.9109046459197998,0.5649248361587524,0.6656072735786438,-0.14700990915298462,0.9327329397201538,0.6404198408126831,0.6560186743736267,-0.09552241116762161,0.895121157169342,0.5667121410369873,0.6605997681617737,-0.11582636088132858,0.9181913733482361,0.619236171245575,0.6462072134017944,-0.007342638913542032,0.9995771646499634,0.5860530734062195,0.6475719809532166,0.007260173559188843,0.9995424747467041,0.6151571869850159,0.7442015409469604,-0.02717849612236023,0.9484946727752686,0.5924738049507141,0.7450991868972778,-0.0011430782033130527,0.9348621964454651,0.6098229289054871,0.8374642729759216,0.03471250459551811,0.9670237302780151,0.5949131846427917,0.8359160423278809,0.07051993161439896,0.9403668642044067,0.6093830466270447,0.850593090057373,0.034773290157318115,0.7444556355476379,0.5962639451026917,0.8489146828651428,0.07215674221515656,0.6329003572463989,0.6090502738952637,0.8658144474029541,-0.061504196375608444,0.9611352682113647,0.5876387357711792,0.8644647002220154,-0.018714984878897667,0.9406008720397949
255,0.600686252117157,0.4874376356601715,-0.22889381647109985,0.999983012676239,0.6043106913566589,0.48003479838371277,-0.21852903068065643,0.9999482035636902,0.6065637469291687,0.48017367720603943,-0.21853423118591309,0.9999451041221619,0.6084346175193787,0.4803667366504669,-0.2185337245464325,0.9999496340751648,0.5974035859107971,0.4800436198711395,-0.21881340444087982,0.9999529719352722,0.5949921011924744,0.4801750183105469,-0.21883809566497803,0.9999551773071289,0.5927814841270447,0.4804503321647644,-0.2188476324081421,0.9999545812606812,0.6125165224075317,0.4848560690879822,-0.14504869282245636,0.9998668432235718,0.590000331401825,0.4855439364910126,-0.14609628915786743,0.9999189376831055,0.6058787703514099,0.49564996361732483,-0.2004147320985794,0.9999648332595825,0.5962206125259399,0.4959445893764496,-0.20078282058238983,0.9999694228172302,0.6343172192573547,0.5374324917793274,-0.08232586085796356,0.9999443888664246,0.5734115839004517,0.5376666784286499,-0.08244843035936356,0.9999585151672363,0.6381652355194092,0.5956645011901855,-0.02843364141881466,0.9664446115493774,0.5706559419631958,0.5982009768486023,-0.04112366586923599,0.9790815711021423,0.6421266794204712,0.6439857482910156,-0.0827634334564209,0.9477427005767822,0.5641503930091858,0.6512036323547363,-0.09564323723316193,0.9628835916519165,0.6449337601661682,0.6606366634368896,-0.09833560883998871,0.9028548002243042,0.5609799027442932,0.6666801571846008,-0.1119609922170639,0.9287669062614441,0.642443835735321,0.6599910259246826,-0.12233281880617142,0.9120076894760132,0.563162088394165,0.6668960452079773,-0.1384204775094986,0.933373749256134,0.6404649019241333,0.655944287776947,-0.09324591606855392,0.8962054252624512,0.5649835467338562,0.6619006395339966,-0.10711190104484558,0.9191868901252747,0.6194367408752441,0.6470019221305847,-0.007746600545942783,0.9995864033699036,0.5860509276390076,0.6483867764472961,0.007666419260203838,0.9995502233505249,0.6151777505874634,0.744574785232544,-0.02696814388036728,0.9500352144241333,0.5924119353294373,0.7457861304283142,-9.964445052901283e-05,0.9356392025947571,0.6096910238265991,0.8374398350715637,0.034933723509311676,0.9679702520370483,0.5949560403823853,0.8358963131904602,0.0721627026796341,0.9415059089660645,0.6093809008598328,0.850806474685669,0.03497055545449257,0.7451382279396057,0.5963174700737,0.8489083647727966,0.07374829053878784,0.6401605606079102,0.6082230806350708,0.8659571409225464,-0.061004389077425,0.9620108008384705,0.5873227119445801,0.8644645810127258,-0.015651145949959755,0.9418628811836243
256,0.6007770895957947,0.48744675517082214,-0.209159255027771,0.9999839663505554,0.6043971180915833,0.480032742023468,-0.19862520694732666,0.9999507665634155,0.6066465973854065,0.4801757037639618,-0.19863346219062805,0.9999480843544006,0.6085143089294434,0.4803712069988251,-0.19863492250442505,0.9999521374702454,0.5974814891815186,0.48004159331321716,-0.19901524484157562,0.9999547004699707,0.5950750708580017,0.4801690876483917,-0.1990339607000351,0.9999566674232483,0.5928661227226257,0.48042386770248413,-0.19903860986232758,0.9999558329582214,0.6125489473342896,0.48486587405204773,-0.12434361129999161,0.9998754262924194,0.5900852680206299,0.485535591840744,-0.126468226313591,0.9999199509620667,0.605965256690979,0.49571365118026733,-0.18039755523204803,0.9999669790267944,0.5962827801704407,0.49596303701400757,-0.18107256293296814,0.9999703764915466,0.6343940496444702,0.5376662611961365,-0.07134462147951126,0.9999477863311768,0.5734325051307678,0.5382295250892639,-0.06406915187835693,0.9999583959579468,0.6382204294204712,0.5956819653511047,-0.025877056643366814,0.9678084850311279,0.5706436038017273,0.5985766649246216,-0.0247380118817091,0.9778357148170471,0.6421504616737366,0.6440006494522095,-0.08381456881761551,0.9492205381393433,0.5632426142692566,0.6510677933692932,-0.08155419677495956,0.962443470954895,0.6450103521347046,0.6606388092041016,-0.10116349160671234,0.9053349494934082,0.5595675706863403,0.6667201519012451,-0.09830062836408615,0.9285067915916443,0.6424627900123596,0.6600053906440735,-0.12455747276544571,0.9142096042633057,0.5616282224655151,0.6669230461120605,-0.12481118738651276,0.9332113265991211,0.6404767036437988,0.6559610962867737,-0.09430541098117828,0.8985337018966675,0.5635896921157837,0.6619352698326111,-0.09323814511299133,0.9193345308303833,0.6196081042289734,0.6478625535964966,-0.008294722996652126,0.9995978474617004,0.5860486030578613,0.6490278840065002,0.008230799809098244,0.9995587468147278,0.6151987910270691,0.7448674440383911,-0.026979239657521248,0.9515355229377747,0.5923194885253906,0.7463213205337524,0.00031678267987444997,0.9363818168640137,0.6095374822616577,0.8374391794204712,0.03522072359919548,0.9689039587974548,0.5949920415878296,0.835774838924408,0.07409636676311493,0.9427453875541687,0.6093767285346985,0.8509684801101685,0.035326097160577774,0.747947633266449,0.596365213394165,0.8487902283668518,0.07574910670518875,0.6476595401763916,0.6075798273086548,0.8660464882850647,-0.060443293303251266,0.9629572033882141,0.5871079564094543,0.8642536401748657,-0.012692710384726524,0.9430950880050659
257,0.6008108854293823,0.4876145124435425,-0.22177596390247345,0.9999849200248718,0.6044454574584961,0.4801226258277893,-0.21159003674983978,0.9999533295631409,0.6066953539848328,0.48028460144996643,-0.21159563958644867,0.9999510645866394,0.6085689067840576,0.4804859161376953,-0.21160323917865753,0.9999547600746155,0.5975301861763,0.4801124930381775,-0.21220047771930695,0.9999566674232483,0.5951384902000427,0.4802192449569702,-0.21222802996635437,0.9999583959579468,0.5929477214813232,0.48044055700302124,-0.21224093437194824,0.9999573826789856,0.6125607490539551,0.4849214553833008,-0.13698038458824158,0.9998834729194641,0.5901759266853333,0.48554113507270813,-0.1406916081905365,0.9999220967292786,0.6059887409210205,0.4958743453025818,-0.19275933504104614,0.9999690055847168,0.5963218808174133,0.49612146615982056,-0.19390816986560822,0.9999713897705078,0.6344226002693176,0.5378739833831787,-0.07949940860271454,0.9999505281448364,0.5734698176383972,0.5384976863861084,-0.07511715590953827,0.9999584555625916,0.6382147073745728,0.5958730578422546,-0.03120330162346363,0.9693054556846619,0.5705814957618713,0.5987032055854797,-0.029564516618847847,0.9774296283721924,0.6421800851821899,0.6441798806190491,-0.08716174215078354,0.9510597586631775,0.5624948143959045,0.6512806415557861,-0.08591838926076889,0.9622802734375,0.6450560688972473,0.66065514087677,-0.1035054624080658,0.9081183671951294,0.5586404800415039,0.6672934293746948,-0.10315947979688644,0.9283459186553955,0.6424704194068909,0.6600104570388794,-0.12738700211048126,0.9167433977127075,0.5606847405433655,0.6675240993499756,-0.12870506942272186,0.9331440925598145,0.6404827833175659,0.6559687852859497,-0.09765744209289551,0.9012908339500427,0.5627238750457764,0.6623315215110779,-0.09693846106529236,0.9195231795310974,0.6198760271072388,0.6478810906410217,-0.008091364055871964,0.9996022582054138,0.58608478307724,0.6490176916122437,0.008031773380935192,0.9995631575584412,0.6153973340988159,0.7448478937149048,-0.026151204481720924,0.9517787098884583,0.5923492908477783,0.7462441921234131,-0.0010369952069595456,0.9359660148620605,0.6094626784324646,0.8373701572418213,0.03556137531995773,0.968781054019928,0.5949448943138123,0.8356006145477295,0.07391401380300522,0.9422096014022827,0.6093423962593079,0.8509747982025146,0.03561461344361305,0.7475047707557678,0.5962415337562561,0.8486199975013733,0.07560029625892639,0.6470692753791809,0.6077431440353394,0.8659631013870239,-0.058427855372428894,0.9626917243003845,0.5870898962020874,0.8638768792152405,-0.014540999196469784,0.9425300359725952
258,0.6008833050727844,0.48759913444519043,-0.22174732387065887,0.9999856352806091,0.6045352816581726,0.48009026050567627,-0.2115151733160019,0.9999553561210632,0.6067702174186707,0.48026666045188904,-0.21152043342590332,0.9999534487724304,0.6086697578430176,0.4804648458957672,-0.2115279883146286,0.9999567866325378,0.5975980758666992,0.4800656735897064,-0.21218959987163544,0.9999580383300781,0.5952087640762329,0.48015743494033813,-0.21221724152565002,0.9999596476554871,0.59303218126297,0.48029935359954834,-0.21223028004169464,0.9999584555625916,0.6126258373260498,0.4848673939704895,-0.1369381546974182,0.9998900294303894,0.5902687907218933,0.48540595173835754,-0.14070123434066772,0.9999233484268188,0.6060419082641602,0.4958760142326355,-0.1927509605884552,0.9999707341194153,0.5963794589042664,0.4961223304271698,-0.19390249252319336,0.9999721646308899,0.6344408392906189,0.5379264950752258,-0.07812152802944183,0.9999529123306274,0.5735211968421936,0.5385755300521851,-0.07557254284620285,0.9999583959579468,0.6381772756576538,0.5961073637008667,-0.029617782682180405,0.9704627990722656,0.5704826712608337,0.5987777709960938,-0.03260510414838791,0.9771095514297485,0.6421816945075989,0.6441110968589783,-0.08634240925312042,0.9524254202842712,0.5622857213020325,0.6514476537704468,-0.08753490447998047,0.9622067213058472,0.645061731338501,0.6606102585792542,-0.10275287926197052,0.9101842045783997,0.5584670305252075,0.6675981283187866,-0.10414817184209824,0.9283362030982971,0.6424728631973267,0.6599312424659729,-0.1267510950565338,0.9186132550239563,0.5605127215385437,0.6677759885787964,-0.12992440164089203,0.9331857562065125,0.6404878497123718,0.6558964252471924,-0.09693136811256409,0.9033056497573853,0.5625764727592468,0.6625519394874573,-0.0986548662185669,0.9197804927825928,0.6200301647186279,0.6478663086891174,-0.007657915353775024,0.9996087551116943,0.5860881805419922,0.6490049958229065,0.007594635244458914,0.9995690584182739,0.6155096292495728,0.7449406981468201,-0.024369144812226295,0.9522678256034851,0.5922994613647461,0.746229350566864,-0.0017451337771490216,0.9360513091087341,0.6094107627868652,0.8372559547424316,0.03798425570130348,0.9689527750015259,0.5949224829673767,0.8354312181472778,0.07287319749593735,0.9419468641281128,0.6092828512191772,0.8509453535079956,0.03813375160098076,0.7479784488677979,0.5961710214614868,0.8483328223228455,0.07457644492387772,0.6461316347122192,0.6078596115112305,0.8660750389099121,-0.056258976459503174,0.9627271294593811,0.5870149731636047,0.863864004611969,-0.015856117010116577,0.9422817230224609
259,0.600967288017273,0.4861679971218109,-0.22274625301361084,0.9999859929084778,0.6046143174171448,0.47897031903266907,-0.21231526136398315,0.9999560117721558,0.6068207025527954,0.47917649149894714,-0.2123216688632965,0.9999545812606812,0.6087703108787537,0.47942617535591125,-0.2123291790485382,0.9999576807022095,0.5976806282997131,0.47893187403678894,-0.21328051388263702,0.9999579787254333,0.5952889323234558,0.47911322116851807,-0.21330949664115906,0.9999595284461975,0.593113899230957,0.47931748628616333,-0.21332933008670807,0.9999579787254333,0.6126559376716614,0.48391449451446533,-0.13789941370487213,0.9998937249183655,0.5903939604759216,0.48440316319465637,-0.14328229427337646,0.9999213218688965,0.6060572266578674,0.49481847882270813,-0.1939653903245926,0.9999717473983765,0.5964362025260925,0.49491631984710693,-0.19557037949562073,0.9999719262123108,0.6344655752182007,0.5378713011741638,-0.07915256917476654,0.9999540448188782,0.5735511183738708,0.5385756492614746,-0.08141438663005829,0.9999565482139587,0.6381719708442688,0.5961082577705383,-0.030204908922314644,0.9712783098220825,0.5704721808433533,0.5987345576286316,-0.037403903901576996,0.9764417409896851,0.6421773433685303,0.6440643668174744,-0.0854189395904541,0.953159749507904,0.5621237754821777,0.651415228843689,-0.08880791068077087,0.9615349173545837,0.6450239419937134,0.6606110334396362,-0.10130996257066727,0.9112205505371094,0.558254063129425,0.6676814556121826,-0.10515979677438736,0.9274612665176392,0.6423428654670715,0.6599303483963013,-0.12531276047229767,0.9195557236671448,0.5602102875709534,0.6678608059883118,-0.13098129630088806,0.932440996170044,0.6404042840003967,0.6558963060379028,-0.09593423455953598,0.9043175578117371,0.5622835755348206,0.6626315116882324,-0.09987562894821167,0.9191712141036987,0.6200978755950928,0.6478502154350281,-0.006186279933899641,0.9996081590652466,0.5860882997512817,0.6489869952201843,0.006106893997639418,0.9995679259300232,0.6155937910079956,0.7448763251304626,-0.02190748229622841,0.9525534510612488,0.5922719836235046,0.7459740042686462,-0.001969151897355914,0.9357224106788635,0.6092997789382935,0.8368847966194153,0.0406249463558197,0.9690360426902771,0.5949072241783142,0.8351739645004272,0.07258756458759308,0.9414704442024231,0.6091284155845642,0.8507295250892639,0.0407775342464447,0.7474424242973328,0.5961440801620483,0.8480714559555054,0.07422617077827454,0.6435955762863159,0.6079266667366028,0.8658704161643982,-0.05354206636548042,0.9626436829566956,0.5870257019996643,0.8637487888336182,-0.01625913381576538,0.9419722557067871
260,0.6010333299636841,0.485607773065567,-0.2225179374217987,0.999986469745636,0.6046957969665527,0.47849154472351074,-0.2120000720024109,0.9999571442604065,0.6068862676620483,0.4786858856678009,-0.2120068222284317,0.9999561309814453,0.6088866591453552,0.47894003987312317,-0.2120133638381958,0.9999589323997498,0.5977372527122498,0.47849008440971375,-0.213018536567688,0.9999584555625916,0.5953360199928284,0.47869688272476196,-0.21304742991924286,0.9999599456787109,0.5931578874588013,0.478899747133255,-0.2130686342716217,0.9999581575393677,0.6127408742904663,0.48343831300735474,-0.13782954216003418,0.9998977780342102,0.5904719829559326,0.4839364290237427,-0.14321842789649963,0.9999205470085144,0.606111466884613,0.49445077776908875,-0.19390535354614258,0.999972939491272,0.5965054631233215,0.4945206344127655,-0.19553817808628082,0.9999721646308899,0.6345574855804443,0.5378705263137817,-0.07843799144029617,0.9999554753303528,0.5736285448074341,0.5385752320289612,-0.08166167885065079,0.9999553561210632,0.6381712555885315,0.5961689352989197,-0.02997470460832119,0.9721238613128662,0.5704612731933594,0.5987234711647034,-0.03746628388762474,0.9760499000549316,0.6421754956245422,0.644116222858429,-0.0856429785490036,0.9541971683502197,0.5620168447494507,0.6515947580337524,-0.08839927613735199,0.9611282348632812,0.6450071334838867,0.6607072949409485,-0.10153791308403015,0.9127374291419983,0.5581892132759094,0.667800784111023,-0.10419974476099014,0.9269289374351501,0.6422144174575806,0.6599880456924438,-0.1253485232591629,0.9209502935409546,0.5600839853286743,0.6679666638374329,-0.13020439445972443,0.9320080280303955,0.6403136253356934,0.6559628248214722,-0.09608687460422516,0.905842661857605,0.5621240139007568,0.6627728939056396,-0.09956660121679306,0.9188908338546753,0.6201165914535522,0.6478380560874939,-0.004560217261314392,0.9996120929718018,0.5860698819160461,0.6489773392677307,0.004470109008252621,0.9995700716972351,0.6156201362609863,0.7448984980583191,-0.020060837268829346,0.9527897834777832,0.592247724533081,0.745943009853363,-0.0031596936751157045,0.935562789440155,0.6091564893722534,0.8367226719856262,0.043420176953077316,0.9692708849906921,0.5947720408439636,0.835019052028656,0.0720956102013588,0.9410362243652344,0.6087937355041504,0.8505626320838928,0.043753087520599365,0.7488182783126831,0.5956584215164185,0.8476999402046204,0.07371809333562851,0.6400271654129028,0.6079546213150024,0.8659100532531738,-0.05077476426959038,0.9627962708473206,0.5870361924171448,0.8637798428535461,-0.016835886985063553,0.9416938424110413
261,0.6010801792144775,0.4853082299232483,-0.20660147070884705,0.9999867677688599,0.6048294305801392,0.47823771834373474,-0.19552381336688995,0.9999579787254333,0.6070208549499512,0.4784368872642517,-0.1955317258834839,0.9999573230743408,0.6091123223304749,0.47869598865509033,-0.19553379714488983,0.9999598860740662,0.5978137254714966,0.4781626760959625,-0.19664983451366425,0.9999585151672363,0.5954101085662842,0.478339821100235,-0.19667187333106995,0.9999598860740662,0.593228816986084,0.4785234332084656,-0.19668884575366974,0.9999578595161438,0.6129681468009949,0.48321467638015747,-0.12059711664915085,0.9999009966850281,0.590567409992218,0.4833751320838928,-0.12665461003780365,0.9999188780784607,0.6061530113220215,0.49417591094970703,-0.1779872179031372,0.9999740123748779,0.5965579748153687,0.4940977692604065,-0.1797873079776764,0.9999724626541138,0.6346624493598938,0.5378686785697937,-0.06618400663137436,0.9999571442604065,0.5736542344093323,0.5384933948516846,-0.06900912523269653,0.999954104423523,0.6381675601005554,0.5962090492248535,-0.023929297924041748,0.9728343486785889,0.5704320669174194,0.5983176827430725,-0.02918635495007038,0.9752405881881714,0.6421632766723633,0.6442834138870239,-0.08368545770645142,0.9552131295204163,0.5620750784873962,0.651507556438446,-0.0799492821097374,0.96011883020401,0.6449465155601501,0.66100013256073,-0.10108940303325653,0.9143897294998169,0.5583868026733398,0.6677271127700806,-0.09627559036016464,0.9255867004394531,0.642000675201416,0.6602111458778381,-0.12404655665159225,0.9224384427070618,0.560348629951477,0.6678627133369446,-0.12199375778436661,0.9307843446731567,0.6401430368423462,0.6561533808708191,-0.09399715811014175,0.9074035286903381,0.5623492002487183,0.6627056002616882,-0.09116052836179733,0.917645275592804,0.6201406717300415,0.6478284597396851,-0.00332241621799767,0.9996196031570435,0.5860691070556641,0.6489658355712891,0.0032416372559964657,0.9995744228363037,0.6156447529792786,0.7450636029243469,-0.01966521516442299,0.9537435173988342,0.5922232270240784,0.7459710836410522,-0.006180519238114357,0.9364134669303894,0.6091141104698181,0.8365750312805176,0.047766897827386856,0.969973623752594,0.5946570634841919,0.8348373770713806,0.07196490466594696,0.9416136741638184,0.6086252927780151,0.8501288890838623,0.04859498143196106,0.7527874708175659,0.5952627062797546,0.8470955491065979,0.07387691736221313,0.6391263008117676,0.6080320477485657,0.8662702441215515,-0.0466466099023819,0.9634587168693542,0.5872224569320679,0.8638358116149902,-0.016905687749385834,0.9422166347503662
262,0.601143479347229,0.485343873500824,-0.20774796605110168,0.9999872446060181,0.6050141453742981,0.47824063897132874,-0.19688786566257477,0.999959409236908,0.6072481274604797,0.47844579815864563,-0.19689486920833588,0.9999589323997498,0.6094400882720947,0.47869402170181274,-0.19689813256263733,0.9999613165855408,0.5979605913162231,0.47813087701797485,-0.19796568155288696,0.999959409236908,0.5955840349197388,0.478267639875412,-0.19798706471920013,0.9999606013298035,0.5934106707572937,0.4783914089202881,-0.19800114631652832,0.9999585151672363,0.6134210824966431,0.4831888675689697,-0.12093464285135269,0.9999052882194519,0.5908052921295166,0.4829830825328827,-0.12688128650188446,0.9999196529388428,0.6062331199645996,0.4941987693309784,-0.17852230370044708,0.999975323677063,0.5966452956199646,0.49406901001930237,-0.18030324578285217,0.9999732971191406,0.634708821773529,0.5377562046051025,-0.06456205993890762,0.9999589323997498,0.5737158060073853,0.5383089184761047,-0.06721924245357513,0.9999539256095886,0.6381689310073853,0.5961095690727234,-0.020898859947919846,0.9734878540039062,0.570426881313324,0.5977658033370972,-0.02729279361665249,0.9745667576789856,0.6421393752098083,0.6448438763618469,-0.0819317027926445,0.9559013247489929,0.5621072053909302,0.650996744632721,-0.0800839364528656,0.9592703580856323,0.6448600888252258,0.6614711880683899,-0.10009916126728058,0.9154412150382996,0.5585178136825562,0.6672888994216919,-0.0966755673289299,0.9245576858520508,0.6418742537498474,0.6607625484466553,-0.12293467670679092,0.9233677983283997,0.5605006217956543,0.6673518419265747,-0.12267149984836578,0.9298731684684753,0.6400554776191711,0.6566351652145386,-0.09231425821781158,0.908398449420929,0.5624786615371704,0.6624048352241516,-0.09141283482313156,0.9167372584342957,0.620195209980011,0.6478206515312195,-0.0029776995070278645,0.9996268153190613,0.5861108899116516,0.6489357352256775,0.00290022068656981,0.9995778203010559,0.6156744360923767,0.7455340623855591,-0.020042039453983307,0.954344630241394,0.5922037959098816,0.7463427782058716,-0.007635884918272495,0.9370540976524353,0.6091126203536987,0.8366703987121582,0.04795219004154205,0.970400869846344,0.5946295857429504,0.8348788619041443,0.07172089070081711,0.9419728517532349,0.6085785627365112,0.8502930402755737,0.048829931765794754,0.7556247115135193,0.5949892997741699,0.8471055626869202,0.0736987516283989,0.6386481523513794,0.608383059501648,0.8684699535369873,-0.04689577966928482,0.9638169407844543,0.5875265002250671,0.8642826080322266,-0.017171479761600494,0.9424536228179932
263,0.6019987463951111,0.4846290051937103,-0.21061521768569946,0.9999877214431763,0.6058627963066101,0.4775867760181427,-0.199810191988945,0.999960720539093,0.608025074005127,0.47784292697906494,-0.1998162716627121,0.9999604225158691,0.6102611422538757,0.47816652059555054,-0.19982104003429413,0.9999626278877258,0.5988496541976929,0.4772739112377167,-0.20100703835487366,0.9999603629112244,0.5963553190231323,0.47739920020103455,-0.2010304033756256,0.9999614357948303,0.594139575958252,0.4775727689266205,-0.20104461908340454,0.999959409236908,0.6140345335006714,0.48269030451774597,-0.12362520396709442,0.9999089241027832,0.5913308262825012,0.4821331799030304,-0.12994402647018433,0.9999211430549622,0.6067442893981934,0.49373093247413635,-0.18129128217697144,0.9999764561653137,0.5974148511886597,0.49334102869033813,-0.18309304118156433,0.9999741315841675,0.6348387002944946,0.5374258160591125,-0.06579037755727768,0.9999599456787109,0.573957085609436,0.5382224321365356,-0.06768558919429779,0.9999536275863647,0.6381580233573914,0.5960096716880798,-0.02089257910847664,0.9736290574073792,0.5703712701797485,0.5977613925933838,-0.03039572760462761,0.9747111201286316,0.6421289443969727,0.6451383829116821,-0.0816994458436966,0.9558026790618896,0.5621486306190491,0.6510919332504272,-0.08206544816493988,0.9591443538665771,0.6448537707328796,0.6618629693984985,-0.09997031092643738,0.9151570200920105,0.5586367845535278,0.66725754737854,-0.0996396616101265,0.9243608117103577,0.6418401598930359,0.6612070202827454,-0.12288524955511093,0.923099160194397,0.5607052445411682,0.6672990322113037,-0.12497682869434357,0.929692268371582,0.6400285959243774,0.6569948792457581,-0.09217042475938797,0.908058762550354,0.5625227093696594,0.662367582321167,-0.0931200161576271,0.9166227579116821,0.6205694675445557,0.6475681066513062,-0.0019245293224230409,0.9996330738067627,0.5862624049186707,0.6486137509346008,0.0018467400223016739,0.9995829463005066,0.6158738136291504,0.7455919981002808,-0.0190457571297884,0.9550692439079285,0.59220951795578,0.7463410496711731,-0.008760851807892323,0.9376639723777771,0.6091650128364563,0.8366402983665466,0.05127084627747536,0.9708699584007263,0.5944972038269043,0.8348560929298401,0.07178662717342377,0.9423434138298035,0.6085801124572754,0.8501020073890686,0.05232387036085129,0.7577107548713684,0.5946736931800842,0.8469440340995789,0.07393506169319153,0.6364461183547974,0.6087054014205933,0.8694895505905151,-0.043882548809051514,0.96419757604599,0.5875436067581177,0.8644947409629822,-0.01733092963695526,0.9427124857902527
264,0.6031290888786316,0.4837971031665802,-0.2161351889371872,0.9999878406524658,0.6069982051849365,0.47679924964904785,-0.20484666526317596,0.9999610185623169,0.6091151833534241,0.4771530032157898,-0.20485369861125946,0.9999609589576721,0.6114284992218018,0.4775581359863281,-0.20486295223236084,0.9999629855155945,0.6001973748207092,0.4762243926525116,-0.20674557983875275,0.9999602437019348,0.5976306200027466,0.4762844443321228,-0.2067735493183136,0.9999613165855408,0.59525066614151,0.47641828656196594,-0.2067946344614029,0.9999592304229736,0.6148844361305237,0.48215973377227783,-0.12783442437648773,0.9999103546142578,0.5923590064048767,0.48103561997413635,-0.13744449615478516,0.9999208450317383,0.6074375510215759,0.4931716322898865,-0.18664278090000153,0.9999769926071167,0.5983736515045166,0.49246424436569214,-0.1894134283065796,0.999974250793457,0.6349797248840332,0.5368221998214722,-0.06748697906732559,0.9999598860740662,0.5744454264640808,0.5381088852882385,-0.07887919247150421,0.9999522566795349,0.6381562948226929,0.5959102511405945,-0.021095627918839455,0.9735905528068542,0.5703638195991516,0.5976961851119995,-0.04050160199403763,0.9749323129653931,0.6421278119087219,0.6452130675315857,-0.08117837458848953,0.9552192687988281,0.5622689127922058,0.6510971188545227,-0.08854568749666214,0.9587065577507019,0.644862949848175,0.6620035767555237,-0.09869631379842758,0.9139607548713684,0.5594860315322876,0.6672283411026001,-0.10551460832357407,0.9234841465950012,0.6418355703353882,0.6613967418670654,-0.1219189465045929,0.9220032095909119,0.561996340751648,0.6672598719596863,-0.1302858591079712,0.9288638830184937,0.6400251388549805,0.657164454460144,-0.09170246869325638,0.9068610668182373,0.5635262131690979,0.6623330116271973,-0.09921492636203766,0.9157837629318237,0.6208410263061523,0.6471084356307983,-0.0006578597822226584,0.9996322393417358,0.5864403247833252,0.6480997204780579,0.0005774772725999355,0.9995819330215454,0.6161546111106873,0.7455903887748718,-0.017530307173728943,0.9551060199737549,0.59237140417099,0.7461346387863159,-0.010013530030846596,0.9375842809677124,0.6092573404312134,0.8366424441337585,0.05119417980313301,0.9708702564239502,0.5943667888641357,0.8348597288131714,0.0701649934053421,0.9418805837631226,0.6085813641548157,0.8500739336013794,0.05204102024435997,0.7575986981391907,0.5943498611450195,0.8469299077987671,0.07230756431818008,0.6312732696533203,0.6091489791870117,0.8695123195648193,-0.04424898698925972,0.9639665484428406,0.5875491499900818,0.8649054169654846,-0.020906513556838036,0.9420510530471802
265,0.6044393181800842,0.483428418636322,-0.2139119654893875,0.9999881386756897,0.6080273985862732,0.47644737362861633,-0.20239472389221191,0.9999618530273438,0.6101380586624146,0.476813942193985,-0.20240142941474915,0.9999619722366333,0.6124659180641174,0.4772116243839264,-0.20241081714630127,0.9999638199806213,0.601463794708252,0.4757556915283203,-0.20450976490974426,0.999960720539093,0.5989702343940735,0.47576484084129333,-0.20453478395938873,0.999961793422699,0.596513032913208,0.47585782408714294,-0.20454980432987213,0.9999596476554871,0.6156046986579895,0.4817085266113281,-0.12524457275867462,0.999913215637207,0.5935226082801819,0.48059365153312683,-0.1357988864183426,0.9999217391014099,0.6083444952964783,0.49280765652656555,-0.1843840777873993,0.9999778866767883,0.5997475385665894,0.49202486872673035,-0.1874716728925705,0.99997478723526,0.6353176832199097,0.5363464951515198,-0.06590225547552109,0.9999610185623169,0.5749498009681702,0.5380244255065918,-0.07851126044988632,0.9999512434005737,0.6386434435844421,0.5949521660804749,-0.01838018000125885,0.9739964604377747,0.5703753232955933,0.5976301431655884,-0.0401068814098835,0.975364625453949,0.6423622369766235,0.6450185179710388,-0.07642966508865356,0.9558128714561462,0.5628342628479004,0.6510319113731384,-0.08884905278682709,0.9590871334075928,0.6452516317367554,0.6618331670761108,-0.09325350821018219,0.9148418307304382,0.5610510110855103,0.666856050491333,-0.10613660514354706,0.9240063428878784,0.6421762704849243,0.6612846851348877,-0.11684037744998932,0.9227882623672485,0.5636507272720337,0.6666889190673828,-0.13056457042694092,0.9293256998062134,0.6402524709701538,0.6571033000946045,-0.08703247457742691,0.9077699780464172,0.5649673342704773,0.6618959903717041,-0.09940070658922195,0.9163091778755188,0.6212948560714722,0.6468428373336792,-0.0007309404900297523,0.9996368885040283,0.5867450833320618,0.6476182341575623,0.0006529918173328042,0.9995825886726379,0.6162612438201904,0.7455912828445435,-0.017860541120171547,0.9552972912788391,0.5924046635627747,0.7451099753379822,-0.010624497197568417,0.9373394846916199,0.6093007922172546,0.836662769317627,0.05185927823185921,0.9707886576652527,0.5943490266799927,0.834701418876648,0.07018456608057022,0.9415924549102783,0.6085942983627319,0.8498645424842834,0.05301060155034065,0.7557407021522522,0.5943456292152405,0.846598207950592,0.07240021973848343,0.6281480193138123,0.6091192364692688,0.8705763220787048,-0.0429980643093586,0.9636691808700562,0.5875492095947266,0.8650107383728027,-0.020848561078310013,0.9416408538818359
266,0.6056538224220276,0.48313385248184204,-0.21868984401226044,0.9999885559082031,0.6090908050537109,0.47609126567840576,-0.20739798247814178,0.9999632835388184,0.6112391352653503,0.4764302670955658,-0.20740555226802826,0.9999635219573975,0.6135267615318298,0.47679826617240906,-0.2074177861213684,0.999965250492096,0.6027002334594727,0.47547441720962524,-0.20952467620372772,0.9999618530273438,0.6002933979034424,0.4755017161369324,-0.20954924821853638,0.9999628067016602,0.5978104472160339,0.4756186604499817,-0.209563210606575,0.9999606609344482,0.6166613101959229,0.48139289021492004,-0.12944476306438446,0.9999172687530518,0.5947993397712708,0.48047012090682983,-0.1401049643754959,0.999923825263977,0.6094180345535278,0.4925858974456787,-0.18869777023792267,0.9999789595603943,0.6011114716529846,0.4918154776096344,-0.1918199062347412,0.9999756217002869,0.6361594796180725,0.5360189080238342,-0.06818115711212158,0.9999620318412781,0.5757340788841248,0.5378933548927307,-0.08122214674949646,0.9999508857727051,0.6393224596977234,0.5948280692100525,-0.01893680915236473,0.9740899205207825,0.5706793069839478,0.5970456600189209,-0.04221292957663536,0.9753947854042053,0.6428162455558777,0.6451220512390137,-0.07669265568256378,0.9556875228881836,0.5637643337249756,0.6498558521270752,-0.09255317598581314,0.9586665630340576,0.6458917856216431,0.6618752479553223,-0.09327097982168198,0.9145711660385132,0.5622286200523376,0.6657013893127441,-0.10971936583518982,0.9233412146568298,0.6430298089981079,0.6613947153091431,-0.11708858609199524,0.9225542545318604,0.5644654035568237,0.6654757261276245,-0.1346403807401657,0.9287081360816956,0.6409862637519836,0.6572365164756775,-0.08732675015926361,0.9075542688369751,0.5658227205276489,0.6608340740203857,-0.10335366427898407,0.9156485795974731,0.6215921640396118,0.6467713117599487,-0.000739609997253865,0.9996426701545715,0.5869693756103516,0.6473435163497925,0.0006607273244298995,0.9995852112770081,0.6163877844810486,0.7458483576774597,-0.018116433173418045,0.955607533454895,0.5923975706100464,0.7452746033668518,-0.010393550619482994,0.9378269910812378,0.6093949675559998,0.8369655609130859,0.053651392459869385,0.9711036682128906,0.5943350791931152,0.8351230621337891,0.0718739852309227,0.9421340227127075,0.6086104512214661,0.8504002094268799,0.05494508892297745,0.7569374442100525,0.5943728685379028,0.847272515296936,0.07436929643154144,0.6279672384262085,0.6092232465744019,0.8715985417366028,-0.041352275758981705,0.9639284014701843,0.5875517725944519,0.8654071092605591,-0.019337346777319908,0.942073404788971
267,0.6060830950737,0.4831618070602417,-0.21580319106578827,0.9999885559082031,0.6095884442329407,0.4760627746582031,-0.20465323328971863,0.9999632239341736,0.6117531061172485,0.4763827919960022,-0.2046635001897812,0.9999637007713318,0.6140322089195251,0.4767262637615204,-0.20467248558998108,0.9999653697013855,0.6031209826469421,0.47551634907722473,-0.2062671035528183,0.999961256980896,0.6006280779838562,0.47556644678115845,-0.20628972351551056,0.9999620914459229,0.5982308387756348,0.4756893515586853,-0.20630885660648346,0.9999599456787109,0.6172505021095276,0.4813108742237091,-0.12760989367961884,0.9999182224273682,0.5952947735786438,0.4804992973804474,-0.1356501579284668,0.9999220967292786,0.6100302338600159,0.4925881028175354,-0.1861598789691925,0.9999793171882629,0.6015729904174805,0.4918530285358429,-0.18856078386306763,0.9999754428863525,0.6375992894172668,0.5360220074653625,-0.06764485687017441,0.9999623894691467,0.5765465497970581,0.5377691388130188,-0.07809293270111084,0.9999490976333618,0.6402567625045776,0.5948899388313293,-0.019181929528713226,0.9739673733711243,0.5712329149246216,0.5967981219291687,-0.03962274640798569,0.9747822880744934,0.643598735332489,0.645100474357605,-0.07693164050579071,0.9553482532501221,0.5651422142982483,0.6482213139533997,-0.09140408039093018,0.9575597047805786,0.6469206809997559,0.6618748307228088,-0.09344110637903214,0.9143298268318176,0.5634686946868896,0.6643670797348022,-0.1089005097746849,0.9218252301216125,0.6441308856010437,0.6613920331001282,-0.11731918156147003,0.9222967624664307,0.5656145811080933,0.6639200448989868,-0.1337633728981018,0.9273144006729126,0.6420071721076965,0.6572348475456238,-0.08756822347640991,0.9072282910346985,0.5672061443328857,0.659426212310791,-0.10229716449975967,0.9141263961791992,0.6223530173301697,0.64744633436203,-0.0007736798725090921,0.9996432662010193,0.587577223777771,0.6475518941879272,0.0006938338046893477,0.9995811581611633,0.616608202457428,0.7464842796325684,-0.016821950674057007,0.9565356373786926,0.5923453569412231,0.7459955811500549,-0.009635149501264095,0.9393416047096252,0.6095038652420044,0.8370272517204285,0.05705461651086807,0.9718294143676758,0.5943230986595154,0.8350678086280823,0.07463476806879044,0.9433185458183289,0.6086611151695251,0.8501553535461426,0.05844060704112053,0.7592470645904541,0.5943794250488281,0.8469697833061218,0.07737773656845093,0.6305031180381775,0.6091439127922058,0.8714572787284851,-0.03803921863436699,0.9646130800247192,0.587700366973877,0.8653209805488586,-0.0148017518222332,0.9431744813919067
268,0.6072088479995728,0.4831698536872864,-0.21808330714702606,0.9999884963035583,0.6106718182563782,0.4760584235191345,-0.20709747076034546,0.9999628067016602,0.6128582954406738,0.4763750731945038,-0.2071075439453125,0.9999635219573975,0.6150770783424377,0.47670987248420715,-0.20711496472358704,0.9999651908874512,0.604098379611969,0.4755452275276184,-0.20834432542324066,0.99996018409729,0.6015339493751526,0.475607693195343,-0.20836791396141052,0.9999610185623169,0.5990554094314575,0.4757413864135742,-0.20839262008666992,0.9999588131904602,0.6181713342666626,0.48132598400115967,-0.13120561838150024,0.9999181032180786,0.5960401892662048,0.48055902123451233,-0.13733087480068207,0.9999191761016846,0.6110943555831909,0.49259960651397705,-0.18888337910175323,0.9999796152114868,0.6026190519332886,0.49189120531082153,-0.19075003266334534,0.9999751448631287,0.6390913128852844,0.5366676449775696,-0.07240844517946243,0.9999626874923706,0.5775304436683655,0.537763774394989,-0.08058823645114899,0.9999474883079529,0.6417253613471985,0.5964319109916687,-0.0244766678661108,0.9740199446678162,0.5722677111625671,0.5967687964439392,-0.04154948517680168,0.9740841388702393,0.6446826457977295,0.6469305157661438,-0.0814555212855339,0.9549675583839417,0.5665608644485474,0.6479582190513611,-0.09287234395742416,0.9564154744148254,0.6477915644645691,0.6630215644836426,-0.09799440205097198,0.9139577150344849,0.5651268362998962,0.6641756296157837,-0.11011280864477158,0.9203435182571411,0.6448935270309448,0.6626662611961365,-0.121567003428936,0.9219176173210144,0.5669873356819153,0.6636734008789062,-0.13542352616786957,0.9259274005889893,0.6428284645080566,0.6584280729293823,-0.09185943007469177,0.906807541847229,0.5685659646987915,0.6591010093688965,-0.10393425077199936,0.912596583366394,0.6232872605323792,0.6483805179595947,-0.0007654451765120029,0.9996474385261536,0.5881693959236145,0.6481837034225464,0.0006805431912653148,0.9995802044868469,0.6170322299003601,0.7471402883529663,-0.015506035648286343,0.9574295878410339,0.5924273729324341,0.7462505102157593,-0.006859908811748028,0.9406869411468506,0.6095280647277832,0.8374396562576294,0.06389111280441284,0.9726137518882751,0.5943088531494141,0.8342556953430176,0.08414904773235321,0.9444808959960938,0.6087163686752319,0.8501790761947632,0.06581946462392807,0.7623674869537354,0.5944256782531738,0.8453245759010315,0.08770296722650528,0.6332478523254395,0.6089604496955872,0.8712596297264099,-0.030174989253282547,0.9653907418251038,0.5878872871398926,0.8645020127296448,-0.0029057092033326626,0.9444059133529663
269,0.6076763868331909,0.4831274747848511,-0.21894405782222748,0.9999887943267822,0.6111261248588562,0.4759661555290222,-0.20805758237838745,0.9999633431434631,0.6132827997207642,0.47625261545181274,-0.20806288719177246,0.9999642372131348,0.6155288219451904,0.47654712200164795,-0.2080664187669754,0.9999657869338989,0.6044831871986389,0.47554928064346313,-0.20918956398963928,0.99996018409729,0.6018891334533691,0.47563931345939636,-0.20921215415000916,0.9999609589576721,0.5994415283203125,0.4757837951183319,-0.20923487842082977,0.9999586343765259,0.6185296773910522,0.48111632466316223,-0.1321956217288971,0.9999196529388428,0.5965163111686707,0.48059967160224915,-0.13777190446853638,0.9999181628227234,0.6116153001785278,0.49247491359710693,-0.18971052765846252,0.9999803900718689,0.6031568050384521,0.49187636375427246,-0.1914152204990387,0.9999756217002869,0.6401504874229431,0.5368916988372803,-0.07301052659749985,0.9999644160270691,0.5784593224525452,0.5377602577209473,-0.08097957819700241,0.9999476075172424,0.6425261497497559,0.5969841480255127,-0.024993713945150375,0.9748825430870056,0.5731232166290283,0.5966314673423767,-0.04138944298028946,0.9739280939102173,0.6462365984916687,0.6479331851005554,-0.08350196480751038,0.9563661813735962,0.5682184100151062,0.6479297876358032,-0.09268701076507568,0.9562247395515442,0.6491442918777466,0.6642157435417175,-0.10054347664117813,0.9163290858268738,0.5671430826187134,0.6640653014183044,-0.10990021377801895,0.9201663732528687,0.646262526512146,0.6640435457229614,-0.12419843673706055,0.9240900874137878,0.569033682346344,0.6635024547576904,-0.13532273471355438,0.9257445335388184,0.6441713571548462,0.6596632599830627,-0.0939217209815979,0.9092533588409424,0.5705215334892273,0.6589342355728149,-0.10375197231769562,0.9123374819755554,0.6243902444839478,0.6485631465911865,-0.0003085742355324328,0.9996589422225952,0.5890225768089294,0.6482232213020325,0.00021142889454495162,0.9995889067649841,0.6180490851402283,0.7472272515296936,-0.015229777432978153,0.958798885345459,0.5934072136878967,0.7455068826675415,-0.006896494887769222,0.9423860907554626,0.6096426248550415,0.8374335765838623,0.07489066570997238,0.9735391139984131,0.5942602157592773,0.8323617577552795,0.09249945729970932,0.9461489915847778,0.6087169051170349,0.8491356372833252,0.07797229290008545,0.7662171721458435,0.5944014191627502,0.8409641981124878,0.0970233678817749,0.6373081207275391,0.608873724937439,0.8712261319160461,-0.018356595188379288,0.9663626551628113,0.5879056453704834,0.8643704056739807,0.005369869060814381,0.9461634755134583
270,0.6088295578956604,0.48267683386802673,-0.22485500574111938,0.9999891519546509,0.612333357334137,0.47572243213653564,-0.21387198567390442,0.9999642372131348,0.614604115486145,0.47602978348731995,-0.21387016773223877,0.999965250492096,0.6168249249458313,0.47635504603385925,-0.21387413144111633,0.9999667406082153,0.6055667996406555,0.4752582609653473,-0.21544481813907623,0.999960720539093,0.6030246019363403,0.4753437638282776,-0.21546879410743713,0.9999615550041199,0.6004573106765747,0.4754912853240967,-0.21548788249492645,0.9999591112136841,0.6195331811904907,0.48101869225502014,-0.13844111561775208,0.9999218583106995,0.5974013805389404,0.48044392466545105,-0.14623989164829254,0.9999188184738159,0.6125566363334656,0.4920956790447235,-0.19587339460849762,0.9999812841415405,0.6041457056999207,0.4914671778678894,-0.19820930063724518,0.9999763369560242,0.6406957507133484,0.5370752811431885,-0.07817269116640091,0.9999658465385437,0.5790284872055054,0.5374966263771057,-0.08960344642400742,0.9999476075172424,0.6432724595069885,0.5972704887390137,-0.026703791692852974,0.9754589796066284,0.57403564453125,0.5961621999740601,-0.04756680876016617,0.9736661911010742,0.6477125287055969,0.6489720940589905,-0.08314785361289978,0.9568848013877869,0.5692393779754639,0.6477254629135132,-0.09427465498447418,0.9552969932556152,0.6504650712013245,0.6650428175926208,-0.10012577474117279,0.917147696018219,0.5680875778198242,0.664034366607666,-0.11084606498479843,0.9187816381454468,0.6476973295211792,0.665008544921875,-0.12375546991825104,0.9248893857002258,0.5702751874923706,0.6633919477462769,-0.13617298007011414,0.9244392514228821,0.645646333694458,0.6604984402656555,-0.09359955042600632,0.9102814793586731,0.5717924237251282,0.6588049530982971,-0.10520447790622711,0.9109402298927307,0.6249717473983765,0.6483128666877747,0.0005381956580094993,0.9996703267097473,0.5899414420127869,0.6479640603065491,-0.0006516007124446332,0.9995960593223572,0.6188951730728149,0.7464538216590881,-0.015473767183721066,0.9593721032142639,0.5945978164672852,0.7433470487594604,-0.007025305647403002,0.9425184726715088,0.6097660064697266,0.836783230304718,0.07059435546398163,0.9738751649856567,0.594250500202179,0.8293285369873047,0.09280946105718613,0.9460550546646118,0.6087186336517334,0.8467158675193787,0.0732346773147583,0.7643336653709412,0.5944864153862,0.8364226222038269,0.09735478460788727,0.6338810920715332,0.6088391542434692,0.8704549670219421,-0.02298053912818432,0.9665228128433228,0.5880568623542786,0.8621764183044434,0.006876228842884302,0.9464824199676514
271,0.6096271872520447,0.4818105399608612,-0.2319238781929016,0.9999895095825195,0.61309415102005,0.475239098072052,-0.22059443593025208,0.9999651312828064,0.6153593063354492,0.4755300283432007,-0.22059129178524017,0.9999663233757019,0.6176009774208069,0.47587472200393677,-0.22059737145900726,0.9999676942825317,0.606462836265564,0.474797785282135,-0.22263655066490173,0.9999613165855408,0.6039132475852966,0.47489142417907715,-0.222664013504982,0.9999622702598572,0.601238489151001,0.47503289580345154,-0.22268354892730713,0.9999597072601318,0.6203073263168335,0.4807186722755432,-0.1444191038608551,0.9999237656593323,0.598234236240387,0.48021185398101807,-0.1542109102010727,0.9999194145202637,0.6132997274398804,0.49155786633491516,-0.20275713503360748,0.9999821186065674,0.6049496531486511,0.49096038937568665,-0.20567519962787628,0.9999769926071167,0.641098141670227,0.5371647477149963,-0.08327636867761612,0.9999672770500183,0.5794306993484497,0.537305474281311,-0.09843037277460098,0.9999472498893738,0.6439948678016663,0.5974283814430237,-0.03223999962210655,0.9759079217910767,0.5752426385879517,0.5960114598274231,-0.05772242695093155,0.9735233783721924,0.6486837267875671,0.6488119959831238,-0.08770953863859177,0.9573809504508972,0.5701895952224731,0.6479935050010681,-0.10336441546678543,0.954770565032959,0.6517592072486877,0.6649369597434998,-0.10366425663232803,0.9178780913352966,0.5686517357826233,0.6644139885902405,-0.12013184279203415,0.9179949760437012,0.649014949798584,0.6648523807525635,-0.12752538919448853,0.9256572723388672,0.5706972479820251,0.6639924049377441,-0.14523646235466003,0.9237143993377686,0.6467645764350891,0.6603785753250122,-0.09818599373102188,0.9112074375152588,0.5722953081130981,0.659185528755188,-0.1141759529709816,0.910125732421875,0.6254339814186096,0.6477818489074707,0.0012714727781713009,0.9996857643127441,0.5904592275619507,0.6472333073616028,-0.0013962088851258159,0.9996086359024048,0.6194251775741577,0.744356632232666,-0.015760796144604683,0.960602343082428,0.5960771441459656,0.7388351559638977,-0.007164000067859888,0.9433516263961792,0.6102207899093628,0.8357138633728027,0.07375828176736832,0.97480708360672,0.5943621397018433,0.8265584111213684,0.09892594069242477,0.9471557140350342,0.6087687015533447,0.8444092273712158,0.07691384106874466,0.7664451599121094,0.594734787940979,0.8320901989936829,0.10424001514911652,0.6338838934898376,0.6090902090072632,0.8703275918960571,-0.0188615545630455,0.9675217866897583,0.5885159969329834,0.8606226444244385,0.0149257006123662,0.9479314684867859
272,0.6100307106971741,0.4810303747653961,-0.239690363407135,0.9999901056289673,0.6136380434036255,0.4747377038002014,-0.22867728769779205,0.9999669194221497,0.6159303784370422,0.4749976098537445,-0.2286716103553772,0.9999681115150452,0.6181917190551758,0.4753369688987732,-0.22867895662784576,0.9999693632125854,0.6069207191467285,0.4742317795753479,-0.2299843579530716,0.9999632239341736,0.6043102741241455,0.474251925945282,-0.23001201450824738,0.9999642372131348,0.601640522480011,0.4743208587169647,-0.2300242930650711,0.9999616742134094,0.6208141446113586,0.48018738627433777,-0.15353922545909882,0.9999277591705322,0.5987061858177185,0.4796685576438904,-0.1599702388048172,0.9999231100082397,0.6137028932571411,0.49100327491760254,-0.21087540686130524,0.9999832510948181,0.6051589846611023,0.490309476852417,-0.21283745765686035,0.999978244304657,0.6415137648582458,0.5370102524757385,-0.09359357506036758,0.999968945980072,0.5795601606369019,0.537040650844574,-0.10107120871543884,0.9999486207962036,0.6447749733924866,0.5974135994911194,-0.041917767375707626,0.9768059253692627,0.5757705569267273,0.5959219336509705,-0.05936221033334732,0.9734388589859009,0.650114119052887,0.6489318609237671,-0.09345372766256332,0.9578548073768616,0.5702924132347107,0.64913409948349,-0.1058885008096695,0.9544515609741211,0.6531496047973633,0.66490638256073,-0.10852944105863571,0.9184756875038147,0.5689347982406616,0.6652779579162598,-0.12211775034666061,0.9174260497093201,0.6502680778503418,0.6648285388946533,-0.13217513263225555,0.9262497425079346,0.5712246298789978,0.6649295091629028,-0.14727607369422913,0.9231614470481873,0.6479111313819885,0.6604191064834595,-0.10363366454839706,0.9120754599571228,0.572769045829773,0.6599680781364441,-0.11670396476984024,0.9096047282218933,0.6257993578910828,0.6470908522605896,-5.25808218299062e-06,0.9997023940086365,0.5905813574790955,0.6463767290115356,-0.00013195254723541439,0.9996240139007568,0.6195854544639587,0.7423015236854553,-0.021301615983247757,0.9619385600090027,0.5965122580528259,0.7362751364707947,-0.004970442969352007,0.9444197416305542,0.6107667684555054,0.8352091312408447,0.06828177720308304,0.9756758809089661,0.5945656299591064,0.8249738216400146,0.10307472944259644,0.9482357501983643,0.6090406775474548,0.8442849516868591,0.071747325360775,0.7681453824043274,0.5955942869186401,0.8311893939971924,0.10843061655759811,0.6380025148391724,0.6093316674232483,0.8700913190841675,-0.019830917939543724,0.9684135317802429,0.5884572863578796,0.8594098091125488,0.02258986607193947,0.9492663741111755
273,0.6109451055526733,0.4806612730026245,-0.2381659299135208,0.9999905824661255,0.614507794380188,0.4744434058666229,-0.22684110701084137,0.9999682903289795,0.616844654083252,0.47471654415130615,-0.226841002702713,0.999969482421875,0.6190498471260071,0.47508788108825684,-0.22684893012046814,0.999970555305481,0.6077577471733093,0.47384321689605713,-0.2283409982919693,0.999964714050293,0.6051009893417358,0.4738271236419678,-0.22836832702159882,0.9999657869338989,0.6023463010787964,0.4738209545612335,-0.228384330868721,0.9999632835388184,0.6214891076087952,0.4800124764442444,-0.15039260685443878,0.9999305009841919,0.5992128252983093,0.4791390001773834,-0.15793614089488983,0.9999260902404785,0.6143935918807983,0.4907100200653076,-0.20886044204235077,0.9999841451644897,0.6058716177940369,0.48991575837135315,-0.21114912629127502,0.9999792575836182,0.6418666839599609,0.536552369594574,-0.09048352390527725,0.9999702572822571,0.5797175168991089,0.5357656478881836,-0.09879128634929657,0.9999498724937439,0.6455314755439758,0.5973747372627258,-0.04048822447657585,0.977508008480072,0.5759150385856628,0.5959041118621826,-0.058545246720314026,0.9730896353721619,0.6510606408119202,0.648952305316925,-0.09640185534954071,0.9582139849662781,0.5700753927230835,0.6496620774269104,-0.10856810212135315,0.9542827010154724,0.653967559337616,0.6650543808937073,-0.11267578601837158,0.9190229177474976,0.5685369968414307,0.6654824018478394,-0.12544900178909302,0.9173186421394348,0.6510635614395142,0.6649330258369446,-0.1364319622516632,0.9268101453781128,0.5708776712417603,0.6652385592460632,-0.15108515322208405,0.9230762124061584,0.6487684845924377,0.6605153679847717,-0.10679379850625992,0.9128432273864746,0.5724923610687256,0.6602910757064819,-0.11956379562616348,0.909496009349823,0.6261228919029236,0.6468840837478638,-0.0003277543873991817,0.9997143149375916,0.5908243656158447,0.6460734009742737,0.0001908162812469527,0.9996335506439209,0.619858980178833,0.7418771386146545,-0.02210884727537632,0.9622918367385864,0.5971107482910156,0.7359849214553833,-0.004128417931497097,0.9433950781822205,0.6109018325805664,0.8352081179618835,0.06703376024961472,0.9758924841880798,0.5954196453094482,0.8252142667770386,0.10190915316343307,0.9480392336845398,0.6091917157173157,0.8445296287536621,0.07060706615447998,0.7674937844276428,0.5970759987831116,0.8324246406555176,0.10691673308610916,0.6392601728439331,0.6093213558197021,0.8691703081130981,-0.021018262952566147,0.9685036540031433,0.5889906883239746,0.8588963747024536,0.019782613962888718,0.9495386481285095
274,0.6110004186630249,0.48022356629371643,-0.24241426587104797,0.9999909996986389,0.6147210001945496,0.4739607870578766,-0.23139946162700653,0.9999694228172302,0.6171034574508667,0.47422507405281067,-0.2314033955335617,0.9999706149101257,0.6193970441818237,0.4745963215827942,-0.23141483962535858,0.9999715685844421,0.6077989339828491,0.4733307361602783,-0.23240026831626892,0.9999659657478333,0.605076789855957,0.4732818901538849,-0.23243017494678497,0.9999670386314392,0.6023163795471191,0.4732692539691925,-0.23245061933994293,0.9999645948410034,0.6220898628234863,0.479524701833725,-0.15496963262557983,0.999933123588562,0.5993223786354065,0.4787440896034241,-0.160373255610466,0.9999285340309143,0.6146546602249146,0.4904884397983551,-0.21300125122070312,0.999984860420227,0.6059849858283997,0.489698588848114,-0.21465964615345,0.999980092048645,0.6423957943916321,0.5359558463096619,-0.09448849409818649,0.9999712705612183,0.579904317855835,0.5349010229110718,-0.09974852949380875,0.9999507665634155,0.6460347175598145,0.5969712734222412,-0.04589516669511795,0.9782142639160156,0.5760480761528015,0.595903754234314,-0.06040723994374275,0.9726704359054565,0.6516396999359131,0.6489522457122803,-0.10371949523687363,0.9588698148727417,0.5698857307434082,0.6496556401252747,-0.11283180117607117,0.9543992280960083,0.654631495475769,0.6652024984359741,-0.12058049440383911,0.9201803803443909,0.5684343576431274,0.6654443144798279,-0.1298847645521164,0.9176092743873596,0.6519180536270142,0.6650895476341248,-0.14458100497722626,0.9279105067253113,0.5706479549407959,0.6652054190635681,-0.15584784746170044,0.923392653465271,0.6497236490249634,0.6606634259223938,-0.11427044123411179,0.9142705202102661,0.5722066760063171,0.6602743864059448,-0.12398398667573929,0.9099295139312744,0.626115620136261,0.6467244625091553,-0.0015311624156311154,0.9997199177742004,0.590876042842865,0.6458369493484497,0.0013985122786834836,0.9996355175971985,0.6199429631233215,0.7419307827949524,-0.022128118202090263,0.96174156665802,0.5974205732345581,0.7367408871650696,-0.003766582580283284,0.9411547780036926,0.6109846234321594,0.8352265954017639,0.06665296852588654,0.9754883050918579,0.5966189503669739,0.8257662057876587,0.09777500480413437,0.9467036724090576,0.6093761324882507,0.844697117805481,0.07038648426532745,0.7633011937141418,0.5983285903930664,0.8335811495780945,0.10230430215597153,0.6383216381072998,0.6092284321784973,0.868502676486969,-0.023157833144068718,0.9677601456642151,0.5905230045318604,0.8585686087608337,0.01413038931787014,0.948697030544281
275,0.6109763383865356,0.4790448546409607,-0.24470484256744385,0.9999912977218628,0.6147029399871826,0.4726329743862152,-0.2339314967393875,0.9999703168869019,0.6170641183853149,0.47279879450798035,-0.23394112288951874,0.9999715089797974,0.619450032711029,0.4730188846588135,-0.23395982384681702,0.999972403049469,0.6076536774635315,0.47226035594940186,-0.23456372320652008,0.9999668598175049,0.6049093008041382,0.47231513261795044,-0.23459717631340027,0.9999679327011108,0.602210283279419,0.47241711616516113,-0.2346203476190567,0.999965488910675,0.6222245693206787,0.47783657908439636,-0.15819187462329865,0.9999357461929321,0.5993452072143555,0.4782801568508148,-0.16175886988639832,0.9999303817749023,0.6148976683616638,0.4895543158054352,-0.21551041305065155,0.99998539686203,0.6060832142829895,0.48910167813301086,-0.2166283279657364,0.999980628490448,0.6431301236152649,0.5353882312774658,-0.09723292291164398,0.9999715089797974,0.5804233551025391,0.5345025062561035,-0.10077645629644394,0.9999508261680603,0.6468855738639832,0.5967316031455994,-0.050338014960289,0.9789402484893799,0.5761374235153198,0.5959059596061707,-0.06112273782491684,0.9721531271934509,0.6527029275894165,0.6495264172554016,-0.10817838460206985,0.9595052003860474,0.5695703029632568,0.649673342704773,-0.1135425791144371,0.9542739391326904,0.655529260635376,0.6657814979553223,-0.12500441074371338,0.921138346195221,0.5672772526741028,0.6654688119888306,-0.1303134709596634,0.9174023866653442,0.652673065662384,0.6655761003494263,-0.14918215572834015,0.9288217425346375,0.5697116851806641,0.6653015613555908,-0.1566050946712494,0.9233020544052124,0.6505738496780396,0.6610439419746399,-0.11880779266357422,0.9155416488647461,0.5715134739875793,0.6603559255599976,-0.12492057681083679,0.9100850820541382,0.626090407371521,0.646567702293396,-0.0021435560192912817,0.9997142553329468,0.5908524990081787,0.6456154584884644,0.0020200794097036123,0.9996287226676941,0.6200029253959656,0.7419142127037048,-0.022674238309264183,0.9599819183349609,0.5977292060852051,0.7372317314147949,-0.0039822873659431934,0.937723696231842,0.6109055876731873,0.8363578915596008,0.05840836465358734,0.9740961790084839,0.5986368060112,0.8268917798995972,0.08486700803041458,0.9442633390426636,0.6093283891677856,0.8470726609230042,0.06051703914999962,0.756896436214447,0.6001157760620117,0.8378186821937561,0.08799980580806732,0.6355671286582947,0.6094074249267578,0.8684478998184204,-0.032613255083560944,0.9656882882118225,0.5923928022384644,0.8586402535438538,-0.0015206588432192802,0.9463636875152588
276,0.6110610365867615,0.4787885546684265,-0.24022671580314636,0.9999912977218628,0.614799976348877,0.4723488986492157,-0.23014715313911438,0.9999703168869019,0.6171298027038574,0.47252315282821655,-0.23018695414066315,0.9999715089797974,0.6195540428161621,0.47270461916923523,-0.23022311925888062,0.9999722838401794,0.6075893044471741,0.47192052006721497,-0.23037980496883392,0.9999670386314392,0.6048111915588379,0.471952885389328,-0.23042523860931396,0.9999681115150452,0.6021673083305359,0.4720538258552551,-0.23046454787254333,0.9999656081199646,0.6223856210708618,0.47729143500328064,-0.15777429938316345,0.9999366402626038,0.599299430847168,0.4779171347618103,-0.1592409610748291,0.9999315738677979,0.615171492099762,0.48921653628349304,-0.2114734947681427,0.9999855160713196,0.6061946153640747,0.4888778030872345,-0.21224834024906158,0.9999807476997375,0.6436153650283813,0.535191535949707,-0.09269597381353378,0.9999700784683228,0.5806113481521606,0.534095287322998,-0.09883822500705719,0.9999509453773499,0.6474798917770386,0.5967271327972412,-0.04559914022684097,0.9793206453323364,0.5760223865509033,0.5959694981575012,-0.059910573065280914,0.9716494083404541,0.6532540917396545,0.6500180959701538,-0.09822995960712433,0.9596102833747864,0.568443238735199,0.6500645279884338,-0.11125541478395462,0.9538573026657104,0.6560729146003723,0.6663690805435181,-0.11288980394601822,0.9212596416473389,0.5652399063110352,0.6660003662109375,-0.12915821373462677,0.9167890548706055,0.6532856822013855,0.6660491824150085,-0.1361502856016159,0.9289407134056091,0.5678552389144897,0.6662025451660156,-0.15560463070869446,0.9228069186210632,0.6512140035629272,0.6613729000091553,-0.10834552347660065,0.9159365296363831,0.5697908997535706,0.6611728668212891,-0.12261597067117691,0.9099715352058411,0.6262297630310059,0.6466473340988159,-0.0021153255365788937,0.9996848702430725,0.5908460021018982,0.6456394195556641,0.0019949867855757475,0.9996047616004944,0.6199864745140076,0.7419332265853882,-0.0235257837921381,0.9553537964820862,0.5977238416671753,0.7374369502067566,-0.0160576980561018,0.9302578568458557,0.6101831197738647,0.8371446132659912,0.04251484200358391,0.9698078036308289,0.6005306839942932,0.8332696557044983,0.05571494996547699,0.9379774928092957,0.6082778573036194,0.8500093817710876,0.04284381866455078,0.7432690262794495,0.6015331745147705,0.8471353650093079,0.057221669703722,0.626255452632904,0.6094045639038086,0.8680375814437866,-0.048019591718912125,0.960021436214447,0.5933620929718018,0.8600752353668213,-0.03371342271566391,0.9402776956558228
277,0.6110233068466187,0.47722432017326355,-0.2445126324892044,0.9999911189079285,0.6148672103881836,0.4706382155418396,-0.23378947377204895,0.9999698400497437,0.6171767711639404,0.47084662318229675,-0.2338120937347412,0.9999710917472839,0.619680643081665,0.47105759382247925,-0.23384281992912292,0.999971866607666,0.6074809432029724,0.47022706270217896,-0.23443461954593658,0.9999668002128601,0.6046962738037109,0.4703730642795563,-0.2344726026058197,0.9999677538871765,0.6020808219909668,0.4706157445907593,-0.234505295753479,0.999965250492096,0.6227198243141174,0.4758475422859192,-0.1581525057554245,0.9999372363090515,0.599238932132721,0.47703489661216736,-0.1615782082080841,0.9999318718910217,0.615456223487854,0.48813512921333313,-0.21498852968215942,0.9999854564666748,0.6062171459197998,0.48783591389656067,-0.2161245048046112,0.9999805688858032,0.6445056200027466,0.5351063013076782,-0.09397999197244644,0.9999671578407288,0.5807387232780457,0.533497154712677,-0.10003429651260376,0.9999503493309021,0.6479597091674805,0.5966675877571106,-0.04419555142521858,0.9791765809059143,0.5759516954421997,0.5959777235984802,-0.05943293124437332,0.970405638217926,0.6538034677505493,0.6499815583229065,-0.09766674041748047,0.9578943848609924,0.5673613548278809,0.6507124900817871,-0.11149957776069641,0.9519774913787842,0.6565189361572266,0.6663597822189331,-0.11118809878826141,0.9185616374015808,0.5634247064590454,0.6668998003005981,-0.12857407331466675,0.9138545989990234,0.6537465453147888,0.6659972667694092,-0.13494248688220978,0.9264516234397888,0.5658384561538696,0.6673086285591125,-0.1548597812652588,0.9202156066894531,0.6516435742378235,0.6613386869430542,-0.10788481682538986,0.9133796691894531,0.5679976940155029,0.6620693802833557,-0.12294958531856537,0.9077568054199219,0.6267808079719543,0.6467759609222412,-0.0023827175609767437,0.9996477365493774,0.5908586382865906,0.6456583738327026,0.0022817596327513456,0.9995791912078857,0.6199736595153809,0.7419865131378174,-0.023521067574620247,0.9509484171867371,0.5978468060493469,0.7376582622528076,-0.022227991372346878,0.9225046038627625,0.609751284122467,0.8373967409133911,0.03998993709683418,0.9658117890357971,0.6014062166213989,0.836564302444458,0.04994824528694153,0.9323525428771973,0.6073761582374573,0.8506805300712585,0.03993471339344978,0.7271897196769714,0.6020235419273376,0.8506070375442505,0.05141574516892433,0.6196479201316833,0.609054684638977,0.8675478100776672,-0.054209548979997635,0.9544636607170105,0.595625638961792,0.8601923584938049,-0.0423438586294651,0.9350624084472656
278,0.6109667420387268,0.4764517545700073,-0.23828251659870148,0.9999905228614807,0.6148819923400879,0.46979108452796936,-0.2264796644449234,0.9999677538871765,0.6172080636024475,0.4700908958911896,-0.22650553286075592,0.9999690055847168,0.6197142601013184,0.4703211486339569,-0.2265261858701706,0.9999697804450989,0.6074162125587463,0.4691670536994934,-0.22724558413028717,0.9999650120735168,0.6046297550201416,0.4692600965499878,-0.22728747129440308,0.9999659657478333,0.6020569205284119,0.46944841742515564,-0.22732917964458466,0.9999635815620422,0.6229048371315002,0.47505855560302734,-0.14875979721546173,0.999932587146759,0.5992526412010193,0.47615960240364075,-0.15305162966251373,0.9999289512634277,0.6155672073364258,0.4874788224697113,-0.20846019685268402,0.9999848008155823,0.606225311756134,0.48710036277770996,-0.20969422161579132,0.9999799728393555,0.6448463201522827,0.5349541306495667,-0.085469089448452,0.9999641180038452,0.5807005167007446,0.5329717993736267,-0.09659451246261597,0.9999505281448364,0.648423433303833,0.5966537594795227,-0.037759341299533844,0.9788574576377869,0.5756929516792297,0.5959783792495728,-0.057177864015102386,0.9701082110404968,0.6538976430892944,0.650007426738739,-0.08932915329933167,0.9565767049789429,0.566310465335846,0.6507157683372498,-0.11129949986934662,0.9511306285858154,0.6566911339759827,0.6663902997970581,-0.10358773171901703,0.9163364171981812,0.5618678331375122,0.6668745875358582,-0.12792131304740906,0.9125419855117798,0.6537884473800659,0.6660165190696716,-0.12695187330245972,0.924362301826477,0.5645444393157959,0.6672870516777039,-0.15429776906967163,0.9190472364425659,0.6516157388687134,0.6613577604293823,-0.09951835125684738,0.9111496806144714,0.5669077038764954,0.662072479724884,-0.1228349506855011,0.9067363739013672,0.6272402405738831,0.6469799280166626,-1.7447187929064967e-05,0.9996184706687927,0.5908934473991394,0.6458902955055237,-6.47584893158637e-05,0.9995625019073486,0.6200234889984131,0.7417812347412109,-0.02094387635588646,0.946901798248291,0.5979825854301453,0.7372598052024841,-0.03236333280801773,0.9191966652870178,0.6085513830184937,0.8361997008323669,0.0442001111805439,0.9624168872833252,0.6010736227035522,0.8342386484146118,0.04874572902917862,0.9286738634109497,0.6036221981048584,0.8490570783615112,0.04502292722463608,0.718432605266571,0.6017976999282837,0.8472466468811035,0.05121739208698273,0.6127962470054626,0.6094824075698853,0.865919291973114,-0.05011845752596855,0.950960099697113,0.5996147990226746,0.8587253093719482,-0.04303644225001335,0.9321998953819275
279,0.6109867095947266,0.47541186213493347,-0.23382313549518585,0.9999901056289673,0.6149871945381165,0.46864190697669983,-0.22181104123592377,0.999966025352478,0.6173274517059326,0.469023734331131,-0.22183340787887573,0.9999673366546631,0.6198176145553589,0.4693370759487152,-0.22184856235980988,0.9999680519104004,0.6074151992797852,0.4679434299468994,-0.22239960730075836,0.9999637007713318,0.6046233177185059,0.4680563807487488,-0.22243723273277283,0.9999646544456482,0.6020631790161133,0.46828392148017883,-0.22247642278671265,0.9999624490737915,0.6230947375297546,0.4742674231529236,-0.14451000094413757,0.9999294877052307,0.5992459654808044,0.475235253572464,-0.14791493117809296,0.9999272227287292,0.6157774329185486,0.486653208732605,-0.20432154834270477,0.9999843835830688,0.6062251329421997,0.48630785942077637,-0.20526006817817688,0.9999796152114868,0.6449728012084961,0.5346847772598267,-0.08356595039367676,0.9999615550041199,0.5806548595428467,0.5324390530586243,-0.0911112129688263,0.9999511241912842,0.6486567258834839,0.5966522097587585,-0.03684088960289955,0.9786940217018127,0.5752828121185303,0.5958777070045471,-0.05118727684020996,0.9695765376091003,0.6539000272750854,0.6500996947288513,-0.08685566484928131,0.9550662636756897,0.5649662613868713,0.6506621241569519,-0.10595731437206268,0.9504032135009766,0.6567612886428833,0.6667265892028809,-0.10092553496360779,0.9139148592948914,0.5604720711708069,0.6668528914451599,-0.12317666411399841,0.9113982319831848,0.6538236737251282,0.6663851737976074,-0.12424744665622711,0.9220338463783264,0.5634306073188782,0.667244553565979,-0.14911380410194397,0.9180489778518677,0.6516484022140503,0.6615973711013794,-0.09699356555938721,0.9086714386940002,0.5658052563667297,0.6620479822158813,-0.11751830577850342,0.9059634804725647,0.6273905038833618,0.6472951173782349,-8.74769248184748e-05,0.9995936155319214,0.5908790230751038,0.6462877988815308,3.369820888110553e-06,0.9995540380477905,0.620010495185852,0.7417280077934265,-0.02118515782058239,0.9446572065353394,0.5982652306556702,0.7367020845413208,-0.040101323276758194,0.9175735712051392,0.6079359650611877,0.8357301354408264,0.045696157962083817,0.9603516459465027,0.6014441847801208,0.8334342241287231,0.04273764044046402,0.9271877408027649,0.6023123264312744,0.8480199575424194,0.046419285237789154,0.7092411518096924,0.6014848947525024,0.8460282683372498,0.04533936455845833,0.611332356929779,0.6092817187309265,0.8651242256164551,-0.04894943907856941,0.948440670967102,0.6009709239006042,0.8587803840637207,-0.04965703561902046,0.9313364624977112
280,0.6111673712730408,0.47309473156929016,-0.22877773642539978,0.9999898076057434,0.615192711353302,0.4664704203605652,-0.21657033264636993,0.9999650120735168,0.6175456047058105,0.46692755818367004,-0.21659822762012482,0.9999662041664124,0.6200465559959412,0.46740978956222534,-0.2166147530078888,0.9999668598175049,0.6074826121330261,0.4657752513885498,-0.21755151450634003,0.9999631643295288,0.6046639680862427,0.4659000337123871,-0.21758514642715454,0.9999639987945557,0.6020910143852234,0.46625572443008423,-0.21762391924858093,0.9999618530273438,0.6232622265815735,0.4728449881076813,-0.1387927085161209,0.9999277591705322,0.5992124080657959,0.4736899733543396,-0.144068643450737,0.9999268651008606,0.616146981716156,0.4845978617668152,-0.1991272270679474,0.9999842047691345,0.6062870621681213,0.4843059480190277,-0.20065686106681824,0.999979555606842,0.6450878381729126,0.5341716408729553,-0.07904361188411713,0.999958336353302,0.5806432962417603,0.53196781873703,-0.08724397420883179,0.9999512434005737,0.6489155888557434,0.5966073274612427,-0.03298015892505646,0.97865229845047,0.5747594237327576,0.5960369110107422,-0.048120032995939255,0.9688071012496948,0.6541072726249695,0.6503022313117981,-0.08455537259578705,0.9543160796165466,0.5640307664871216,0.6511118412017822,-0.10465054214000702,0.9498119354248047,0.6569963693618774,0.6671614646911621,-0.09897355735301971,0.9127317667007446,0.5596741437911987,0.66758793592453,-0.12203352153301239,0.910671591758728,0.6539723873138428,0.6668936610221863,-0.12239454686641693,0.9209056496620178,0.5624955296516418,0.668300986289978,-0.14838890731334686,0.9174724221229553,0.6517952084541321,0.6619759798049927,-0.0947539210319519,0.9075685739517212,0.5648356080055237,0.6630130410194397,-0.11638583242893219,0.9056833982467651,0.6276009678840637,0.6479635834693909,-0.00013410575047601014,0.9995583295822144,0.590867280960083,0.647375226020813,5.1209575758548453e-05,0.9995340704917908,0.6199819445610046,0.7426496148109436,-0.021053198724985123,0.9408211708068848,0.5983867049217224,0.7378339171409607,-0.03650141507387161,0.9131889939308167,0.6078622937202454,0.8378308415412903,0.04304077476263046,0.9570913910865784,0.6020864844322205,0.8375617861747742,0.03894011303782463,0.9246009588241577,0.6024908423423767,0.8503835201263428,0.04306718334555626,0.7023102045059204,0.6020716428756714,0.8506448268890381,0.04057060554623604,0.610468864440918,0.6094441413879395,0.8665646910667419,-0.0505966953933239,0.9448053240776062,0.6015560626983643,0.8617002367973328,-0.05466347932815552,0.9291707873344421
281,0.6111364364624023,0.47102221846580505,-0.2256270796060562,0.99998939037323,0.6151383519172668,0.46429893374443054,-0.21386997401714325,0.9999635815620422,0.6174918413162231,0.464700311422348,-0.21389539539813995,0.999964714050293,0.6199715733528137,0.4651358425617218,-0.2139108031988144,0.9999653100967407,0.6074629426002502,0.46365854144096375,-0.21471676230430603,0.9999621510505676,0.6046438217163086,0.46373113989830017,-0.21475110948085785,0.9999628663063049,0.6020443439483643,0.4639853239059448,-0.2147914469242096,0.9999608397483826,0.6232298016548157,0.47055235505104065,-0.1360510140657425,0.9999259114265442,0.5991964340209961,0.4713997542858124,-0.14045654237270355,0.9999251961708069,0.6161085367202759,0.48232564330101013,-0.19574739038944244,0.9999839067459106,0.6062567830085754,0.4820343255996704,-0.19707699120044708,0.9999794363975525,0.6453847885131836,0.5320101380348206,-0.07441757619380951,0.999955415725708,0.580633819103241,0.5309898257255554,-0.08358942717313766,0.9999513030052185,0.6491254568099976,0.5961037874221802,-0.027205444872379303,0.9787006974220276,0.5740976333618164,0.5958839058876038,-0.04365652799606323,0.9687803387641907,0.6543934941291809,0.6504035592079163,-0.08160997182130814,0.9539281129837036,0.5626708269119263,0.6513237357139587,-0.10013779997825623,0.949691653251648,0.6571018695831299,0.6677570343017578,-0.09659401327371597,0.9120848178863525,0.5584354996681213,0.6683551669120789,-0.11712503433227539,0.9105468988418579,0.6540040969848633,0.66751629114151,-0.12042731046676636,0.9202885031700134,0.5615219473838806,0.669245183467865,-0.1438363641500473,0.9174097180366516,0.6519136428833008,0.6624789834022522,-0.09199674427509308,0.9070231914520264,0.5637586116790771,0.6637054085731506,-0.11181437969207764,0.9057487845420837,0.6278088092803955,0.6480918526649475,0.0009579713805578649,0.9995145201683044,0.5908604860305786,0.6476683616638184,-0.001032081083394587,0.9995113015174866,0.6199672222137451,0.7438487410545349,-0.021845359355211258,0.9373235106468201,0.5985995531082153,0.7417912483215332,-0.03515961393713951,0.9111400246620178,0.6078832745552063,0.8393778204917908,0.04882492125034332,0.9530326724052429,0.6024840474128723,0.8450355529785156,0.043774012476205826,0.9222801327705383,0.6029252409934998,0.8531708121299744,0.0502028688788414,0.6941099762916565,0.6028008460998535,0.8592900633811951,0.04580594599246979,0.6070236563682556,0.6097849607467651,0.8700472712516785,-0.042594410479068756,0.9405324459075928,0.6009656190872192,0.8718668818473816,-0.051492225378751755,0.9261558055877686
282,0.6108494400978088,0.4682779014110565,-0.2303541600704193,0.9999889135360718,0.615121603012085,0.4617367684841156,-0.21894271671772003,0.9999619126319885,0.6174459457397461,0.46212995052337646,-0.21897217631340027,0.999963104724884,0.6199323534965515,0.46254870295524597,-0.21899323165416718,0.999963641166687,0.607233464717865,0.4610905051231384,-0.21914556622505188,0.9999608993530273,0.6044638156890869,0.46109333634376526,-0.2191762924194336,0.9999614357948303,0.6018462181091309,0.46119335293769836,-0.21922051906585693,0.9999594688415527,0.623225212097168,0.4680439531803131,-0.14195306599140167,0.9999243021011353,0.5991848111152649,0.468132883310318,-0.14309103786945343,0.9999228119850159,0.6160532832145691,0.47959181666374207,-0.20060962438583374,0.9999834299087524,0.6058302521705627,0.4791431128978729,-0.20116853713989258,0.9999789595603943,0.6453030109405518,0.5296443700790405,-0.08083846420049667,0.999951958656311,0.5804693102836609,0.528748095035553,-0.08498804271221161,0.999950647354126,0.6491637229919434,0.5953600406646729,-0.03416811302304268,0.9789361357688904,0.5735906362533569,0.5947686433792114,-0.04372937232255936,0.9675777554512024,0.6546469926834106,0.6501107811927795,-0.08565346896648407,0.9537017345428467,0.5614862442016602,0.6513093709945679,-0.09929977357387543,0.9489187002182007,0.6573053598403931,0.6677110195159912,-0.09974126517772675,0.9116250872612,0.5573774576187134,0.6685218811035156,-0.11595816165208817,0.9095967411994934,0.6540236473083496,0.6674781441688538,-0.12374473363161087,0.919785737991333,0.5602951645851135,0.6694704294204712,-0.14275315403938293,0.9166192412376404,0.6519274115562439,0.6624589562416077,-0.09588704258203506,0.9066550135612488,0.5623663067817688,0.6638748049736023,-0.11104047298431396,0.9052553772926331,0.6277821660041809,0.6478238701820374,0.00023236923152580857,0.9994761347770691,0.5905618667602539,0.6471229195594788,-0.000295975711196661,0.9994938969612122,0.6198821067810059,0.7438408136367798,-0.02664819359779358,0.9347236156463623,0.5987325310707092,0.7419041395187378,-0.040060847997665405,0.9082798957824707,0.607907772064209,0.8396517038345337,0.040500104427337646,0.9495043754577637,0.6026611328125,0.8463796973228455,0.032156553119421005,0.920274019241333,0.6030282974243164,0.8537888526916504,0.04094494506716728,0.6836733222007751,0.6036425232887268,0.8614718317985535,0.03341921046376228,0.6050289869308472,0.6097056269645691,0.8700800538063049,-0.05379630625247955,0.9360628128051758,0.6003479361534119,0.872758686542511,-0.06528446078300476,0.9238634705543518
283,0.6104444265365601,0.4646502435207367,-0.2521100342273712,0.9999889731407166,0.6149455904960632,0.4581867754459381,-0.24080117046833038,0.9999619126319885,0.6173832416534424,0.4586346745491028,-0.24081583321094513,0.999963104724884,0.6197608709335327,0.4589911699295044,-0.2408350110054016,0.9999635219573975,0.6068768501281738,0.45751503109931946,-0.24115554988384247,0.9999610781669617,0.604162335395813,0.45749080181121826,-0.24119652807712555,0.9999616742134094,0.6015207171440125,0.45758306980133057,-0.24123622477054596,0.9999597668647766,0.6231951713562012,0.4643840789794922,-0.1607934981584549,0.999924898147583,0.5990763902664185,0.46436211466789246,-0.16289271414279938,0.9999227523803711,0.6159414052963257,0.4760456681251526,-0.22108186781406403,0.999983549118042,0.6054308414459229,0.4756450653076172,-0.22185982763767242,0.9999792575836182,0.6452893614768982,0.5259358286857605,-0.09516065567731857,0.9999501705169678,0.5802198648452759,0.5257094502449036,-0.09877897799015045,0.9999505281448364,0.6491110324859619,0.5942919254302979,-0.04658546671271324,0.9791187644004822,0.5730180740356445,0.5926339626312256,-0.0557725615799427,0.9676662683486938,0.6545215249061584,0.6501003503799438,-0.09934952855110168,0.9534004926681519,0.560630202293396,0.6512993574142456,-0.11216074973344803,0.9492262601852417,0.6571804285049438,0.6676921248435974,-0.11458246409893036,0.9109095335006714,0.5564588904380798,0.6686098575592041,-0.12978056073188782,0.9100167751312256,0.6539270877838135,0.6674535274505615,-0.1394028663635254,0.9191100597381592,0.5593981146812439,0.6695753931999207,-0.1569766402244568,0.9170883893966675,0.6518256068229675,0.6624317169189453,-0.10995375365018845,0.9060640931129456,0.5614461302757263,0.6639612913131714,-0.12402656674385071,0.9059039950370789,0.6274237632751465,0.6454216241836548,0.00019554437312763184,0.9994485974311829,0.5901029706001282,0.6450848579406738,-0.00026280293241143227,0.9994818568229675,0.6197808384895325,0.7430271506309509,-0.02604599855840206,0.9335485696792603,0.5986971259117126,0.7418884634971619,-0.03556307032704353,0.9069387912750244,0.608488917350769,0.8358795642852783,0.06206589937210083,0.947808027267456,0.6027814745903015,0.8455446362495422,0.043615344911813736,0.9205776453018188,0.604576051235199,0.845474898815155,0.06508241593837738,0.6780946254730225,0.603650689125061,0.8595322966575623,0.04672132059931755,0.6065612435340881,0.6096540689468384,0.8693523406982422,-0.03029937669634819,0.9342291355133057,0.6001726388931274,0.8747568726539612,-0.055312905460596085,0.9232437014579773
284,0.6104127764701843,0.46086668968200684,-0.24875083565711975,0.9999892711639404,0.6149209141731262,0.4542850852012634,-0.23724256455898285,0.9999628067016602,0.6173627972602844,0.454647421836853,-0.23725895583629608,0.9999640583992004,0.6197041869163513,0.45486128330230713,-0.2372782975435257,0.9999644160270691,0.6067186594009399,0.45377060770988464,-0.23795866966247559,0.9999619126319885,0.603990375995636,0.45375633239746094,-0.23799261450767517,0.9999624490737915,0.6013106107711792,0.4538247585296631,-0.23802262544631958,0.9999605417251587,0.6230612993240356,0.4596583843231201,-0.15674909949302673,0.9999275803565979,0.5988019704818726,0.46026888489723206,-0.16025176644325256,0.9999240040779114,0.6158959865570068,0.47211942076683044,-0.2174188494682312,0.9999839663505554,0.6053426265716553,0.47202974557876587,-0.21860916912555695,0.9999796152114868,0.6452176570892334,0.5215709209442139,-0.0922546535730362,0.9999514818191528,0.5799897909164429,0.5218596458435059,-0.09741576015949249,0.999950110912323,0.6491292715072632,0.5889245867729187,-0.04401208087801933,0.9795817136764526,0.5724342465400696,0.5895479917526245,-0.05440962687134743,0.9673165678977966,0.6544851064682007,0.6431515216827393,-0.09747503697872162,0.9544970393180847,0.5598796606063843,0.6481413841247559,-0.11011898517608643,0.9494016766548157,0.6570988297462463,0.6630218625068665,-0.11295773833990097,0.9127053022384644,0.5555484294891357,0.6672685146331787,-0.12761178612709045,0.9102105498313904,0.6538532972335815,0.6625289916992188,-0.13820859789848328,0.9207357168197632,0.5586586594581604,0.6679597496986389,-0.15452618896961212,0.917351484298706,0.651715099811554,0.6583155989646912,-0.10825323313474655,0.9077915549278259,0.5606416463851929,0.6622478365898132,-0.12181926518678665,0.9063127636909485,0.6272282600402832,0.6421545147895813,-0.0010322915622964501,0.999447762966156,0.589691698551178,0.6414104104042053,0.0009504302870482206,0.9994807243347168,0.619780957698822,0.7419543862342834,-0.02903788723051548,0.9340474605560303,0.5986101627349854,0.7417453527450562,-0.033614858984947205,0.906295120716095,0.6092352867126465,0.8362392783164978,0.052303653210401535,0.9479873180389404,0.6032939553260803,0.845341145992279,0.0473003126680851,0.9213221073150635,0.6067197918891907,0.8457518815994263,0.05421415716409683,0.6718208193778992,0.6048932075500488,0.8597644567489624,0.049908947199583054,0.6091957092285156,0.6096600890159607,0.8697801828384399,-0.04807079955935478,0.9343039989471436,0.5999243259429932,0.8757138252258301,-0.05014420673251152,0.9237712025642395
285,0.6103007793426514,0.4576418995857239,-0.248208686709404,0.9999897480010986,0.6148508191108704,0.45051687955856323,-0.23616744577884674,0.9999645948410034,0.6173523664474487,0.4508776068687439,-0.2361856997013092,0.9999657869338989,0.6196253299713135,0.4510860741138458,-0.23620478808879852,0.9999661445617676,0.6064794063568115,0.45007550716400146,-0.23720985651016235,0.9999635219573975,0.6037048101425171,0.45009785890579224,-0.2372366189956665,0.9999639391899109,0.6009027361869812,0.45023491978645325,-0.2372572422027588,0.9999620318412781,0.6229924559593201,0.45612481236457825,-0.1548594981431961,0.9999316930770874,0.5982974171638489,0.45654213428497314,-0.15835514664649963,0.9999264478683472,0.6158671975135803,0.46909791231155396,-0.21571660041809082,0.9999846816062927,0.6051133871078491,0.4689214825630188,-0.2172722965478897,0.9999803304672241,0.6451707482337952,0.5180365443229675,-0.0892917811870575,0.9999533891677856,0.5795404314994812,0.518089771270752,-0.09254937618970871,0.9999489188194275,0.6490762829780579,0.5838311910629272,-0.03923271596431732,0.9796772599220276,0.5718486905097961,0.5855399370193481,-0.04979358986020088,0.9664731621742249,0.6543210744857788,0.6389462947845459,-0.0974259153008461,0.9547964334487915,0.5591687560081482,0.6437197327613831,-0.11092433333396912,0.9484704732894897,0.6570336222648621,0.6596813797950745,-0.11396291106939316,0.9132009744644165,0.5549370050430298,0.6645455956459045,-0.13067172467708588,0.9089418053627014,0.6538099050521851,0.659167468547821,-0.14117184281349182,0.9212235808372498,0.557934582233429,0.664910078048706,-0.1580968052148819,0.9163098335266113,0.6516332030296326,0.6550891995429993,-0.109004445374012,0.9080626368522644,0.559945285320282,0.6592943668365479,-0.12309399247169495,0.9050406813621521,0.6268760561943054,0.6388649344444275,-0.0026288130320608616,0.9994533658027649,0.5889174342155457,0.638159453868866,0.0025473861023783684,0.9994803071022034,0.6197751760482788,0.7409716248512268,-0.0281501654535532,0.9363967180252075,0.5968294143676758,0.7415575385093689,-0.0232691653072834,0.908964991569519,0.6106851696968079,0.8362581133842468,0.06033359467983246,0.9498826861381531,0.6032493710517883,0.8443857431411743,0.06866328418254852,0.924088716506958,0.609532356262207,0.8461251258850098,0.06287028640508652,0.6715719699859619,0.6048989295959473,0.8583254218101501,0.07168707251548767,0.6161298155784607,0.6099421977996826,0.8702144622802734,-0.044933926314115524,0.9365072250366211,0.5996725559234619,0.8758864402770996,-0.03211710974574089,0.9259143471717834
286,0.6100260615348816,0.4542807936668396,-0.2279047816991806,0.999989926815033,0.6146906018257141,0.4467085599899292,-0.2153388261795044,0.999965488910675,0.617296040058136,0.44709140062332153,-0.2153625637292862,0.9999666810035706,0.6195151209831238,0.4473726749420166,-0.21538051962852478,0.9999669790267944,0.6061051487922668,0.4462277591228485,-0.21639715135097504,0.9999641180038452,0.6032677888870239,0.4462546408176422,-0.21640947461128235,0.9999643564224243,0.6003486514091492,0.44646552205085754,-0.21641594171524048,0.9999624490737915,0.622925341129303,0.4527222216129303,-0.12841534614562988,0.9999346733093262,0.5977044701576233,0.45299476385116577,-0.1330045759677887,0.9999268054962158,0.6156154870986938,0.4662081301212311,-0.19383667409420013,0.9999849796295166,0.6046009063720703,0.46571242809295654,-0.19535192847251892,0.9999805092811584,0.6448233723640442,0.5128200054168701,-0.06575887650251389,0.9999556541442871,0.5791165828704834,0.513688862323761,-0.06375762820243835,0.9999475479125977,0.6490480303764343,0.577826201915741,-0.023767968639731407,0.9795611500740051,0.5717722773551941,0.5817471146583557,-0.02254917472600937,0.9646244049072266,0.6542790532112122,0.6312770843505859,-0.09665343910455704,0.955138087272644,0.5592464208602905,0.637951135635376,-0.09428507089614868,0.9479628205299377,0.6569746732711792,0.6526734828948975,-0.11533641815185547,0.9142094254493713,0.5549554824829102,0.6600977778434753,-0.1168651208281517,0.9087082147598267,0.6537731885910034,0.6525025963783264,-0.1427469104528427,0.9220389127731323,0.5578174591064453,0.6598318219184875,-0.1452208161354065,0.9161763191223145,0.6515840888023376,0.6471602320671082,-0.10843861103057861,0.9086564779281616,0.5598462224006653,0.6541123390197754,-0.10716965049505234,0.90484219789505,0.6266267895698547,0.6362391710281372,-0.005956582725048065,0.9994584918022156,0.5883622765541077,0.6359655857086182,0.005911579355597496,0.9994764924049377,0.6197736263275146,0.740660548210144,-0.02941514365375042,0.938228964805603,0.5963680744171143,0.7415074110031128,-0.013371172361075878,0.9096945524215698,0.6115910410881042,0.8363187909126282,0.058554720133543015,0.9507979154586792,0.6037275195121765,0.8444381952285767,0.07505179941654205,0.9255948662757874,0.6117010116577148,0.8463774919509888,0.06069863215088844,0.6659177541732788,0.6064000129699707,0.8583629727363586,0.07754786312580109,0.6232425570487976,0.6099385023117065,0.8711686134338379,-0.04717615619301796,0.9373776316642761,0.5992978811264038,0.8784112334251404,-0.02542412094771862,0.9268845915794373
287,0.6099907755851746,0.4503689408302307,-0.21515150368213654,0.9999889731407166,0.6146672964096069,0.4427379369735718,-0.20189833641052246,0.999962568283081,0.6172783374786377,0.44315147399902344,-0.20191864669322968,0.9999637603759766,0.6194828748703003,0.4434807598590851,-0.20193645358085632,0.9999640583992004,0.6060068011283875,0.4421662390232086,-0.20336198806762695,0.9999610781669617,0.6031650304794312,0.4422183930873871,-0.20337888598442078,0.9999609589576721,0.6002126336097717,0.4424578845500946,-0.20339617133140564,0.9999592900276184,0.6228725910186768,0.44897976517677307,-0.11377707123756409,0.9999316930770874,0.5974044799804688,0.44915345311164856,-0.12005049735307693,0.9999197125434875,0.6155544519424438,0.4623081684112549,-0.18100619316101074,0.9999839067459106,0.6044830679893494,0.4618889093399048,-0.18294306099414825,0.9999790191650391,0.6445452570915222,0.5097610354423523,-0.04949413985013962,0.9999548196792603,0.5788857936859131,0.5095614194869995,-0.05610298365354538,0.9999442100524902,0.6490082740783691,0.5745198726654053,-0.004928538575768471,0.9786600470542908,0.5709600448608398,0.5784491896629333,-0.01682954467833042,0.9630658030509949,0.6542261242866516,0.6267889738082886,-0.07880908995866776,0.9537580013275146,0.5584344863891602,0.6347071528434753,-0.08832041919231415,0.9466437697410583,0.6570186018943787,0.6477400064468384,-0.09811151772737503,0.9124405384063721,0.5543826222419739,0.6567872166633606,-0.1116473451256752,0.9069727063179016,0.6538385152816772,0.6475780606269836,-0.12646226584911346,0.920295238494873,0.557412326335907,0.65618896484375,-0.13844670355319977,0.9145904183387756,0.6515951752662659,0.6415702104568481,-0.09147704392671585,0.9065317511558533,0.5594179034233093,0.6504759788513184,-0.10071032494306564,0.9030653238296509,0.6261678338050842,0.6334470510482788,-0.005789946299046278,0.9994248151779175,0.5872259736061096,0.6335218548774719,0.0057175010442733765,0.999455451965332,0.6201858520507812,0.7401365637779236,-0.026231547817587852,0.9406909346580505,0.5951005816459656,0.741338312625885,-0.016191862523555756,0.9123119711875916,0.6121346950531006,0.8296846151351929,0.09079815447330475,0.9511353373527527,0.6040671467781067,0.8442391157150269,0.08566713333129883,0.9280912280082703,0.612216591835022,0.8369730710983276,0.09607882797718048,0.6584433317184448,0.607387363910675,0.8581587076187134,0.08972204476594925,0.6301889419555664,0.6102008819580078,0.867559552192688,-0.010691165924072266,0.9374365210533142,0.5995506644248962,0.8781923055648804,-0.01750747673213482,0.9284812211990356
288,0.6098924875259399,0.4465959668159485,-0.2106412649154663,0.9999881386756897,0.6145317554473877,0.4389406144618988,-0.19745047390460968,0.9999598860740662,0.617195725440979,0.43937307596206665,-0.19747023284435272,0.9999611377716064,0.6193645596504211,0.4397814869880676,-0.197488471865654,0.9999613761901855,0.6058071851730347,0.4382683336734772,-0.19893722236156464,0.9999582767486572,0.6029565930366516,0.43833738565444946,-0.19895705580711365,0.9999578595161438,0.5999646186828613,0.4385607838630676,-0.1989758014678955,0.9999561905860901,0.6226681470870972,0.4458202123641968,-0.10934561491012573,0.9999290108680725,0.5970510840415955,0.44567298889160156,-0.11601414531469345,0.9999130964279175,0.6153737902641296,0.45845645666122437,-0.17647385597229004,0.9999825954437256,0.6041750311851501,0.4580249488353729,-0.1785161793231964,0.9999772310256958,0.644065260887146,0.5070542097091675,-0.045302264392375946,0.9999544620513916,0.5783287286758423,0.5057889223098755,-0.051945459097623825,0.9999411702156067,0.6487880945205688,0.5719801187515259,0.00012433266965672374,0.9779267907142639,0.5706221461296082,0.5750815868377686,-0.011406507343053818,0.9610947966575623,0.6541929244995117,0.62342768907547,-0.0717620849609375,0.9530448913574219,0.5581255555152893,0.6316909193992615,-0.08034206181764603,0.9457138180732727,0.6570644974708557,0.6439362168312073,-0.0910533219575882,0.9118255376815796,0.5542166829109192,0.6530570983886719,-0.10288365185260773,0.906075119972229,0.6541727781295776,0.643650233745575,-0.11903529614210129,0.9195964932441711,0.5572225451469421,0.6521384716033936,-0.130376398563385,0.9137499332427979,0.6518524885177612,0.6373775601387024,-0.08434733748435974,0.9056411385536194,0.5592342615127563,0.6466190218925476,-0.09294396638870239,0.9021180868148804,0.6256834268569946,0.631126880645752,-0.005414872895926237,0.9994044303894043,0.5863709449768066,0.6316999197006226,0.005333838518708944,0.999440610408783,0.6207627058029175,0.740173876285553,-0.02735000103712082,0.9425573945045471,0.5946218371391296,0.7407538294792175,-0.0176603551954031,0.9140719771385193,0.6123034358024597,0.8299784064292908,0.07972119003534317,0.9512485265731812,0.6043499708175659,0.8442345857620239,0.0801810473203659,0.929986298084259,0.6123676300048828,0.8373687267303467,0.08372829109430313,0.6546823978424072,0.6079729199409485,0.8578773736953735,0.08363926410675049,0.6372827887535095,0.6106376647949219,0.8673772215843201,-0.02148633450269699,0.937168300151825,0.5995248556137085,0.8794578313827515,-0.021936174482107162,0.9295165538787842
289,0.6091834902763367,0.4429744780063629,-0.21852895617485046,0.9999871253967285,0.6139665246009827,0.43521907925605774,-0.2040417194366455,0.9999560117721558,0.6167531609535217,0.4357691705226898,-0.20403417944908142,0.9999573826789856,0.6190280914306641,0.4363082945346832,-0.20405057072639465,0.9999576210975647,0.6052122116088867,0.43454670906066895,-0.20519694685935974,0.9999544620513916,0.602338433265686,0.4346817135810852,-0.205218106508255,0.9999538064002991,0.59937983751297,0.43490856885910034,-0.20523133873939514,0.999952495098114,0.6224254965782166,0.44269827008247375,-0.11741357296705246,0.9999237656593323,0.5967226028442383,0.44253286719322205,-0.12472300976514816,0.999902069568634,0.6146034598350525,0.45520275831222534,-0.17988896369934082,0.9999804496765137,0.6033267974853516,0.4547256529331207,-0.1810930073261261,0.9999746084213257,0.6438711285591125,0.5043550133705139,-0.05633753165602684,0.9999508857727051,0.5778043866157532,0.5031141042709351,-0.06154710426926613,0.9999369978904724,0.6485841274261475,0.5698387622833252,-0.010119733400642872,0.9769776463508606,0.5699164271354675,0.5710284113883972,-0.020727122202515602,0.9601553678512573,0.6541614532470703,0.6219133138656616,-0.07444190979003906,0.9516252279281616,0.5576297044754028,0.6274617314338684,-0.08325014263391495,0.9443346858024597,0.6571004986763,0.6410223841667175,-0.091341033577919,0.9098237156867981,0.553928554058075,0.648488461971283,-0.10633506625890732,0.9039760231971741,0.654625415802002,0.6407856345176697,-0.11939387768507004,0.9175849556922913,0.5569702982902527,0.6475447416305542,-0.13170042634010315,0.9117568135261536,0.652228057384491,0.6347924470901489,-0.08674001693725586,0.9034116864204407,0.5590271353721619,0.6420772075653076,-0.0964004397392273,0.8999651670455933,0.6255240440368652,0.6264357566833496,-0.005378809757530689,0.999356746673584,0.5859236121177673,0.6268170475959778,0.0052863238379359245,0.9994276762008667,0.6208922863006592,0.736468493938446,-0.026010265573859215,0.9441870450973511,0.5941123366355896,0.7344582080841064,-0.03229111060500145,0.9173838496208191,0.6125826239585876,0.8230217695236206,0.10005190223455429,0.9503740072250366,0.6042807102203369,0.8419206142425537,0.07532494515180588,0.9326179027557373,0.6123160123825073,0.8288590908050537,0.10646645724773407,0.6425944566726685,0.6079908609390259,0.8544636964797974,0.08102294057607651,0.6436977386474609,0.6107460260391235,0.8615415692329407,0.0012809847248718143,0.9361550211906433,0.5994840860366821,0.8784912824630737,-0.034743841737508774,0.9313749074935913
290,0.6088319420814514,0.43960848450660706,-0.22564120590686798,0.9999855160713196,0.6136796474456787,0.43169111013412476,-0.21211643517017365,0.9999498128890991,0.6165030598640442,0.43226805329322815,-0.21211250126361847,0.9999513626098633,0.6188119649887085,0.43286171555519104,-0.21212726831436157,0.9999514818191528,0.6049333810806274,0.4311554729938507,-0.21214169263839722,0.999948263168335,0.6020205616950989,0.43140801787376404,-0.21216028928756714,0.9999468922615051,0.5990754961967468,0.431718647480011,-0.21217961609363556,0.9999456405639648,0.6222671866416931,0.43954595923423767,-0.12201595306396484,0.9999154806137085,0.5965203046798706,0.439535915851593,-0.1285165250301361,0.9998819828033447,0.614250898361206,0.45195791125297546,-0.18781673908233643,0.9999772906303406,0.6028640270233154,0.4518372118473053,-0.18703317642211914,0.9999706149101257,0.6437612175941467,0.5015603303909302,-0.057859815657138824,0.9999462366104126,0.5774540305137634,0.5001680850982666,-0.06594067811965942,0.9999319911003113,0.6484703421592712,0.5665631294250488,-0.012548109516501427,0.9765311479568481,0.5690427422523499,0.5683455467224121,-0.023798316717147827,0.9586141109466553,0.6541321277618408,0.6191645860671997,-0.07545087486505508,0.9513476490974426,0.5575124621391296,0.6227589845657349,-0.08754068613052368,0.9430124163627625,0.657274067401886,0.6381704211235046,-0.09225896745920181,0.9095697402954102,0.5539767742156982,0.6428510546684265,-0.1093016192317009,0.9022599458694458,0.6551718711853027,0.6376909017562866,-0.12193155288696289,0.9171751141548157,0.5567304491996765,0.6417473554611206,-0.13504602015018463,0.9101743102073669,0.6526829600334167,0.6318690776824951,-0.08866490423679352,0.902866005897522,0.5588140487670898,0.6362659931182861,-0.0999738872051239,0.8982310891151428,0.6254401206970215,0.6239702701568604,-0.005125807132571936,0.9992988705635071,0.5856070518493652,0.6242584586143494,0.005046972073614597,0.9994221329689026,0.6213901042938232,0.7333420515060425,-0.01898334175348282,0.9456705451011658,0.5938103795051575,0.7320623993873596,-0.03901897370815277,0.9214175939559937,0.6149165630340576,0.8195640444755554,0.11447304487228394,0.9495881199836731,0.6045717597007751,0.8417948484420776,0.06046108901500702,0.9359189867973328,0.614528477191925,0.8265410661697388,0.12169919162988663,0.6337424516677856,0.609171450138092,0.8549658060073853,0.06450461596250534,0.6541116833686829,0.6134699583053589,0.8589196801185608,0.018731487914919853,0.935684323310852,0.6001847982406616,0.8783127069473267,-0.04868229478597641,0.933986485004425
291,0.6089780926704407,0.4355350732803345,-0.2680440843105316,0.999984622001648,0.6137707829475403,0.42756322026252747,-0.25581178069114685,0.9999465942382812,0.6165503263473511,0.4281443655490875,-0.25581520795822144,0.9999483823776245,0.6188085675239563,0.4287364184856415,-0.25584134459495544,0.9999485015869141,0.6049991250038147,0.42692387104034424,-0.25731712579727173,0.9999446272850037,0.6020321846008301,0.4272047281265259,-0.25735777616500854,0.9999433159828186,0.5990884900093079,0.42762768268585205,-0.2573862373828888,0.9999421834945679,0.6222624182701111,0.43555891513824463,-0.164564847946167,0.9999117851257324,0.596430778503418,0.43550562858581543,-0.1717887818813324,0.9998741149902344,0.614326536655426,0.4482992887496948,-0.23181317746639252,0.9999755620956421,0.602874219417572,0.4484218657016754,-0.23382911086082458,0.9999680519104004,0.6437637209892273,0.49827325344085693,-0.08799491822719574,0.9999431371688843,0.5768022537231445,0.4960833787918091,-0.10086176544427872,0.999927818775177,0.6480594277381897,0.5624510049819946,-0.029871027916669846,0.9756066203117371,0.5684100985527039,0.5642260313034058,-0.058703742921352386,0.959372878074646,0.6541127562522888,0.6128018498420715,-0.09073518216609955,0.9499574899673462,0.5576804876327515,0.6161903738975525,-0.12417201697826385,0.9437854886054993,0.6573320627212524,0.6322691440582275,-0.10640238970518112,0.9073737859725952,0.5541342496871948,0.6366633772850037,-0.14672964811325073,0.9032266139984131,0.6554880738258362,0.6320720314979553,-0.1377716064453125,0.915113091468811,0.5568508505821228,0.6355990171432495,-0.17280007898807526,0.9110708832740784,0.6529607772827148,0.625764012336731,-0.10425988584756851,0.9005293846130371,0.5589684844017029,0.6298450827598572,-0.13619837164878845,0.8990402221679688,0.6254348754882812,0.6203085780143738,-0.004978487268090248,0.9992690086364746,0.5854598879814148,0.6206120252609253,0.004896829836070538,0.9994004964828491,0.6215518712997437,0.7310369610786438,-0.019623273983597755,0.9481351971626282,0.5936724543571472,0.730888307094574,-0.022965844720602036,0.9253016710281372,0.619775652885437,0.8207857608795166,0.09870773553848267,0.9512400031089783,0.6049745678901672,0.8416834473609924,0.08440358936786652,0.9390982985496521,0.619525671005249,0.8279378414154053,0.10430242121219635,0.6357468366622925,0.6093116998672485,0.854674756526947,0.08878225088119507,0.6627180576324463,0.6181224584579468,0.8600824475288391,-0.0014175126561895013,0.9378333687782288,0.6020122170448303,0.8783382773399353,-0.023064209148287773,0.9365482926368713
292,0.6089566946029663,0.43256598711013794,-0.2435620278120041,0.9999827146530151,0.6137720942497253,0.4243588149547577,-0.23146668076515198,0.9999402165412903,0.616555392742157,0.4249045252799988,-0.23147724568843842,0.9999421238899231,0.6188022494316101,0.42540937662124634,-0.2315102368593216,0.9999421834945679,0.6049475073814392,0.4238172471523285,-0.2326076328754425,0.9999373555183411,0.6019496321678162,0.42406901717185974,-0.2326401323080063,0.9999352097511292,0.5989888906478882,0.42439648509025574,-0.23267294466495514,0.9999344944953918,0.6223512291908264,0.4316864013671875,-0.13863028585910797,0.9999034404754639,0.596341609954834,0.43197664618492126,-0.14354869723320007,0.9998574256896973,0.6143301725387573,0.4452853500843048,-0.20621812343597412,0.9999729990959167,0.602854311466217,0.4451327919960022,-0.20775198936462402,0.99996417760849,0.6438935995101929,0.4948670268058777,-0.06531693786382675,0.999939501285553,0.5766484141349792,0.49192315340042114,-0.07492299377918243,0.9999239444732666,0.647390604019165,0.5584167242050171,-0.012243480421602726,0.9732316732406616,0.5679469704627991,0.5593726634979248,-0.0371926911175251,0.9580647945404053,0.6538084149360657,0.60945063829422,-0.07797781378030777,0.9464697241783142,0.5577192902565002,0.6101168990135193,-0.11681448668241501,0.9427114129066467,0.6573050618171692,0.6283233761787415,-0.09469505399465561,0.9028084874153137,0.5546523332595825,0.6302433609962463,-0.14326651394367218,0.9021467566490173,0.6554829478263855,0.6282162070274353,-0.12433041632175446,0.9107457995414734,0.5571876168251038,0.6292895078659058,-0.16517528891563416,0.909999430179596,0.6529470682144165,0.6221876740455627,-0.09083263576030731,0.8957312107086182,0.5592943429946899,0.6233700513839722,-0.126999631524086,0.8977872729301453,0.6254305839538574,0.6186339855194092,-0.004652381408959627,0.99924236536026,0.5850427150726318,0.6191058158874512,0.004574945662170649,0.9993880391120911,0.6216331720352173,0.730623722076416,-0.02007361501455307,0.9504596590995789,0.593659520149231,0.7314409017562866,-0.02126743644475937,0.9287372827529907,0.6239184737205505,0.819598913192749,0.11080902814865112,0.9528598785400391,0.6051908731460571,0.841719388961792,0.0973912924528122,0.9421988725662231,0.6225616931915283,0.825954258441925,0.11844374984502792,0.6399267315864563,0.6095120310783386,0.8546165823936462,0.10307743400335312,0.671127438545227,0.6252469420433044,0.8606047034263611,0.013093295507133007,0.9399435520172119,0.6037256121635437,0.8801389336585999,-0.007518492639064789,0.9390241503715515
293,0.6090859770774841,0.4271964132785797,-0.24302688241004944,0.9999824166297913,0.613831102848053,0.419216513633728,-0.23054341971874237,0.9999398589134216,0.6166042685508728,0.4196127951145172,-0.23055419325828552,0.9999418258666992,0.6188005208969116,0.41992855072021484,-0.2305813878774643,0.9999420046806335,0.6049794554710388,0.41913729906082153,-0.232216939330101,0.999936580657959,0.6019614338874817,0.4195091724395752,-0.23224739730358124,0.9999341368675232,0.5989952683448792,0.41990312933921814,-0.23226547241210938,0.9999333024024963,0.6223472952842712,0.4257164001464844,-0.1385955661535263,0.9999026656150818,0.5962827205657959,0.42697203159332275,-0.14529798924922943,0.9998567700386047,0.6145052909851074,0.4393253028392792,-0.20636478066444397,0.9999727606773376,0.6029455065727234,0.4397614300251007,-0.2086721658706665,0.9999638795852661,0.6440054178237915,0.4896100163459778,-0.0638699010014534,0.9999414682388306,0.5763728022575378,0.48763105273246765,-0.0763317346572876,0.9999245405197144,0.6474385857582092,0.5538820624351501,-0.013189039193093777,0.9733284711837769,0.5669386386871338,0.5553079843521118,-0.03719218447804451,0.9596391916275024,0.6538718342781067,0.6052843332290649,-0.08399941027164459,0.9478998184204102,0.5577993988990784,0.606604814529419,-0.11392895877361298,0.9438121318817139,0.6574851274490356,0.625199019908905,-0.10471197962760925,0.9046633839607239,0.5547100305557251,0.627098023891449,-0.13597704470157623,0.9034903049468994,0.6556956768035889,0.6247156858444214,-0.13432584702968597,0.9124907851219177,0.5574278831481934,0.6259433031082153,-0.15956521034240723,0.9111943244934082,0.6530849933624268,0.6180750727653503,-0.0974501371383667,0.8973779082298279,0.5595008134841919,0.6195269823074341,-0.12464360892772675,0.8988379240036011,0.6257383227348328,0.6154685616493225,0.0003636354813352227,0.9992548227310181,0.5851209163665771,0.6154544949531555,-0.0004196336376480758,0.999394416809082,0.6225739121437073,0.7303397059440613,-0.018506504595279694,0.95256108045578,0.5937880873680115,0.731518030166626,-0.021748917177319527,0.9326286315917969,0.6268153786659241,0.8221099376678467,0.10729708522558212,0.9550393223762512,0.6051343083381653,0.8419591784477234,0.08777294307947159,0.9447283744812012,0.6233497858047485,0.8302600979804993,0.11095479875802994,0.6515693664550781,0.6092404723167419,0.8550180196762085,0.0926022082567215,0.6735488772392273,0.6358171701431274,0.8666342496871948,-0.013115139678120613,0.942767858505249,0.6077208518981934,0.8796956539154053,-0.019522789865732193,0.9410006403923035
294,0.6091597080230713,0.42367494106292725,-0.22701828181743622,0.9999815225601196,0.6138902306556702,0.4158053994178772,-0.21401789784431458,0.9999370574951172,0.6166642904281616,0.4161534011363983,-0.21402817964553833,0.9999389052391052,0.6188156008720398,0.4164626896381378,-0.21404024958610535,0.9999392032623291,0.6050021648406982,0.4156809151172638,-0.21635892987251282,0.9999338388442993,0.6019670367240906,0.41593533754348755,-0.21638287603855133,0.9999308586120605,0.599001407623291,0.41622239351272583,-0.2163880616426468,0.9999298453330994,0.6223627328872681,0.4222707152366638,-0.12245249003171921,0.9998960494995117,0.5961857438087463,0.4230768084526062,-0.13316774368286133,0.9998509883880615,0.6145971417427063,0.4358638525009155,-0.19118061661720276,0.9999709129333496,0.6029632687568665,0.43578049540519714,-0.19444572925567627,0.9999622702598572,0.6442163586616516,0.4867483675479889,-0.05176886171102524,0.9999417662620544,0.5758554339408875,0.4841157793998718,-0.06898823380470276,0.9999252557754517,0.6476691961288452,0.5504390001296997,-0.005861648358404636,0.9732242226600647,0.5665931701660156,0.5509823560714722,-0.032054997980594635,0.9609857797622681,0.6540402173995972,0.6017333269119263,-0.08137199282646179,0.9490053653717041,0.5578625202178955,0.602189302444458,-0.10317389667034149,0.9450380206108093,0.6579656600952148,0.6216365098953247,-0.10322113335132599,0.9061994552612305,0.5554105043411255,0.6225510239601135,-0.1256968080997467,0.9053245782852173,0.6558809876441956,0.6206753253936768,-0.13142937421798706,0.9138950705528259,0.5585660338401794,0.6211069822311401,-0.14986446499824524,0.9127711057662964,0.6532026529312134,0.6140409111976624,-0.09421069175004959,0.8987029790878296,0.5604614019393921,0.6142785549163818,-0.11403822153806686,0.9003950357437134,0.6260696053504944,0.6123889684677124,0.004092192277312279,0.9992566704750061,0.5851255655288696,0.6129671335220337,-0.004136456176638603,0.9993971586227417,0.6239360570907593,0.7268936634063721,-0.015764325857162476,0.9534341096878052,0.5940629839897156,0.7295894622802734,-0.02407112717628479,0.9357799291610718,0.6292252540588379,0.8257068991661072,0.07184102386236191,0.9564260840415955,0.6051582098007202,0.8421573042869568,0.06537525355815887,0.9466709494590759,0.6247745156288147,0.8369503021240234,0.07276570796966553,0.6617630124092102,0.6091122627258301,0.8554493188858032,0.06711979955434799,0.6768066883087158,0.6409673690795898,0.8695085048675537,-0.039975352585315704,0.9449135065078735,0.6095065474510193,0.8795119524002075,-0.04517557471990585,0.9424030184745789
295,0.6091593503952026,0.41888314485549927,-0.21860429644584656,0.9999817609786987,0.6138761639595032,0.4111170470714569,-0.205668643116951,0.9999382495880127,0.6166628003120422,0.41141217947006226,-0.2056819051504135,0.999940037727356,0.6188061833381653,0.4117109179496765,-0.20569729804992676,0.9999403357505798,0.6049649119377136,0.4109850525856018,-0.20737624168395996,0.9999347925186157,0.6019229888916016,0.41120317578315735,-0.20739643275737762,0.9999314546585083,0.5989339351654053,0.4115002155303955,-0.2073931246995926,0.999930202960968,0.6223074197769165,0.4174935817718506,-0.11547194421291351,0.9998980164527893,0.5959581732749939,0.41842764616012573,-0.12392701208591461,0.999853253364563,0.6146062016487122,0.4310237765312195,-0.18354220688343048,0.9999710917472839,0.6029698252677917,0.430976539850235,-0.18609632551670074,0.999962568283081,0.6444147825241089,0.4825321137905121,-0.049693021923303604,0.999944269657135,0.5751931071281433,0.4801400303840637,-0.05922727286815643,0.9999268054962158,0.6480588912963867,0.5468319058418274,-0.00932256132364273,0.9737406969070435,0.5659421682357788,0.546333909034729,-0.026443857699632645,0.9619058966636658,0.6542974710464478,0.6007302403450012,-0.09192316234111786,0.9506980180740356,0.5578969120979309,0.598056972026825,-0.1003907322883606,0.9462569355964661,0.6581768989562988,0.621014416217804,-0.11574218422174454,0.9087867736816406,0.5558397173881531,0.6189303994178772,-0.12354180961847305,0.9071758985519409,0.6559350490570068,0.6191146373748779,-0.14245343208312988,0.9162423610687256,0.5592977404594421,0.6174868941307068,-0.1480623483657837,0.914420485496521,0.6532731652259827,0.6126402616500854,-0.10438695549964905,0.9011164903640747,0.5612642168998718,0.6102378964424133,-0.11159767955541611,0.9020739793777466,0.6263568997383118,0.6096997261047363,0.0032940020319074392,0.9992882013320923,0.5850284695625305,0.6105166673660278,-0.003340273629873991,0.9994158148765564,0.6254470348358154,0.724234402179718,-0.02786676585674286,0.9537340998649597,0.5941963791847229,0.7280993461608887,-0.024394763633608818,0.936769962310791,0.6299256682395935,0.831543505191803,0.04162989929318428,0.9573348760604858,0.6053125262260437,0.8434352874755859,0.05773952975869179,0.9470275640487671,0.6252630949020386,0.8471623659133911,0.041956059634685516,0.6686429977416992,0.6090008616447449,0.8579363226890564,0.058889735490083694,0.6759520769119263,0.6408366560935974,0.8719642758369446,-0.07112205773591995,0.9463177919387817,0.6082854270935059,0.8793211579322815,-0.051551222801208496,0.9422318935394287
296,0.6091581583023071,0.41558533906936646,-0.20864525437355042,0.9999823570251465,0.6138662695884705,0.4077564775943756,-0.19566085934638977,0.9999405741691589,0.6166618466377258,0.40811440348625183,-0.1956799179315567,0.9999423027038574,0.6188029646873474,0.40858009457588196,-0.19569821655750275,0.9999426603317261,0.6049482226371765,0.4073881208896637,-0.19692930579185486,0.9999368190765381,0.6019148826599121,0.4075717329978943,-0.19694529473781586,0.9999333024024963,0.5989147424697876,0.4078196585178375,-0.19694480299949646,0.9999318718910217,0.6222676038742065,0.4144464135169983,-0.10744891315698624,0.9999016523361206,0.5958343148231506,0.41419360041618347,-0.11430002003908157,0.9998573660850525,0.6146187782287598,0.4271756410598755,-0.17444559931755066,0.9999716877937317,0.6029685735702515,0.42691460251808167,-0.1765591949224472,0.9999632835388184,0.6446455121040344,0.478656530380249,-0.0481431744992733,0.9999473094940186,0.5747991800308228,0.4771956503391266,-0.04848247021436691,0.9999286532402039,0.648464024066925,0.5444573163986206,-0.010490521788597107,0.9743515253067017,0.5654292702674866,0.544162392616272,-0.015335394069552422,0.9621001482009888,0.6548765301704407,0.5989634990692139,-0.10097995400428772,0.9527119398117065,0.5580593347549438,0.5963987708091736,-0.08827812224626541,0.9475040435791016,0.6584963202476501,0.6194954514503479,-0.1255292296409607,0.912190318107605,0.5565256476402283,0.6175907850265503,-0.11030002683401108,0.9093101620674133,0.6560467481613159,0.6178034543991089,-0.15133929252624512,0.9193490743637085,0.5602537393569946,0.6157313585281372,-0.1368769258260727,0.9163556098937988,0.653430700302124,0.6113386750221252,-0.11311981081962585,0.9043415784835815,0.5622155666351318,0.60834139585495,-0.10034546256065369,0.9041185975074768,0.6269737482070923,0.6075868010520935,8.071085903793573e-05,0.999328076839447,0.5850642323493958,0.6086557507514954,-0.00013902856153436005,0.9994393587112427,0.6264474987983704,0.7225511074066162,-0.049393292516469955,0.9527956247329712,0.5943103432655334,0.7262064218521118,-0.03257179632782936,0.9351012706756592,0.6299947500228882,0.8399996161460876,0.00845950935035944,0.9574416279792786,0.6067328453063965,0.844180703163147,0.04089585319161415,0.9458010196685791,0.6264348030090332,0.8581355810165405,0.007455645594745874,0.6708726286888123,0.6093266606330872,0.8613038063049316,0.041538678109645844,0.6740630269050598,0.6381767392158508,0.8742777705192566,-0.10728009790182114,0.946860671043396,0.6075762510299683,0.8795135617256165,-0.06717275083065033,0.9411481618881226
297,0.6089885830879211,0.4131048917770386,-0.21437802910804749,0.9999824166297913,0.6137276887893677,0.4053824841976166,-0.20111991465091705,0.9999409914016724,0.6165392398834229,0.40582746267318726,-0.20113718509674072,0.9999427795410156,0.6187635064125061,0.4062674641609192,-0.20115457475185394,0.9999431371688843,0.6047876477241516,0.40480682253837585,-0.20253610610961914,0.9999368786811829,0.6017331480979919,0.4050637185573578,-0.20255215466022491,0.999933123588562,0.5987342000007629,0.40532949566841125,-0.20255371928215027,0.9999315142631531,0.6221922039985657,0.4119150936603546,-0.11006814241409302,0.9999032616615295,0.5955533385276794,0.41107186675071716,-0.1174260824918747,0.9998568892478943,0.6146025061607361,0.4244784116744995,-0.17930451035499573,0.9999715685844421,0.6028267741203308,0.4239940941333771,-0.1815280020236969,0.9999629259109497,0.6447675824165344,0.47746771574020386,-0.04735652357339859,0.9999489784240723,0.5739988088607788,0.47463753819465637,-0.04881993308663368,0.9999277591705322,0.6488831043243408,0.5438317656517029,-0.00501891877502203,0.9744350910186768,0.5652506947517395,0.5424817204475403,-0.01631375588476658,0.9620152115821838,0.6549891233444214,0.5988793969154358,-0.09190790355205536,0.9534782767295837,0.5581162571907043,0.5958480834960938,-0.09035732597112656,0.948301374912262,0.6587628722190857,0.619484543800354,-0.11977066844701767,0.913569450378418,0.5567688941955566,0.6168910264968872,-0.11539141833782196,0.9107535481452942,0.6562045812606812,0.6177671551704407,-0.14902301132678986,0.9206034541130066,0.5604821443557739,0.6150659322738647,-0.1429765224456787,0.9176564812660217,0.6535627245903015,0.611575186252594,-0.10521970689296722,0.905502200126648,0.5623499155044556,0.6078346371650696,-0.10346844792366028,0.9054474234580994,0.6270711421966553,0.6073493361473083,-0.002717375522479415,0.9993442296981812,0.5850483775138855,0.6091276407241821,0.002683850470930338,0.9994411468505859,0.6269105076789856,0.7218881845474243,-0.04245062172412872,0.9535611867904663,0.5944020748138428,0.7265735268592834,-0.022586306557059288,0.9347153902053833,0.6288636326789856,0.8387588262557983,0.03112988919019699,0.9581183195114136,0.6073530316352844,0.844102144241333,0.04590592533349991,0.9453220963478088,0.6273109316825867,0.8544178009033203,0.03155697509646416,0.6705412864685059,0.6100757718086243,0.8608376979827881,0.04296630993485451,0.6742403507232666,0.6372133493423462,0.8736077547073364,-0.08547918498516083,0.9477381110191345,0.6064396500587463,0.8793880939483643,-0.05735814943909645,0.9404641389846802
298,0.608881950378418,0.40872108936309814,-0.21543613076210022,0.9999814033508301,0.6135402321815491,0.40099281072616577,-0.20165809988975525,0.9999373555183411,0.61642986536026,0.4012641906738281,-0.20167818665504456,0.9999394416809082,0.6186895370483398,0.4017021358013153,-0.2016947716474533,0.9999399185180664,0.6045080423355103,0.4007781445980072,-0.20280766487121582,0.9999330639839172,0.6014568209648132,0.40104585886001587,-0.20282690227031708,0.9999289512634277,0.5983825922012329,0.401428759098053,-0.2028411328792572,0.9999271035194397,0.6219860315322876,0.4079650044441223,-0.11049381643533707,0.9998971819877625,0.5952539443969727,0.4080965220928192,-0.11609990149736404,0.9998462796211243,0.6145861148834229,0.4206901490688324,-0.18047712743282318,0.9999691247940063,0.6027562022209167,0.4204728305339813,-0.1822846382856369,0.9999596476554871,0.6455351114273071,0.47609055042266846,-0.04885027930140495,0.9999479055404663,0.5733846426010132,0.47382304072380066,-0.05104193463921547,0.9999251365661621,0.6490434408187866,0.5432489514350891,-0.007371764630079269,0.9742012023925781,0.5645450949668884,0.5434299111366272,-0.016506649553775787,0.9613345861434937,0.6555472016334534,0.5986500382423401,-0.09158983081579208,0.9534194469451904,0.558013916015625,0.5975468754768372,-0.08916908502578735,0.9477476477622986,0.6597651839256287,0.6191024780273438,-0.11657190322875977,0.9136863350868225,0.5567178130149841,0.6183037161827087,-0.11300325393676758,0.9100056290626526,0.6573279500007629,0.617760419845581,-0.14507688581943512,0.920699954032898,0.5604606866836548,0.6166189312934875,-0.1410147100687027,0.9169424772262573,0.6545484662055969,0.6117764711380005,-0.10480167716741562,0.9054238796234131,0.5623202919960022,0.6096693873405457,-0.10221897810697556,0.9046317934989929,0.6272234320640564,0.6081449389457703,-0.003109976416453719,0.9993449449539185,0.584918737411499,0.6099755764007568,0.0030760341323912144,0.9994393587112427,0.6276252269744873,0.7221668362617493,-0.038882266730070114,0.9541261792182922,0.5946578979492188,0.7268728017807007,-0.020166955888271332,0.9351013898849487,0.6279629468917847,0.8377403616905212,0.03991512954235077,0.9587147831916809,0.6077911853790283,0.844041645526886,0.05307990685105324,0.9455571174621582,0.6267865896224976,0.8524922728538513,0.04069821909070015,0.6730692386627197,0.6103853583335876,0.8611679077148438,0.04895845800638199,0.676110029220581,0.6359054446220398,0.8727415800094604,-0.07519110292196274,0.9487169981002808,0.6061883568763733,0.8790377974510193,-0.054160647094249725,0.9405975341796875
299,0.6088677644729614,0.4070627689361572,-0.17920111119747162,0.9999814629554749,0.6135179400444031,0.3989785313606262,-0.16397736966609955,0.9999396800994873,0.6164262294769287,0.39919671416282654,-0.164021298289299,0.9999414086341858,0.618681788444519,0.3995719254016876,-0.16405613720417023,0.9999424815177917,0.6044294238090515,0.39872294664382935,-0.16465425491333008,0.9999357461929321,0.6013754606246948,0.39889970421791077,-0.164655864238739,0.9999309778213501,0.598281741142273,0.39915788173675537,-0.16467054188251495,0.999929666519165,0.6219092607498169,0.4055827856063843,-0.07540719956159592,0.9999013543128967,0.5950354337692261,0.40586385130882263,-0.07952219247817993,0.9998501539230347,0.6145840287208557,0.41897106170654297,-0.14566349983215332,0.9999682903289795,0.6027508974075317,0.41874727606773376,-0.14694556593894958,0.9999585151672363,0.6456828713417053,0.47355547547340393,-0.02754370868206024,0.9999464154243469,0.5727793574333191,0.472236692905426,-0.023366140201687813,0.9999251365661621,0.6491096019744873,0.5416473746299744,-0.005506505258381367,0.9741711616516113,0.5643447041511536,0.5431984066963196,0.0007081722724251449,0.9585779905319214,0.6562876105308533,0.5989626049995422,-0.09022051095962524,0.9547000527381897,0.5577747225761414,0.5971673130989075,-0.07615770399570465,0.9460787177085876,0.6607410311698914,0.6197745203971863,-0.11614049226045609,0.9159747958183289,0.5562843084335327,0.6184571385383606,-0.09773228317499161,0.9080521464347839,0.6583333611488342,0.6184561252593994,-0.13956065475940704,0.922762393951416,0.5599296689033508,0.6169590353965759,-0.12378416955471039,0.9150955080986023,0.6554484963417053,0.6123637557029724,-0.10192039608955383,0.907238245010376,0.5619576573371887,0.6099511384963989,-0.08845677971839905,0.902604341506958,0.6274958252906799,0.6061505675315857,-0.0031670010648667812,0.9993343353271484,0.5849009156227112,0.6081684827804565,0.0031431198585778475,0.9994365572929382,0.6281709671020508,0.7168479561805725,-0.09457047283649445,0.9433184862136841,0.5949742197990417,0.7237392663955688,-0.08101069182157516,0.9223622679710388,0.6274204254150391,0.835935652256012,-0.06388949602842331,0.9459801316261292,0.6076987981796265,0.843991219997406,-0.04925231635570526,0.9350041151046753,0.6266893744468689,0.8516571521759033,-0.06690338999032974,0.6600754857063293,0.6103200912475586,0.8634378910064697,-0.052733320742845535,0.6639305353164673,0.6347955465316772,0.8577878475189209,-0.1745595633983612,0.9396474361419678,0.6060273051261902,0.8713963031768799,-0.16311948001384735,0.9306464791297913
300,0.6087194681167603,0.4043184518814087,-0.2046954482793808,0.9999789595603943,0.6133773922920227,0.3963843584060669,-0.1873006522655487,0.9999357461929321,0.61635822057724,0.396602988243103,-0.187406525015831,0.9999369978904724,0.6186357736587524,0.3969786763191223,-0.18750110268592834,0.9999393224716187,0.6041422486305237,0.39615124464035034,-0.18699078261852264,0.9999327063560486,0.6010744571685791,0.3963359296321869,-0.1869933307170868,0.9999268651008606,0.597935140132904,0.3966551125049591,-0.18706844747066498,0.9999265074729919,0.6218544840812683,0.4031391739845276,-0.09379144012928009,0.9998952150344849,0.5946988463401794,0.4036969840526581,-0.0902986004948616,0.999841034412384,0.6145599484443665,0.41649678349494934,-0.16974657773971558,0.9999625086784363,0.6026061773300171,0.4162933826446533,-0.1701207160949707,0.9999510049819946,0.64604252576828,0.4724709987640381,-0.04610435292124748,0.9999339580535889,0.5721522569656372,0.4720277786254883,-0.03084629960358143,0.9999220371246338,0.6493127942085266,0.541006326675415,-0.015795955434441566,0.9730768799781799,0.5644761323928833,0.5438099503517151,-0.013631260022521019,0.9559152126312256,0.6568666100502014,0.5994673371315002,-0.09010057151317596,0.9527000784873962,0.5572376251220703,0.5984410047531128,-0.09770481288433075,0.9443309307098389,0.6614571809768677,0.62074875831604,-0.11359047144651413,0.9127371907234192,0.5545865297317505,0.6198049783706665,-0.11781737953424454,0.906006932258606,0.6593410968780518,0.6194153428077698,-0.13665929436683655,0.9196431040763855,0.5577082633972168,0.6183794140815735,-0.14500564336776733,0.9131554365158081,0.6563915610313416,0.6133109927177429,-0.10176578164100647,0.903271496295929,0.5601459741592407,0.6115484833717346,-0.11034947633743286,0.900301992893219,0.6286070942878723,0.6060683727264404,-0.004210798069834709,0.9992826581001282,0.5849735736846924,0.6077727675437927,0.004197435453534126,0.9994057416915894,0.628736674785614,0.7123728394508362,-0.10485038161277771,0.9335836172103882,0.5950990915298462,0.7216556072235107,-0.08855445683002472,0.9086856842041016,0.627144992351532,0.8353685140609741,-0.07373308390378952,0.9325229525566101,0.6079142689704895,0.8437830805778503,-0.05494246631860733,0.9219143390655518,0.6261088252067566,0.8512592315673828,-0.07703405618667603,0.6443824768066406,0.6105063557624817,0.8639843463897705,-0.0581182986497879,0.6479986906051636,0.6300336718559265,0.8569069504737854,-0.18960736691951752,0.9291247725486755,0.6059127449989319,0.8700594902038574,-0.17427706718444824,0.9193987846374512
301,0.6087756156921387,0.4019703269004822,-0.2562100291252136,0.9999781250953674,0.6134021878242493,0.3939189016819,-0.2415751963853836,0.9999356865882874,0.6163902282714844,0.3942584693431854,-0.24163542687892914,0.9999367594718933,0.6186400651931763,0.3946192264556885,-0.24168972671031952,0.9999397397041321,0.6041486263275146,0.39358729124069214,-0.24176354706287384,0.9999325275421143,0.6010792851448059,0.39380091428756714,-0.24178890883922577,0.9999257326126099,0.5979427099227905,0.3940874934196472,-0.24183863401412964,0.9999257922172546,0.6218766570091248,0.4009597599506378,-0.14669910073280334,0.9998959302902222,0.5945608019828796,0.40113162994384766,-0.1484590768814087,0.9998405575752258,0.6146643161773682,0.414605975151062,-0.21971112489700317,0.9999620318412781,0.6026453375816345,0.41433823108673096,-0.22052760422229767,0.9999502897262573,0.646562933921814,0.4716337025165558,-0.08649484068155289,0.9999337792396545,0.5718335509300232,0.47056254744529724,-0.06947549432516098,0.9999229907989502,0.6497900485992432,0.5405891537666321,-0.05868607014417648,0.9736372232437134,0.5642255544662476,0.5441144108772278,-0.025830645114183426,0.954375147819519,0.6578132510185242,0.5992448925971985,-0.1519579291343689,0.9544534087181091,0.5556808710098267,0.598930299282074,-0.1048225611448288,0.9445585012435913,0.6625688672065735,0.6215655207633972,-0.17730139195919037,0.9156706929206848,0.5529969334602356,0.6203441023826599,-0.12654611468315125,0.9064769148826599,0.6602262258529663,0.6203017830848694,-0.20520028471946716,0.9223194122314453,0.5562425255775452,0.6185745000839233,-0.1577599048614502,0.9137119054794312,0.6571294665336609,0.6142156720161438,-0.1650274395942688,0.9060062766075134,0.5586001873016357,0.6133912205696106,-0.1190391480922699,0.9011026620864868,0.6308873295783997,0.6053261160850525,-0.00605396181344986,0.9992741346359253,0.5858334302902222,0.6073125600814819,0.006032871548086405,0.9994006752967834,0.6285699009895325,0.7146032452583313,-0.08247847110033035,0.9214727282524109,0.5951999425888062,0.7222282886505127,-0.07525060325860977,0.8918828964233398,0.6238407492637634,0.8379660844802856,-0.03564902022480965,0.9212009310722351,0.6095268130302429,0.8440729975700378,-0.02351374179124832,0.9110915064811707,0.6208470463752747,0.8563969731330872,-0.03784725069999695,0.6296394467353821,0.6124969124794006,0.8648644685745239,-0.024988451972603798,0.6369304060935974,0.6286414265632629,0.8662485480308533,-0.15469610691070557,0.9207844138145447,0.6088686585426331,0.8705230355262756,-0.14329122006893158,0.9119917750358582
302,0.6088243722915649,0.39835453033447266,-0.3386557996273041,0.9999787211418152,0.6135273575782776,0.3900127708911896,-0.3254920244216919,0.9999374747276306,0.6164938807487488,0.39047181606292725,-0.3255179524421692,0.9999386668205261,0.6187299489974976,0.3910001516342163,-0.3255695402622223,0.9999415278434753,0.6042128205299377,0.3894920349121094,-0.32521647214889526,0.9999342560768127,0.6011072993278503,0.3896734416484833,-0.3252720832824707,0.9999277591705322,0.5979859828948975,0.3898373246192932,-0.32531389594078064,0.9999275207519531,0.6222391128540039,0.397754967212677,-0.2258332222700119,0.9998998641967773,0.5945418477058411,0.396738737821579,-0.22539453208446503,0.9998456835746765,0.6147513389587402,0.4111388027667999,-0.2995046079158783,0.9999634623527527,0.6026521921157837,0.4105435013771057,-0.2996011972427368,0.9999518990516663,0.6467047929763794,0.4685251712799072,-0.15017610788345337,0.9999373555183411,0.5717261433601379,0.4674941301345825,-0.12706197798252106,0.9999256730079651,0.6499544382095337,0.5393847227096558,-0.10350397974252701,0.9752877950668335,0.5640228986740112,0.5423675179481506,-0.07170969992876053,0.9562056064605713,0.6586208939552307,0.600066602230072,-0.18384170532226562,0.9570291638374329,0.5529611706733704,0.5994492769241333,-0.14798307418823242,0.9472663402557373,0.6641888618469238,0.6218416690826416,-0.2080119252204895,0.9198049306869507,0.54998379945755,0.6207131147384644,-0.17009708285331726,0.9103871583938599,0.6612866520881653,0.6206908226013184,-0.2395087331533432,0.9260875582695007,0.553471565246582,0.6197094917297363,-0.20609275996685028,0.9173959493637085,0.6581018567085266,0.615114152431488,-0.1977030485868454,0.9102287292480469,0.5558408498764038,0.6148436069488525,-0.16396130621433258,0.9053453207015991,0.6310505867004395,0.6023744344711304,-0.013997214846313,0.9993083477020264,0.5859044194221497,0.6057735681533813,0.013946113176643848,0.9994224309921265,0.628391444683075,0.7150248885154724,-0.07087089866399765,0.9221241474151611,0.5969957113265991,0.722409725189209,-0.03371952846646309,0.887813925743103,0.6219404339790344,0.8407052159309387,-0.016210053116083145,0.9234735369682312,0.610395610332489,0.8446933031082153,0.04289324954152107,0.9109639525413513,0.6205338835716248,0.8575818538665771,-0.015725761651992798,0.6344558596611023,0.6142722368240356,0.8651716709136963,0.043417252600193024,0.642616331577301,0.6242751479148865,0.874329149723053,-0.12609004974365234,0.9224158525466919,0.6060232520103455,0.8787356615066528,-0.07755573093891144,0.9125805497169495
303,0.609413206577301,0.393017441034317,-0.3267824351787567,0.9999799728393555,0.6141158938407898,0.38472452759742737,-0.3127428889274597,0.9999416470527649,0.616838276386261,0.38519924879074097,-0.3127751350402832,0.9999428391456604,0.6190890669822693,0.38570109009742737,-0.31283044815063477,0.9999455809593201,0.6047128438949585,0.38406750559806824,-0.31355535984039307,0.9999381303787231,0.6013746857643127,0.3842862844467163,-0.3135873079299927,0.9999318718910217,0.5982511639595032,0.384490966796875,-0.3136201798915863,0.999931275844574,0.6226145625114441,0.39255136251449585,-0.21218891441822052,0.9999070763587952,0.5945421457290649,0.3914181590080261,-0.2176402062177658,0.9998550415039062,0.6151646375656128,0.4061928987503052,-0.2875162959098816,0.9999660849571228,0.6028650403022766,0.40563324093818665,-0.28923964500427246,0.999954879283905,0.6474312543869019,0.46521317958831787,-0.13487736880779266,0.9999422430992126,0.5713858008384705,0.46424227952957153,-0.12551560997962952,0.9999290108680725,0.6521410346031189,0.5373018383979797,-0.08442308753728867,0.9770147204399109,0.5640583038330078,0.5403923988342285,-0.07103065401315689,0.9572648406028748,0.6623640060424805,0.5990448594093323,-0.17045044898986816,0.960472583770752,0.5512296557426453,0.6003454327583313,-0.14875392615795135,0.9494380354881287,0.6686477661132812,0.6223058104515076,-0.19518443942070007,0.9257363677024841,0.5464493632316589,0.620975911617279,-0.1719578206539154,0.9136036038398743,0.664375364780426,0.6210846900939941,-0.22755351662635803,0.9315894246101379,0.5501481294631958,0.6209596395492554,-0.20848679542541504,0.9204719066619873,0.6607820391654968,0.615297794342041,-0.18472790718078613,0.9166370034217834,0.5530529618263245,0.6155869960784912,-0.165147066116333,0.9089527130126953,0.6331100463867188,0.59819495677948,-0.012006792239844799,0.9993483424186707,0.5871197581291199,0.600551187992096,0.011962180957198143,0.999445378780365,0.6286904215812683,0.7162795066833496,-0.07283856719732285,0.9166965484619141,0.5987548232078552,0.7223556041717529,-0.04930388182401657,0.876528263092041,0.6196014285087585,0.8473930954933167,-0.019086692482233047,0.9193974733352661,0.6105090975761414,0.8454095721244812,0.018927253782749176,0.902794599533081,0.6158369779586792,0.8658789396286011,-0.021119939163327217,0.6276377439498901,0.6138765215873718,0.8656924962997437,0.018417498096823692,0.6324033141136169,0.6243880391120911,0.8817998170852661,-0.14585444331169128,0.9183471202850342,0.606001615524292,0.8798753023147583,-0.10723631083965302,0.9070534706115723
304,0.6094138026237488,0.38641101121902466,-0.3539496958255768,0.9999812841415405,0.6141186356544495,0.3780457079410553,-0.3393196761608124,0.9999457597732544,0.6168549656867981,0.3785216212272644,-0.33934563398361206,0.9999469518661499,0.6191145181655884,0.37922433018684387,-0.33940744400024414,0.99994957447052,0.6047179698944092,0.3776148855686188,-0.3401206135749817,0.9999419450759888,0.6013810634613037,0.37792232632637024,-0.34015631675720215,0.9999361038208008,0.5982695817947388,0.37845751643180847,-0.340178519487381,0.9999351501464844,0.622664749622345,0.3862932026386261,-0.23460344970226288,0.9999141693115234,0.5945404767990112,0.3855036497116089,-0.24020251631736755,0.9998642206192017,0.6152238845825195,0.3989708125591278,-0.31317615509033203,0.9999686479568481,0.6028674840927124,0.3986694812774658,-0.3149665892124176,0.9999578595161438,0.6483047008514404,0.4601217806339264,-0.15294711291790009,0.9999468922615051,0.5712899565696716,0.4586549401283264,-0.1398315131664276,0.9999315142631531,0.653692364692688,0.5344322919845581,-0.09491876512765884,0.9787309765815735,0.5641158819198608,0.5364448428153992,-0.08085773140192032,0.9584176540374756,0.665068507194519,0.5986155867576599,-0.17340047657489777,0.9637039303779602,0.5496712923049927,0.59897780418396,-0.15934112668037415,0.951319694519043,0.6721298098564148,0.622545599937439,-0.197395920753479,0.9312962889671326,0.5434072613716125,0.6217734813690186,-0.18297718465328217,0.9163200259208679,0.6673634052276611,0.6212160587310791,-0.23125521838665009,0.936737060546875,0.5477433800697327,0.6215324401855469,-0.22073374688625336,0.923063337802887,0.6634355783462524,0.6154217720031738,-0.18798677623271942,0.9226884841918945,0.551052451133728,0.6159221529960632,-0.17638437449932098,0.9120101928710938,0.6346251964569092,0.5935232043266296,-0.011318773962557316,0.9993895888328552,0.588269829750061,0.5956091284751892,0.011270749382674694,0.9994689226150513,0.6294502019882202,0.7167410254478455,-0.07095804065465927,0.9137663245201111,0.5994023680686951,0.7223204374313354,-0.04958925396203995,0.8684802651405334,0.6184083223342896,0.8503265976905823,-0.011316651478409767,0.9174226522445679,0.610368013381958,0.8470965623855591,0.01966586895287037,0.8969767093658447,0.6145105361938477,0.8684951066970825,-0.012973181903362274,0.6227495074272156,0.6136111617088318,0.8661747574806213,0.019346293061971664,0.6230761408805847,0.6244584918022156,0.8858638405799866,-0.1410883665084839,0.9157741665840149,0.6059657335281372,0.883108913898468,-0.1047447919845581,0.9030476808547974
305,0.6094302535057068,0.3797087073326111,-0.3681717813014984,0.9999826550483704,0.614118754863739,0.37187832593917847,-0.3539349436759949,0.9999496936798096,0.616860032081604,0.37236982583999634,-0.35393285751342773,0.9999509453773499,0.6191465258598328,0.372989684343338,-0.353982150554657,0.9999533891677856,0.6047176718711853,0.37147682905197144,-0.355954110622406,0.9999457597732544,0.6013842821121216,0.371783584356308,-0.3560083210468292,0.9999405145645142,0.5982722640037537,0.3723560571670532,-0.35602930188179016,0.9999393224716187,0.6226808428764343,0.37981054186820984,-0.24811917543411255,0.999920666217804,0.5945222973823547,0.37960368394851685,-0.2588362991809845,0.9998735785484314,0.6153484582901001,0.3921651840209961,-0.3266506493091583,0.9999710321426392,0.602872908115387,0.39179059863090515,-0.3299412727355957,0.9999605417251587,0.6485084295272827,0.4545862674713135,-0.15904109179973602,0.9999513030052185,0.5708091259002686,0.45339730381965637,-0.15887008607387543,0.9999344348907471,0.6546210646629333,0.5305741429328918,-0.0921294093132019,0.9800218939781189,0.5639399886131287,0.5333511829376221,-0.10131307691335678,0.9603295922279358,0.6683660745620728,0.5957213640213013,-0.1726708859205246,0.9663075804710388,0.5491098761558533,0.5957518815994263,-0.17435868084430695,0.9534859657287598,0.6752257943153381,0.6209383606910706,-0.19546771049499512,0.9356590509414673,0.5422151684761047,0.6214070320129395,-0.19765503704547882,0.9193617701530457,0.6701610088348389,0.6191769242286682,-0.2313116490840912,0.9408228993415833,0.5465002059936523,0.6212583780288696,-0.23508457839488983,0.9259033799171448,0.6662313342094421,0.6130548119544983,-0.18819469213485718,0.927508533000946,0.5499448180198669,0.6150402426719666,-0.19091936945915222,0.9152164459228516,0.6352297067642212,0.587337076663971,-0.0110019501298666,0.9994339942932129,0.5883868336677551,0.5893614292144775,0.010929268784821033,0.9994978308677673,0.6297349333763123,0.716861367225647,-0.06877531856298447,0.9142741560935974,0.5987585783004761,0.7198544144630432,-0.023665329441428185,0.8663303852081299,0.6184896230697632,0.8536229729652405,-0.007017906289547682,0.9199659824371338,0.6098082065582275,0.8457797765731812,0.05792133882641792,0.8949835300445557,0.6147657632827759,0.8701849579811096,-0.007889267057180405,0.6186169385910034,0.6121445298194885,0.861636757850647,0.05864674225449562,0.6162706017494202,0.6229926943778992,0.8911678194999695,-0.13823340833187103,0.9175450801849365,0.6046463251113892,0.8826318979263306,-0.06474103033542633,0.9024467468261719
306,0.609423041343689,0.3726527690887451,-0.34066951274871826,0.999984085559845,0.6141268014907837,0.365231454372406,-0.3259454369544983,0.9999537467956543,0.6168845891952515,0.3658487796783447,-0.3259389102458954,0.9999549984931946,0.6192595958709717,0.3663267195224762,-0.3259783089160919,0.999957263469696,0.6047168970108032,0.36481964588165283,-0.32818514108657837,0.9999497532844543,0.601394772529602,0.36506348848342896,-0.3282260000705719,0.9999451041221619,0.5982751846313477,0.36522001028060913,-0.32823750376701355,0.9999437928199768,0.6229627728462219,0.3736953139305115,-0.22149647772312164,0.9999273419380188,0.5945047736167908,0.3729386627674103,-0.23260629177093506,0.9998832941055298,0.6154690384864807,0.38572412729263306,-0.2997966408729553,0.9999734163284302,0.6028035283088684,0.3848381042480469,-0.30323418974876404,0.9999633431434631,0.6487486362457275,0.448135107755661,-0.1381026953458786,0.9999555349349976,0.5706369280815125,0.44909995794296265,-0.13584813475608826,0.9999362826347351,0.6559358835220337,0.5254481434822083,-0.07608015090227127,0.9810813069343567,0.5638791918754578,0.5283783674240112,-0.07997070252895355,0.9613135457038879,0.6705915927886963,0.5922972559928894,-0.15711961686611176,0.9684718251228333,0.5486876964569092,0.590856671333313,-0.1537061184644699,0.9543088674545288,0.6773011088371277,0.6176410913467407,-0.17960286140441895,0.939247190952301,0.5413041710853577,0.6184216737747192,-0.17662064731121063,0.9201801419258118,0.673077404499054,0.6158503890037537,-0.21383708715438843,0.9442071914672852,0.5453653931617737,0.6182625889778137,-0.21210385859012604,0.9266567826271057,0.6691235303878784,0.6093991994857788,-0.1721041053533554,0.9314918518066406,0.549067497253418,0.6107650399208069,-0.16958579421043396,0.9161117076873779,0.6359205842018127,0.5807594060897827,-0.012046522460877895,0.999477207660675,0.5884181261062622,0.5821634531021118,0.011941644363105297,0.9995274543762207,0.6299064755439758,0.7138988375663757,-0.07763953506946564,0.9177901744842529,0.594461977481842,0.713591456413269,-0.02464754693210125,0.870771586894989,0.6185627579689026,0.8516586422920227,-0.00454831263050437,0.9242976307868958,0.606876790523529,0.8377439379692078,0.055094100534915924,0.8966071009635925,0.6151811480522156,0.8677724599838257,-0.005443108733743429,0.6149467825889587,0.6095017194747925,0.8513026237487793,0.05729164928197861,0.6137783527374268,0.6178897619247437,0.8901329636573792,-0.13958397507667542,0.9210405945777893,0.6019198894500732,0.8818976283073425,-0.06391549110412598,0.9044842720031738
307,0.6094900965690613,0.36552080512046814,-0.3250701427459717,0.9999853372573853,0.6143091917037964,0.35788172483444214,-0.31486764550209045,0.9999573230743408,0.6170716881752014,0.35856011509895325,-0.31499525904655457,0.9999585747718811,0.6194996237754822,0.35889244079589844,-0.3150681257247925,0.999960720539093,0.6048129200935364,0.35740673542022705,-0.3127164840698242,0.9999533295631409,0.6015195846557617,0.3575400710105896,-0.312752902507782,0.9999491572380066,0.5984224081039429,0.35752174258232117,-0.312838077545166,0.999947726726532,0.623444676399231,0.3667979836463928,-0.2013590782880783,0.999933123588562,0.5945058465003967,0.36608099937438965,-0.22734038531780243,0.9998916983604431,0.6156178116798401,0.3780752122402191,-0.29420164227485657,0.9999754428863525,0.6027967929840088,0.37750938534736633,-0.29062384366989136,0.9999656081199646,0.64943528175354,0.43986836075782776,-0.11548351496458054,0.9999592900276184,0.5706870555877686,0.443617582321167,-0.13102439045906067,0.9999376535415649,0.658907949924469,0.5167746543884277,-0.0529482439160347,0.9818063378334045,0.5643324255943298,0.5206193923950195,-0.0655183494091034,0.962074875831604,0.6734862923622131,0.5852579474449158,-0.1429639607667923,0.9702763557434082,0.5483484268188477,0.5859374403953552,-0.13541348278522491,0.9545449614524841,0.6799039840698242,0.6112052798271179,-0.16628777980804443,0.9422231316566467,0.5405609607696533,0.6134104132652283,-0.1586199253797531,0.9202345609664917,0.6754621267318726,0.6092376708984375,-0.2050781100988388,0.9470298886299133,0.5444912910461426,0.6130578517913818,-0.19688095152378082,0.9267346262931824,0.6714428663253784,0.6022797226905823,-0.15989743173122406,0.9348159432411194,0.5482446551322937,0.6051616668701172,-0.15248635411262512,0.9163120985031128,0.6380703449249268,0.5765079855918884,-0.011723717674612999,0.9995169043540955,0.5887863636016846,0.5791518092155457,0.011592683382332325,0.9995564222335815,0.630264937877655,0.7103805541992188,-0.07825295627117157,0.9221923351287842,0.5917287468910217,0.7147360444068909,-0.04377908632159233,0.8785106539726257,0.6181376576423645,0.8505768179893494,0.0012672784505411983,0.928644061088562,0.6052775382995605,0.8284130096435547,0.06763632595539093,0.8978759050369263,0.6146506667137146,0.8676823973655701,0.002326487796381116,0.619621992111206,0.6080546379089355,0.8402989506721497,0.0730084627866745,0.6091697812080383,0.6185486912727356,0.8902403116226196,-0.13590526580810547,0.924757182598114,0.6020331382751465,0.8790643811225891,-0.03764665871858597,0.9052240252494812
308,0.6095288991928101,0.35975179076194763,-0.3475504219532013,0.9999862313270569,0.614474892616272,0.3514324426651001,-0.332752525806427,0.9999597668647766,0.617247462272644,0.35196664929389954,-0.33275270462036133,0.9999611377716064,0.619735062122345,0.35250261425971985,-0.3327925503253937,0.9999631643295288,0.6048679351806641,0.351138174533844,-0.3348076045513153,0.9999555349349976,0.6015520691871643,0.35127246379852295,-0.33485421538352966,0.9999518394470215,0.5984601378440857,0.35138237476348877,-0.3348751664161682,0.9999500513076782,0.6240499019622803,0.3607540428638458,-0.2211630791425705,0.9999366998672485,0.5944986343383789,0.3600267171859741,-0.23488013446331024,0.9998971819877625,0.6157978773117065,0.37233543395996094,-0.30544212460517883,0.9999768733978271,0.602799654006958,0.37166568636894226,-0.30825838446617126,0.9999668002128601,0.6506019830703735,0.43201857805252075,-0.1264697164297104,0.999962568283081,0.5707410573959351,0.4394832253456116,-0.14225010573863983,0.9999381899833679,0.6614000201225281,0.5090054869651794,-0.057328153401613235,0.9825019240379333,0.5645103454589844,0.5168468952178955,-0.08265247195959091,0.9635245203971863,0.6764988899230957,0.5771077275276184,-0.15153977274894714,0.972017765045166,0.5481224060058594,0.5839812159538269,-0.1568928211927414,0.9555236101150513,0.6818601489067078,0.6039672493934631,-0.17499102652072906,0.9451016187667847,0.5401111245155334,0.610266923904419,-0.18109534680843353,0.9213343858718872,0.6776756644248962,0.6022416353225708,-0.21329250931739807,0.9497840404510498,0.5432700514793396,0.6096981167793274,-0.21943089365959167,0.9277557134628296,0.6739203333854675,0.5954558849334717,-0.16857942938804626,0.9380854368209839,0.547078013420105,0.6016877889633179,-0.17392151057720184,0.9174700379371643,0.6398670673370361,0.5734897255897522,-0.007335146423429251,0.9995545744895935,0.5890743732452393,0.5743743777275085,0.007197047583758831,0.9995836019515991,0.6318833231925964,0.7093340754508972,-0.08111683279275894,0.9258670210838318,0.5908475518226624,0.7132543325424194,-0.05563325434923172,0.8853790163993835,0.6180158257484436,0.8498126864433289,0.00227549159899354,0.9319393634796143,0.6034876704216003,0.818379819393158,0.09625042974948883,0.8941915035247803,0.61451655626297,0.8668421506881714,0.003764161840081215,0.6240696310997009,0.6061950922012329,0.827375590801239,0.10570163279771805,0.5958890914916992,0.6190353035926819,0.8901673555374146,-0.13255055248737335,0.9272791743278503,0.6022527813911438,0.8722728490829468,-0.0016640485264360905,0.9021005034446716
309,0.6094266176223755,0.35295578837394714,-0.3300909996032715,0.9999866485595703,0.6144808530807495,0.3442554175853729,-0.3153005540370941,0.9999602437019348,0.6172892451286316,0.3447165787220001,-0.31529805064201355,0.9999620318412781,0.6198179125785828,0.3454398810863495,-0.31532973051071167,0.9999639987945557,0.6048674583435059,0.34409454464912415,-0.3167661726474762,0.999954879283905,0.6015551090240479,0.344245582818985,-0.31680363416671753,0.9999518394470215,0.5984655618667603,0.34453538060188293,-0.3168209195137024,0.9999492168426514,0.6246015429496765,0.35378679633140564,-0.2089131772518158,0.9999362230300903,0.5945841073989868,0.35359057784080505,-0.21798451244831085,0.9998946189880371,0.6157987713813782,0.3650083541870117,-0.28910303115844727,0.999977171421051,0.6027631759643555,0.36449316143989563,-0.29129916429519653,0.9999657869338989,0.6526380181312561,0.4265363812446594,-0.12198693305253983,0.999965250492096,0.5716851949691772,0.43463218212127686,-0.13015951216220856,0.999936580657959,0.6640202403068542,0.5060549974441528,-0.05734187737107277,0.9828185439109802,0.5651081800460815,0.5124250054359436,-0.07484617829322815,0.9636454582214355,0.6796508431434631,0.5721049904823303,-0.14996714890003204,0.973149836063385,0.5480482578277588,0.5814933180809021,-0.14955830574035645,0.954680860042572,0.6848551034927368,0.5998579263687134,-0.17274275422096252,0.9468480944633484,0.5396488904953003,0.6068998575210571,-0.17339067161083221,0.9195857644081116,0.680662989616394,0.5985152125358582,-0.20886828005313873,0.9515231847763062,0.5419699549674988,0.6067925095558167,-0.20832419395446777,0.9261576533317566,0.6769706606864929,0.5921908020973206,-0.1661735475063324,0.9401652812957764,0.5460891127586365,0.5993868708610535,-0.16519275307655334,0.9159447550773621,0.6400062441825867,0.5715486407279968,-0.004289718344807625,0.999588131904602,0.5891206860542297,0.5709032416343689,0.004122120328247547,0.9996069073677063,0.6338441967964172,0.7083715796470642,-0.08857350051403046,0.9291466474533081,0.5912679433822632,0.7085450291633606,-0.07824990898370743,0.8917900323867798,0.6198336482048035,0.8494927883148193,0.0034611180890351534,0.9353551864624023,0.5995312333106995,0.8129153251647949,0.08458983898162842,0.8943072557449341,0.6151847839355469,0.8671237826347351,0.00562960235401988,0.6265013813972473,0.6013079881668091,0.8211656808853149,0.09421982616186142,0.585463285446167,0.6193938851356506,0.8911641240119934,-0.1308240294456482,0.9301733374595642,0.5993711352348328,0.869744598865509,-0.01741146855056286,0.9031521081924438
310,0.6092525720596313,0.3466944992542267,-0.33857524394989014,0.9999874234199524,0.6144750714302063,0.3378870189189911,-0.3226443827152252,0.9999619126319885,0.6173006296157837,0.3383598029613495,-0.3226349353790283,0.9999639987945557,0.6198503375053406,0.33908402919769287,-0.32266050577163696,0.9999657869338989,0.6048396825790405,0.33783677220344543,-0.3241933584213257,0.9999563097953796,0.601536214351654,0.33808475732803345,-0.32423487305641174,0.9999539852142334,0.5984582304954529,0.3385138213634491,-0.3242403566837311,0.9999511241912842,0.6249152421951294,0.34770655632019043,-0.21526671946048737,0.9999386668205261,0.5945942401885986,0.34775587916374207,-0.22351917624473572,0.9998980760574341,0.6157881021499634,0.3585793077945709,-0.2971232235431671,0.9999778270721436,0.6026903390884399,0.35839471220970154,-0.29955342411994934,0.9999660849571228,0.6543518304824829,0.422504186630249,-0.13049966096878052,0.9999675154685974,0.5719131827354431,0.43182939291000366,-0.13255935907363892,0.9999369382858276,0.6662603616714478,0.5024454593658447,-0.06367099285125732,0.9832472801208496,0.5651849508285522,0.5108501315116882,-0.07765939831733704,0.9635003209114075,0.683266282081604,0.5687548518180847,-0.14937663078308105,0.9741047024726868,0.5475136041641235,0.5812119841575623,-0.15165285766124725,0.9531806111335754,0.6883490681648254,0.5959623456001282,-0.16929566860198975,0.9480884671211243,0.5391851663589478,0.6057845950126648,-0.1751757264137268,0.9164610505104065,0.684783935546875,0.59519362449646,-0.20687462389469147,0.95280921459198,0.5407288670539856,0.6060937643051147,-0.20982976257801056,0.9232288002967834,0.6814253330230713,0.5890849828720093,-0.16485722362995148,0.9416292905807495,0.5448760986328125,0.5990411043167114,-0.16758790612220764,0.9127839207649231,0.6420806050300598,0.5676791071891785,-0.005707504227757454,0.9996140599250793,0.5898504257202148,0.5653135180473328,0.005544967949390411,0.9996283054351807,0.6345174312591553,0.7000410556793213,-0.09675741195678711,0.9318873882293701,0.5915477275848389,0.6992068290710449,-0.10544224083423615,0.8983983993530273,0.6202974915504456,0.8481679558753967,-0.0013676274102181196,0.9387204647064209,0.5969194769859314,0.814506471157074,0.02041621506214142,0.9003889560699463,0.6162002086639404,0.863920271396637,0.0004799555172212422,0.628787100315094,0.5988878011703491,0.8261228203773499,0.025906329974532127,0.5930759310722351,0.6186367869377136,0.8901153206825256,-0.14005976915359497,0.9336057901382446,0.5939227938652039,0.8695153594017029,-0.10209587961435318,0.9090961217880249
311,0.6093922257423401,0.34066033363342285,-0.275921106338501,0.9999875426292419,0.6145439743995667,0.331876665353775,-0.2599964141845703,0.999961256980896,0.6174120306968689,0.33231034874916077,-0.26001402735710144,0.9999637603759766,0.6200085282325745,0.33287692070007324,-0.2600412666797638,0.9999659061431885,0.6048616766929626,0.3321625292301178,-0.26089659333229065,0.9999551177024841,0.6015485525131226,0.3325383961200714,-0.26091232895851135,0.999953031539917,0.5984606146812439,0.3331623077392578,-0.2609303295612335,0.9999502897262573,0.6251108646392822,0.3411957621574402,-0.158832848072052,0.9999361038208008,0.5945156216621399,0.34235337376594543,-0.16332004964351654,0.9998943209648132,0.6160619854927063,0.35274121165275574,-0.23703458905220032,0.9999761581420898,0.602759063243866,0.352918416261673,-0.23840060830116272,0.9999628067016602,0.6554341316223145,0.41555145382881165,-0.09006641060113907,0.9999686479568481,0.5721337795257568,0.42662787437438965,-0.08210041373968124,0.9999333620071411,0.6667426228523254,0.4960319697856903,-0.04419312998652458,0.9824998378753662,0.565324068069458,0.5066829919815063,-0.03384122997522354,0.9601811170578003,0.6835994124412537,0.5609999299049377,-0.13056989014148712,0.9742072224617004,0.5474480390548706,0.5787701606750488,-0.10820035636425018,0.9491228461265564,0.6893833875656128,0.5860621929168701,-0.15150530636310577,0.9484164118766785,0.5389025807380676,0.6029837131500244,-0.13086314499378204,0.9106674194335938,0.6878534555435181,0.5861847400665283,-0.18520177900791168,0.9531468152999878,0.5402750968933105,0.6032333374023438,-0.16535216569900513,0.917732834815979,0.6845638155937195,0.5802344083786011,-0.14579549431800842,0.9419072270393372,0.5445848703384399,0.5963807702064514,-0.12454601377248764,0.9074645042419434,0.6423135995864868,0.5663918256759644,-0.006680028047412634,0.9996288418769836,0.5904771685600281,0.5626514554023743,0.006536666303873062,0.9996436238288879,0.6356596946716309,0.7027153968811035,-0.081125907599926,0.9344264268875122,0.5915026664733887,0.6942322850227356,-0.10616778582334518,0.905005156993866,0.6202812790870667,0.8479141592979431,-0.001037324545904994,0.9417252540588379,0.595653772354126,0.8176720142364502,0.002772318432107568,0.9061530828475952,0.6170297861099243,0.8637693524360657,-0.0007542846142314374,0.6260257363319397,0.5983561277389526,0.8306081891059875,0.006523447576910257,0.599531888961792,0.6181818842887878,0.8894913792610168,-0.14010381698608398,0.9360583424568176,0.5870314836502075,0.8714847564697266,-0.11753241717815399,0.9144145250320435
312,0.6097958087921143,0.3342847228050232,-0.24684061110019684,0.9999867677688599,0.6147546172142029,0.3256930112838745,-0.23113413155078888,0.9999576807022095,0.6176652312278748,0.326153963804245,-0.23116132616996765,0.9999610185623169,0.6203542947769165,0.3265654742717743,-0.23119153082370758,0.9999638795852661,0.6049973368644714,0.32618850469589233,-0.2317430078983307,0.9999498724937439,0.6017063856124878,0.32659557461738586,-0.23175787925720215,0.9999480247497559,0.5986024141311646,0.3271878659725189,-0.2317844033241272,0.9999455809593201,0.6254779100418091,0.33473798632621765,-0.132442906498909,0.9999284744262695,0.5945287346839905,0.3363777697086334,-0.13546529412269592,0.9998815655708313,0.6165685057640076,0.34659478068351746,-0.20894743502140045,0.9999721646308899,0.603184163570404,0.3467724025249481,-0.20988765358924866,0.9999553561210632,0.6565632224082947,0.4098343253135681,-0.06901691854000092,0.9999696016311646,0.5724449753761292,0.4208863377571106,-0.056203603744506836,0.9999288320541382,0.666739821434021,0.4888923764228821,-0.03434206172823906,0.9810053110122681,0.5656392574310303,0.5017837882041931,-0.005336869973689318,0.9558018445968628,0.6836636066436768,0.5532969832420349,-0.12978091835975647,0.9736973643302917,0.5470899939537048,0.5764804482460022,-0.0761391893029213,0.9448358416557312,0.6901682019233704,0.5781002044677734,-0.15227888524532318,0.9480270743370056,0.538435161113739,0.6007704734802246,-0.09781427681446075,0.904839038848877,0.6883206367492676,0.5780879259109497,-0.18482129275798798,0.9527837038040161,0.5397356152534485,0.6011810302734375,-0.13307692110538483,0.9121924042701721,0.6844495534896851,0.5716210007667542,-0.14490830898284912,0.9413145780563354,0.5440871715545654,0.5941526889801025,-0.09265939146280289,0.9021669030189514,0.6420412063598633,0.564314067363739,-0.008193332701921463,0.9996453523635864,0.5906184315681458,0.5585771799087524,0.008065871894359589,0.9996570944786072,0.6359583139419556,0.7041312456130981,-0.07834187150001526,0.9347796440124512,0.5908854603767395,0.69096839427948,-0.09788814932107925,0.908327579498291,0.6202741861343384,0.847808301448822,-0.015346886590123177,0.9434198141098022,0.5942451357841492,0.8195576667785645,-0.0004572681209538132,0.908798098564148,0.6171760559082031,0.8635624051094055,-0.01838810183107853,0.6146255135536194,0.5972227454185486,0.8322974443435669,0.002043849788606167,0.5968417525291443,0.6181365847587585,0.8906416893005371,-0.15909087657928467,0.9369118809700012,0.5842021107673645,0.8764203786849976,-0.12116320431232452,0.917353093624115
313,0.6099025011062622,0.32877427339553833,-0.19571855664253235,0.999987006187439,0.6148620843887329,0.3200342059135437,-0.1791389435529709,0.999958336353302,0.6178106069564819,0.32062771916389465,-0.17917290329933167,0.9999618530273438,0.6205694079399109,0.32114890217781067,-0.1792106032371521,0.9999648928642273,0.6050942540168762,0.3201403319835663,-0.1795358657836914,0.9999500513076782,0.601826012134552,0.32039955258369446,-0.1795167177915573,0.999948263168335,0.5987229347229004,0.32075750827789307,-0.1795222908258438,0.9999460577964783,0.6257489919662476,0.3291682004928589,-0.08462599664926529,0.9999290108680725,0.5945553779602051,0.32968947291374207,-0.08712267875671387,0.9998805522918701,0.6166669130325317,0.3412669003009796,-0.1600065678358078,0.9999713897705078,0.6032640337944031,0.3411092460155487,-0.16082026064395905,0.9999533295631409,0.6570650339126587,0.4042530655860901,-0.03682033345103264,0.9999715089797974,0.5724648833274841,0.4155445694923401,-0.01589023508131504,0.9999250173568726,0.667514979839325,0.4821627736091614,-0.017225509509444237,0.9798455834388733,0.5658057332038879,0.4967396557331085,0.022720687091350555,0.9496501684188843,0.6849252581596375,0.5459860563278198,-0.11616460978984833,0.974116861820221,0.5467881560325623,0.5729803442955017,-0.053014084696769714,0.9417051076889038,0.6911576390266418,0.5708758234977722,-0.14188531041145325,0.9494146108627319,0.5378677845001221,0.5985621809959412,-0.07514136284589767,0.9015847444534302,0.6887244582176208,0.5702570676803589,-0.17128567397594452,0.9540046453475952,0.539837658405304,0.5988391637802124,-0.1103113666176796,0.9090005159378052,0.6846941113471985,0.5631614923477173,-0.13045035302639008,0.9426091313362122,0.5441014766693115,0.5914804935455322,-0.06967205554246902,0.8992207050323486,0.6418904662132263,0.5616066455841064,-0.011534998193383217,0.9996700882911682,0.5906336307525635,0.5562940835952759,0.011456621810793877,0.9996750950813293,0.6357412338256836,0.7050738334655762,-0.0782652273774147,0.9372155666351318,0.5905976891517639,0.6900289058685303,-0.08063150197267532,0.9116623401641846,0.6198355555534363,0.8528920412063599,-0.02894018404185772,0.9461346864700317,0.5906466245651245,0.8222060799598694,0.010518671944737434,0.912458062171936,0.617182731628418,0.871455729007721,-0.03347048535943031,0.6102015376091003,0.5931384563446045,0.8355041146278381,0.011973190121352673,0.5989701747894287,0.6171765327453613,0.8914244174957275,-0.17042510211467743,0.9387297034263611,0.5774455070495605,0.8789514303207397,-0.10675027966499329,0.9206685423851013
314,0.6099503040313721,0.32284826040267944,-0.22264285385608673,0.9999875426292419,0.6148785948753357,0.3138936161994934,-0.2071845680475235,0.9999603033065796,0.6178470253944397,0.31450918316841125,-0.20721182227134705,0.9999637603759766,0.6206129789352417,0.31501638889312744,-0.20725232362747192,0.9999668002128601,0.6051045060157776,0.31426435708999634,-0.20811009407043457,0.9999521374702454,0.6018384099006653,0.31472864747047424,-0.20809891819953918,0.9999503493309021,0.5987280011177063,0.3152318596839905,-0.20810790359973907,0.9999483823776245,0.625788688659668,0.323175311088562,-0.11219847202301025,0.9999324679374695,0.5944584012031555,0.3245061933994293,-0.11666429042816162,0.9998844861984253,0.6167798042297363,0.33585211634635925,-0.18603749573230743,0.999971866607666,0.6032894849777222,0.3360592722892761,-0.18748414516448975,0.9999535083770752,0.6577527523040771,0.39890164136886597,-0.05846142768859863,0.999972939491272,0.5724442005157471,0.41146013140678406,-0.03986947983503342,0.9999216794967651,0.6683552265167236,0.47592830657958984,-0.02761664241552353,0.9789859056472778,0.5658457279205322,0.4933958351612091,0.00627089524641633,0.9462651014328003,0.6858594417572021,0.5383566617965698,-0.13254033029079437,0.9744741320610046,0.5464363694190979,0.5690109729766846,-0.057088349014520645,0.9395440816879272,0.6916821599006653,0.564150869846344,-0.1595003604888916,0.950573742389679,0.5373542904853821,0.5958679914474487,-0.07667424529790878,0.8988029360771179,0.6887025833129883,0.5633043050765991,-0.1869947910308838,0.9550246000289917,0.5395338535308838,0.5961894989013672,-0.11234623938798904,0.9063566327095032,0.6846822500228882,0.5550726652145386,-0.14632423222064972,0.9436414837837219,0.5439051985740662,0.5883725881576538,-0.07341158390045166,0.8966898322105408,0.6418819427490234,0.5566964745521545,-0.014572626911103725,0.9996892213821411,0.5906007885932922,0.552676260471344,0.014487643726170063,0.9996882081031799,0.6354929804801941,0.7037460803985596,-0.08502131700515747,0.9398108124732971,0.5897247791290283,0.6886997818946838,-0.06842254102230072,0.9149828553199768,0.6195728778839111,0.855697512626648,-0.048727311193943024,0.9490278959274292,0.589512050151825,0.8333123922348022,-3.508643931127153e-05,0.9166231155395508,0.6170170307159424,0.8752655386924744,-0.053838785737752914,0.6091195344924927,0.5927355289459229,0.853033721446991,-0.0011456671636551619,0.6036491394042969,0.61762934923172,0.8988897800445557,-0.19147706031799316,0.9413818717002869,0.5745120644569397,0.8842256665229797,-0.12217671424150467,0.9243319034576416
315,0.6100296378135681,0.31599581241607666,-0.1199256181716919,0.9999877214431763,0.6149799823760986,0.3067508041858673,-0.10060484707355499,0.9999616742134094,0.6179942488670349,0.30735960602760315,-0.10065889358520508,0.9999650120735168,0.6208112239837646,0.30801424384117126,-0.10072267055511475,0.9999682903289795,0.6051439046859741,0.3070087134838104,-0.10228975117206573,0.9999539256095886,0.601860761642456,0.307455837726593,-0.10227786749601364,0.9999521374702454,0.5987459421157837,0.30797940492630005,-0.10230818390846252,0.9999508857727051,0.6259685158729553,0.31669071316719055,-0.003373711369931698,0.9999338984489441,0.5944589376449585,0.31777137517929077,-0.011736258864402771,0.9998882412910461,0.6169849634170532,0.32894858717918396,-0.08358930051326752,0.9999696612358093,0.6033619046211243,0.3290703296661377,-0.08619256317615509,0.9999499917030334,0.6579568982124329,0.39414912462234497,0.039920516312122345,0.999973475933075,0.5724113583564758,0.40517985820770264,0.040925633162260056,0.9999165534973145,0.6700258851051331,0.47050192952156067,0.06082148849964142,0.9752463102340698,0.5658478736877441,0.48946648836135864,0.06856319308280945,0.9405896663665771,0.687370777130127,0.5329964756965637,-0.03185288608074188,0.9727818369865417,0.545960009098053,0.5673067569732666,-0.005728487856686115,0.934148907661438,0.6930303573608398,0.5580500960350037,-0.054677292704582214,0.9486927390098572,0.5366899371147156,0.5942200422286987,-0.026182714849710464,0.8918001651763916,0.6906973123550415,0.5577892661094666,-0.08165593445301056,0.9532254338264465,0.5388166308403015,0.5950539708137512,-0.059106748551130295,0.8996047377586365,0.6866906881332397,0.5494523644447327,-0.045315761119127274,0.9411622881889343,0.5433573722839355,0.5870299339294434,-0.021091772243380547,0.8895900845527649,0.6421764492988586,0.5481221079826355,-0.014189251698553562,0.9997093677520752,0.5906229615211487,0.5442332625389099,0.014100266620516777,0.9997032880783081,0.635323166847229,0.6977577805519104,-0.10297466069459915,0.9340572953224182,0.5890830159187317,0.6860421299934387,-0.07541599124670029,0.9028581380844116,0.6170076727867126,0.855999767780304,-0.08691808581352234,0.9452360272407532,0.5889027118682861,0.8428924083709717,-0.03600718453526497,0.9082638621330261,0.6159784197807312,0.8769345879554749,-0.09303119778633118,0.5865020751953125,0.5919831395149231,0.8650396466255188,-0.0389009490609169,0.5806898474693298,0.6177852749824524,0.8973842263221741,-0.2303454428911209,0.9378313422203064,0.5733245611190796,0.8890742659568787,-0.16432860493659973,0.9187819957733154
316,0.6100637912750244,0.3076649308204651,-0.14553125202655792,0.9999863505363464,0.615074634552002,0.29912522435188293,-0.12493722140789032,0.9999591112136841,0.6180870532989502,0.29981160163879395,-0.12500223517417908,0.9999626874923706,0.6209875345230103,0.30084970593452454,-0.12505683302879333,0.9999671578407288,0.605292022228241,0.2987357974052429,-0.12784959375858307,0.9999505877494812,0.602008581161499,0.29904991388320923,-0.12786179780960083,0.999949038028717,0.5988672971725464,0.29958030581474304,-0.1279103010892868,0.9999492764472961,0.6260967254638672,0.3098604381084442,-0.019586673006415367,0.9999248385429382,0.5944653153419495,0.310451865196228,-0.03267126530408859,0.999881386756897,0.6170003414154053,0.32127493619918823,-0.10651281476020813,0.9999641180038452,0.6033718585968018,0.32085201144218445,-0.11037590354681015,0.999942421913147,0.6588147878646851,0.3898181617259979,0.035647887736558914,0.999971866607666,0.5724000334739685,0.4016838073730469,0.022108281031250954,0.9999085664749146,0.6705611944198608,0.46642744541168213,0.039515696465969086,0.9696646332740784,0.565849781036377,0.4870779514312744,0.053825050592422485,0.9381819367408752,0.6870416402816772,0.5270192623138428,-0.08102789521217346,0.9693655371665955,0.5457910299301147,0.5661769509315491,-0.026289358735084534,0.929087221622467,0.692640483379364,0.5506211519241333,-0.10590139776468277,0.9442800283432007,0.5365089774131775,0.592749297618866,-0.05015101656317711,0.885067880153656,0.6909029483795166,0.5496624112129211,-0.1357533037662506,0.9491341710090637,0.5385386943817139,0.5937414765357971,-0.08521173149347305,0.8929914832115173,0.6868366599082947,0.541079044342041,-0.0956348106265068,0.935788631439209,0.5431855916976929,0.5856592655181885,-0.04255041107535362,0.8826157450675964,0.6426441669464111,0.5468830466270447,-0.004552952945232391,0.9997110962867737,0.5906041264533997,0.5418489575386047,0.004483425058424473,0.9997013807296753,0.6351765394210815,0.6972374320030212,-0.09628267586231232,0.9260717034339905,0.5885204672813416,0.6836832165718079,-0.11562111228704453,0.8993843793869019,0.6156648397445679,0.8551642298698425,-0.05889567732810974,0.9404247403144836,0.5883259177207947,0.8456395268440247,-0.05407364293932915,0.9012677669525146,0.6134119033813477,0.8751641511917114,-0.06350656598806381,0.5647229552268982,0.587584912776947,0.8661043643951416,-0.05501727759838104,0.5578941106796265,0.6179203987121582,0.8968537449836731,-0.2071208655834198,0.9332940578460693,0.5777570605278015,0.888501763343811,-0.19247089326381683,0.9138316512107849
317,0.6097768545150757,0.3021964132785797,-0.16237252950668335,0.9999846816062927,0.615035355091095,0.2936360239982605,-0.1424933224916458,0.999954879283905,0.6180664896965027,0.2943752408027649,-0.1425570547580719,0.9999586939811707,0.6209867000579834,0.29530757665634155,-0.14261701703071594,0.9999645948410034,0.60517418384552,0.2932058870792389,-0.14501777291297913,0.999946117401123,0.6018284559249878,0.29360032081604004,-0.1450236290693283,0.9999446868896484,0.598601222038269,0.29438516497612,-0.14507097005844116,0.9999464750289917,0.6262060403823853,0.303922563791275,-0.03772437199950218,0.9999129176139832,0.594181478023529,0.3052435517311096,-0.049136366695165634,0.999871551990509,0.6169467568397522,0.3160386383533478,-0.1233137845993042,0.9999558925628662,0.6029481887817383,0.3156563341617584,-0.12669844925403595,0.9999315738677979,0.6592361927032471,0.3847099542617798,0.02000742219388485,0.9999682307243347,0.5723715424537659,0.39680564403533936,0.010564904659986496,0.999897837638855,0.670728862285614,0.4596203863620758,0.04376908391714096,0.9633171558380127,0.5657527446746826,0.48358047008514404,0.051349442452192307,0.9339646697044373,0.6873582601547241,0.522829532623291,-0.05448000505566597,0.9648765921592712,0.5449033975601196,0.5648077726364136,-0.018080757930874825,0.9225080013275146,0.6926052570343018,0.5454897284507751,-0.07862026989459991,0.9380301833152771,0.5352368354797363,0.5919175148010254,-0.03960743173956871,0.8765716552734375,0.6909497380256653,0.5445542335510254,-0.1077776849269867,0.943338930606842,0.5371728539466858,0.5927645564079285,-0.07560447603464127,0.884745717048645,0.6870638132095337,0.5364782214164734,-0.06918618828058243,0.9286724328994751,0.5420876145362854,0.5843703150749207,-0.034541718661785126,0.8740952014923096,0.642786979675293,0.5465967059135437,-0.003500021295621991,0.9997101426124573,0.590341329574585,0.5413301587104797,0.003439938649535179,0.9997014999389648,0.6350814700126648,0.6965984106063843,-0.09459073096513748,0.9220303297042847,0.5872365832328796,0.6821277737617493,-0.12771986424922943,0.9002238512039185,0.6147190928459167,0.8560305833816528,-0.060053884983062744,0.9383238554000854,0.5849833488464355,0.8467430472373962,-0.06368522346019745,0.9007532000541687,0.6101205945014954,0.8780277371406555,-0.06494759023189545,0.5530750155448914,0.5842847228050232,0.8683947324752808,-0.06444134563207626,0.5465773940086365,0.6189476847648621,0.898804783821106,-0.2095957249403,0.9315516948699951,0.5796374678611755,0.8912567496299744,-0.20124244689941406,0.913738489151001
318,0.609589159488678,0.29621535539627075,-0.246944859623909,0.9999830722808838,0.6150186657905579,0.28741273283958435,-0.22719578444957733,0.9999513030052185,0.6180643439292908,0.2881455719470978,-0.2272515743970871,0.9999555945396423,0.6210050582885742,0.2890150547027588,-0.2273148149251938,0.9999622702598572,0.6050569415092468,0.28702133893966675,-0.23076844215393066,0.9999415278434753,0.6016339063644409,0.28740620613098145,-0.23080773651599884,0.9999405741691589,0.5982873439788818,0.28823554515838623,-0.23086926341056824,0.9999428391456604,0.6265057921409607,0.2980048358440399,-0.11042877286672592,0.99990314245224,0.59396892786026,0.29936283826828003,-0.12786896526813507,0.9998626708984375,0.6169470548629761,0.31027987599372864,-0.2030484676361084,0.9999509453773499,0.602729082107544,0.3100642263889313,-0.20795488357543945,0.9999244809150696,0.6599134206771851,0.3806050419807434,-0.005672825966030359,0.9999649524688721,0.5723501443862915,0.39356744289398193,-0.052554283291101456,0.9998930096626282,0.6705629825592041,0.45837289094924927,0.020583979785442352,0.9599257111549377,0.5656298398971558,0.4790559411048889,0.00842096284031868,0.933494508266449,0.687111496925354,0.5208797454833984,-0.07264155894517899,0.9622650742530823,0.5436007976531982,0.5627451539039612,-0.05233471468091011,0.9190954566001892,0.6925510764122009,0.5430009961128235,-0.09513051807880402,0.9337747693061829,0.5335828065872192,0.5899807214736938,-0.07311198860406876,0.8712749481201172,0.6908636689186096,0.5420527458190918,-0.12766337394714355,0.9394935965538025,0.5361966490745544,0.5907372832298279,-0.11617863178253174,0.8795462846755981,0.6870377659797668,0.534527063369751,-0.0881243497133255,0.9240208864212036,0.541312575340271,0.5821990966796875,-0.07066581398248672,0.8686332702636719,0.6426821947097778,0.5451333522796631,0.0042649684473872185,0.9997038841247559,0.5894943475723267,0.5389061570167542,-0.004346920643001795,0.9996947646141052,0.6348032355308533,0.6955846548080444,-0.08289024978876114,0.9133273959159851,0.5868428349494934,0.6802254915237427,-0.12893714010715485,0.9000324010848999,0.6138399839401245,0.8562942743301392,-0.04135437682271004,0.9345250725746155,0.5824878811836243,0.844849705696106,-0.05534553527832031,0.8995009064674377,0.6056711077690125,0.8823094367980957,-0.04631669819355011,0.5472440719604492,0.5797945261001587,0.8661301732063293,-0.05540865287184715,0.5378555655479431,0.6195123791694641,0.8985385298728943,-0.20199275016784668,0.9286711812019348,0.5855714678764343,0.8887388706207275,-0.19922728836536407,0.9133302569389343
319,0.6095877289772034,0.2911694049835205,-0.14197808504104614,0.9999827742576599,0.6150192618370056,0.2819923162460327,-0.11969594657421112,0.9999515414237976,0.6180703639984131,0.2827085852622986,-0.11977942287921906,0.9999558925628662,0.6210461854934692,0.2836892902851105,-0.11983821541070938,0.9999629259109497,0.6050422191619873,0.2818578779697418,-0.12329795956611633,0.9999418258666992,0.6016103029251099,0.28237196803092957,-0.12332037091255188,0.9999412298202515,0.5982203483581543,0.2831156253814697,-0.12339343130588531,0.9999442100524902,0.6266610622406006,0.29347512125968933,-0.009052875451743603,0.9999003410339355,0.59382563829422,0.2943331301212311,-0.02471850998699665,0.9998646378517151,0.6170664429664612,0.30529218912124634,-0.10090620070695877,0.9999480843544006,0.6027417182922363,0.3050781786441803,-0.10561935603618622,0.9999212622642517,0.6609125137329102,0.3765254318714142,0.055803194642066956,0.9999634623527527,0.572262704372406,0.39019253849983215,0.02590927481651306,0.9998908638954163,0.6705814599990845,0.45281779766082764,0.05675482749938965,0.9536927938461304,0.5645126104354858,0.4757007658481598,0.0675402507185936,0.9306438565254211,0.6867144703865051,0.5145547986030579,-0.07590262591838837,0.9585145115852356,0.5416907072067261,0.5608476400375366,-0.0051177185960114,0.912717342376709,0.692160964012146,0.5372276902198792,-0.10225112736225128,0.9293675422668457,0.5314182639122009,0.5878798961639404,-0.02748734876513481,0.8633558750152588,0.6903119683265686,0.5355390310287476,-0.13146105408668518,0.9353503584861755,0.5344703197479248,0.588863730430603,-0.06361015141010284,0.8717165589332581,0.6865600943565369,0.5282638669013977,-0.09106623381376266,0.9184304475784302,0.5397180914878845,0.5801123380661011,-0.021219570189714432,0.8601678609848022,0.6426002979278564,0.5426286458969116,0.008438167162239552,0.9997081756591797,0.588758647441864,0.5356795787811279,-0.008483522571623325,0.9996981024742126,0.6347249150276184,0.6902821063995361,-0.08543678373098373,0.9063534140586853,0.5863835215568542,0.6765698194503784,-0.16626372933387756,0.9021450281143188,0.6138682961463928,0.856381356716156,-0.06438896805047989,0.9304278492927551,0.5811858177185059,0.8437304496765137,-0.11814424395561218,0.898436963558197,0.6051019430160522,0.8838433027267456,-0.07087309658527374,0.5371972322463989,0.5781486630439758,0.8658663034439087,-0.12033849209547043,0.5292313098907471,0.619549036026001,0.8998078107833862,-0.21754300594329834,0.925542950630188,0.587515652179718,0.8883877992630005,-0.26522359251976013,0.9129904508590698
320,0.6095957159996033,0.2835780382156372,-0.102480448782444,0.9999832510948181,0.6150330901145935,0.2747107148170471,-0.07961375266313553,0.9999536275863647,0.6181085705757141,0.27555662393569946,-0.07970152795314789,0.9999576807022095,0.6211480498313904,0.27661508321762085,-0.07975383847951889,0.999964714050293,0.6050431132316589,0.274262011051178,-0.08214056491851807,0.9999446868896484,0.6016073822975159,0.2747439742088318,-0.08215797692537308,0.9999440908432007,0.598202645778656,0.2753763198852539,-0.08223238587379456,0.9999474287033081,0.626873791217804,0.28661683201789856,0.0288370531052351,0.9999027252197266,0.59369957447052,0.2868040204048157,0.017397167161107063,0.9998713731765747,0.6171718835830688,0.2982005178928375,-0.06268675625324249,0.999947190284729,0.6027450561523438,0.29789891839027405,-0.06616675108671188,0.9999211430549622,0.6621779799461365,0.3728201389312744,0.07751625776290894,0.9999610781669617,0.5719478726387024,0.3833410441875458,0.06039811298251152,0.9998908638954163,0.6716245412826538,0.45032209157943726,0.056408677250146866,0.9473156332969666,0.5641083121299744,0.47125884890556335,0.0841551423072815,0.9255983233451843,0.6866846680641174,0.5130610466003418,-0.07983845472335815,0.9548755288124084,0.5394132733345032,0.5596914887428284,-0.004528416320681572,0.9076070785522461,0.6920863389968872,0.5352290272712708,-0.11193963885307312,0.9254227876663208,0.5289014577865601,0.5868808031082153,-0.028232593089342117,0.8575438261032104,0.6901838183403015,0.5331122875213623,-0.13206441700458527,0.9314879179000854,0.5316314697265625,0.5882588624954224,-0.06320331245660782,0.8657842874526978,0.686488151550293,0.5260918140411377,-0.09531296789646149,0.9132131934165955,0.5368879437446594,0.5794919729232788,-0.02072697877883911,0.8537961840629578,0.6426494121551514,0.5400379300117493,0.006208723410964012,0.9997187852859497,0.5884958505630493,0.5316733717918396,-0.006269155535846949,0.9997109770774841,0.6344200968742371,0.6878533363342285,-0.1006273478269577,0.8998547196388245,0.5857698917388916,0.6764680743217468,-0.15462255477905273,0.9024993777275085,0.6132875084877014,0.8580997586250305,-0.09002222865819931,0.92696613073349,0.5827295184135437,0.8489465117454529,-0.11282484978437424,0.8995000720024109,0.6051235198974609,0.8859665989875793,-0.0972038060426712,0.5357798933982849,0.5809317231178284,0.8734771609306335,-0.11591003835201263,0.530644416809082,0.6195617914199829,0.9030706286430359,-0.23873849213123322,0.9235436320304871,0.5852112770080566,0.8967975378036499,-0.25648680329322815,0.9141977429389954
321,0.6095092296600342,0.27466967701911926,-0.23263278603553772,0.9999834299087524,0.6150079965591431,0.2662489414215088,-0.21107888221740723,0.9999545216560364,0.6181073188781738,0.26706239581108093,-0.21114365756511688,0.9999584555625916,0.6211557388305664,0.2680332064628601,-0.2112104445695877,0.9999654293060303,0.6049311757087708,0.26621338725090027,-0.2125127613544464,0.9999459385871887,0.6014276742935181,0.26693397760391235,-0.212547168135643,0.9999452829360962,0.5978906750679016,0.2678532898426056,-0.2125903218984604,0.9999487996101379,0.6270251870155334,0.2789584994316101,-0.09099090099334717,0.9999053478240967,0.5933046340942383,0.2798704206943512,-0.09774503111839294,0.9998747110366821,0.6172402501106262,0.2897084951400757,-0.18789754807949066,0.9999476075172424,0.6025968790054321,0.28949621319770813,-0.19005444645881653,0.9999219179153442,0.6633643507957458,0.3677956461906433,-0.02184838056564331,0.9999593496322632,0.5705452561378479,0.3779562711715698,-0.010270018130540848,0.9998883605003357,0.6727780103683472,0.4478289484977722,-0.005890008993446827,0.9470330476760864,0.5622444748878479,0.4684593081474304,0.0468422956764698,0.9234455227851868,0.6865370273590088,0.5117238759994507,-0.13435786962509155,0.9528539776802063,0.5363650918006897,0.5576285719871521,-0.0521637387573719,0.9055488109588623,0.6918676495552063,0.535005509853363,-0.16595079004764557,0.9222336411476135,0.5264739990234375,0.5851236581802368,-0.08076658099889755,0.854338526725769,0.6899279952049255,0.5323246717453003,-0.19894365966320038,0.9284830689430237,0.5294739603996277,0.5868828892707825,-0.12152892351150513,0.8627766370773315,0.6862654685974121,0.5251403450965881,-0.15143056213855743,0.9094280004501343,0.534424364566803,0.5778864622116089,-0.07140976935625076,0.8506152629852295,0.6426202654838562,0.537167489528656,-0.005151435732841492,0.9997208714485168,0.587157666683197,0.5287191271781921,0.005111063364893198,0.9997164011001587,0.6317803263664246,0.688997745513916,-0.0974327027797699,0.9022119641304016,0.5858479738235474,0.6785147190093994,-0.1124940812587738,0.9057013392448425,0.6132231950759888,0.8592323064804077,-0.0500246100127697,0.9292963147163391,0.584769606590271,0.8551415801048279,-0.03341247886419296,0.9040626883506775,0.6059344410896301,0.885450541973114,-0.05377749726176262,0.5413681864738464,0.5838531851768494,0.8793950080871582,-0.03431059047579765,0.5413113832473755,0.6196659803390503,0.9065196514129639,-0.2318519651889801,0.9252697229385376,0.5808100700378418,0.906347393989563,-0.19119468331336975,0.9174426794052124
322,0.6095121502876282,0.2655661404132843,-0.12901398539543152,0.9999837875366211,0.6150261163711548,0.2576708197593689,-0.10530412942171097,0.9999564290046692,0.6181618571281433,0.2584838271141052,-0.10539437085390091,0.99996018409729,0.6212610006332397,0.2595014274120331,-0.10545305162668228,0.9999670386314392,0.6049022078514099,0.25758230686187744,-0.10625238716602325,0.9999483823776245,0.6013730764389038,0.2583114504814148,-0.10627266764640808,0.9999475479125977,0.5977692604064941,0.2590272128582001,-0.10633695870637894,0.9999513030052185,0.6271659731864929,0.27078571915626526,0.006802309304475784,0.9999088048934937,0.5930207967758179,0.27118322253227234,0.002641280647367239,0.9998792409896851,0.6174061298370361,0.28025344014167786,-0.08831614255905151,0.999948263168335,0.6025816202163696,0.279635488986969,-0.08970151096582413,0.9999234080314636,0.6635624170303345,0.36142024397850037,0.051525089889764786,0.9999575018882751,0.5696831941604614,0.37226399779319763,0.05186658352613449,0.9998882412910461,0.6728822588920593,0.44586440920829773,0.019545989111065865,0.9452000856399536,0.5594996809959412,0.4641839265823364,0.09019316732883453,0.919814944267273,0.6864365935325623,0.5105355978012085,-0.1335953027009964,0.9505491852760315,0.5327147245407104,0.5543584227561951,0.004188024438917637,0.9007209539413452,0.6917945146560669,0.5342668294906616,-0.16931825876235962,0.9195663928985596,0.5228297710418701,0.5818259119987488,-0.02125176228582859,0.8485865592956543,0.6893887519836426,0.5310531258583069,-0.19616760313510895,0.9257254004478455,0.525075376033783,0.583527684211731,-0.060426197946071625,0.8571879267692566,0.6853544116020203,0.5237845182418823,-0.14895722270011902,0.9057237505912781,0.5300890207290649,0.5749746561050415,-0.014141577295958996,0.8449900150299072,0.6409142017364502,0.5343397259712219,-0.0010645020520314574,0.9997243881225586,0.5830303430557251,0.527571976184845,0.0009779396932572126,0.9997223019599915,0.6299472451210022,0.6859986782073975,-0.09972835332155228,0.895865797996521,0.5859659910202026,0.6771938800811768,-0.11986887454986572,0.9031437039375305,0.6133143305778503,0.8622803688049316,-0.07083287090063095,0.9253605604171753,0.5871469378471375,0.8683699369430542,-0.07543791085481644,0.9036135673522949,0.606097936630249,0.8896371126174927,-0.07641846686601639,0.5369603037834167,0.5870077013969421,0.8954702019691467,-0.07941876351833344,0.5395958423614502,0.626744270324707,0.9079930782318115,-0.22798456251621246,0.9225346446037292,0.581367015838623,0.92223060131073,-0.2306908518075943,0.9167194962501526
323,0.6092597246170044,0.2563159167766571,-0.11564106494188309,0.999984622001648,0.6149151921272278,0.2485523372888565,-0.09167768806219101,0.9999591708183289,0.6181543469429016,0.2494329810142517,-0.09177213907241821,0.9999626278877258,0.6212713718414307,0.2505083978176117,-0.09184357523918152,0.9999692440032959,0.6045400500297546,0.24862021207809448,-0.09143789112567902,0.9999517798423767,0.6008938550949097,0.24953250586986542,-0.09144075214862823,0.9999507665634155,0.5971277952194214,0.25059422850608826,-0.09149327874183655,0.9999547004699707,0.6273216605186462,0.2631048262119293,0.022132307291030884,0.9999146461486816,0.5924543738365173,0.26385298371315,0.023735184222459793,0.9998865723609924,0.6174237728118896,0.2717006206512451,-0.07402458786964417,0.9999500513076782,0.6020986437797546,0.2718150317668915,-0.07386957854032516,0.9999262094497681,0.6634023785591125,0.3519677519798279,0.06308291107416153,0.9999569058418274,0.5682586431503296,0.36484017968177795,0.08075951784849167,0.9998881220817566,0.6729386448860168,0.43808844685554504,0.03162769973278046,0.9423179030418396,0.5555601119995117,0.4580634832382202,0.12000822275876999,0.9124529957771301,0.6863537430763245,0.5067672729492188,-0.12852151691913605,0.9447554349899292,0.5290594696998596,0.5483852028846741,0.030583558604121208,0.8911632299423218,0.6916621923446655,0.5314723253250122,-0.16444993019104004,0.9126762747764587,0.5198183655738831,0.5766891241073608,0.004516413435339928,0.8369665741920471,0.6891806125640869,0.5287123918533325,-0.19146983325481415,0.918918788433075,0.5216394662857056,0.5780711770057678,-0.03407673165202141,0.8459892272949219,0.6848819255828857,0.521245539188385,-0.1440155804157257,0.8973366618156433,0.5269566178321838,0.5694245100021362,0.012100749649107456,0.8338664770126343,0.6400922536849976,0.5282414555549622,-0.007363145239651203,0.9997354745864868,0.5806428790092468,0.521731436252594,0.007290517911314964,0.9997348785400391,0.6278709769248962,0.6831949353218079,-0.12641407549381256,0.8935193419456482,0.5855764150619507,0.6743890643119812,-0.12617304921150208,0.9024577140808105,0.6133978366851807,0.8630291223526001,-0.10755208134651184,0.923848032951355,0.5878102779388428,0.8718311786651611,-0.09047019481658936,0.9044696688652039,0.607326328754425,0.8895814418792725,-0.11413314938545227,0.5300630927085876,0.5908499360084534,0.898534893989563,-0.09481503814458847,0.541962206363678,0.6205803155899048,0.9098213911056519,-0.26897481083869934,0.9214696288108826,0.5792866945266724,0.93184494972229,-0.2452882081270218,0.9169606566429138
324,0.6086397171020508,0.2457227259874344,-0.109698086977005,0.9999853372573853,0.6146690845489502,0.23782387375831604,-0.08566704392433167,0.9999617338180542,0.6180931925773621,0.23884153366088867,-0.08574739098548889,0.9999648332595825,0.6212695240974426,0.23993262648582458,-0.08582191914319992,0.9999712705612183,0.603998601436615,0.23785905539989471,-0.08515575528144836,0.9999549388885498,0.6001856923103333,0.23886971175670624,-0.08515762537717819,0.9999537467956543,0.5962448716163635,0.23997433483600616,-0.08521716296672821,0.9999578595161438,0.6273679733276367,0.25295203924179077,0.029423898085951805,0.9999199509620667,0.5916639566421509,0.2535046339035034,0.03179343789815903,0.9998935461044312,0.6172096133232117,0.2612861692905426,-0.06734374165534973,0.9999515414237976,0.6009572744369507,0.2616272568702698,-0.06696158647537231,0.9999287128448486,0.663231611251831,0.3419454097747803,0.07364585250616074,0.9999567270278931,0.5655331611633301,0.3541296124458313,0.09091152250766754,0.9998905062675476,0.6732173562049866,0.42921531200408936,0.05103890225291252,0.9401934742927551,0.5501293540000916,0.44770947098731995,0.13499538600444794,0.9099394679069519,0.6862241625785828,0.5013391971588135,-0.12677647173404694,0.9411803483963013,0.5231508016586304,0.5393132567405701,0.04663454741239548,0.8893821239471436,0.6915686726570129,0.5284932851791382,-0.15501169860363007,0.908318042755127,0.5146291851997375,0.5689641237258911,0.02069959044456482,0.8343068361282349,0.6885470151901245,0.5257283449172974,-0.1832617074251175,0.9144603610038757,0.5168023705482483,0.5703907608985901,-0.01872948929667473,0.843395471572876,0.684316873550415,0.517494261264801,-0.14370113611221313,0.8917034268379211,0.5221001505851746,0.562593400478363,0.028080511838197708,0.8313806056976318,0.6396852731704712,0.5202732682228088,-0.009186705574393272,0.9997450113296509,0.5783045887947083,0.5162860155105591,0.009116358123719692,0.9997459053993225,0.6253184676170349,0.6812581419944763,-0.1317421793937683,0.891961395740509,0.5849514603614807,0.6745598316192627,-0.11805015057325363,0.8991074562072754,0.6133214235305786,0.8644430041313171,-0.11221735179424286,0.9217110276222229,0.5879770517349243,0.8773789405822754,-0.0819268450140953,0.9032511115074158,0.6074205636978149,0.8926762342453003,-0.11895649135112762,0.5220720171928406,0.5927948951721191,0.9065940380096436,-0.08666800707578659,0.5397568941116333,0.6165719628334045,0.912231981754303,-0.2781182825565338,0.9192757606506348,0.5776731371879578,0.9361782670021057,-0.24099572002887726,0.9147796630859375
325,0.6081613302230835,0.23638714849948883,-0.1274908483028412,0.9999838471412659,0.6144188642501831,0.22904077172279358,-0.10357396304607391,0.9999592304229736,0.6180129647254944,0.23019523918628693,-0.10364892333745956,0.9999622702598572,0.6212642192840576,0.23141273856163025,-0.10371701419353485,0.9999698400497437,0.6034590005874634,0.22919443249702454,-0.10408325493335724,0.9999525547027588,0.5996517539024353,0.23039960861206055,-0.10409713536500931,0.9999504685401917,0.5956244468688965,0.23151999711990356,-0.10416176170110703,0.9999561309814453,0.627463161945343,0.24303272366523743,0.01593436487019062,0.9999125003814697,0.5912011861801147,0.24405722320079803,0.014268239960074425,0.9998837113380432,0.6171122193336487,0.252001017332077,-0.08349180966615677,0.9999443888664246,0.6005002856254578,0.25257837772369385,-0.08423370122909546,0.9999192953109741,0.6632293462753296,0.33275672793388367,0.0768572986125946,0.9999470710754395,0.5635097026824951,0.3412019610404968,0.06764280796051025,0.999886155128479,0.6734575033187866,0.4250960052013397,0.06227828189730644,0.9351597428321838,0.5474427342414856,0.43798455595970154,0.11715006083250046,0.9087972044944763,0.6861302256584167,0.4980568587779999,-0.10515115410089493,0.9346408247947693,0.5174146890640259,0.5278188586235046,0.04006573185324669,0.8856772780418396,0.6914950609207153,0.5250167846679688,-0.13831688463687897,0.9001488089561462,0.5081011056900024,0.5590658783912659,0.013591364957392216,0.8293617367744446,0.6884894371032715,0.5221230983734131,-0.17036277055740356,0.906353771686554,0.5102013349533081,0.5602424144744873,-0.025089997798204422,0.8386732935905457,0.6842129826545715,0.5137760639190674,-0.12348918616771698,0.8825494647026062,0.5155338048934937,0.5525699257850647,0.02169669419527054,0.8269827365875244,0.6391409039497375,0.5167766213417053,0.00658621359616518,0.999720573425293,0.5767748951911926,0.5127286911010742,-0.006647445261478424,0.9997396469116211,0.6252116560935974,0.6812922358512878,-0.10260256379842758,0.888207197189331,0.5835331678390503,0.6736927032470703,-0.13791108131408691,0.9023038148880005,0.6142046451568604,0.855478823184967,-0.06132722645998001,0.917972981929779,0.5881503224372864,0.8743406534194946,-0.09623897075653076,0.9060330986976624,0.6085036396980286,0.8811704516410828,-0.06578736752271652,0.5206664800643921,0.593225359916687,0.9024684429168701,-0.1003086194396019,0.5427209138870239,0.6211370229721069,0.9073134660720825,-0.2289082109928131,0.9163658022880554,0.5783409476280212,0.93135666847229,-0.26466476917266846,0.9158101677894592
326,0.6063644289970398,0.22469691932201385,-0.05672300234436989,0.999981164932251,0.6127937436103821,0.21753966808319092,-0.03109562397003174,0.9999526143074036,0.6169031858444214,0.21829131245613098,-0.03118964098393917,0.9999557137489319,0.620520293712616,0.21929407119750977,-0.03126310557126999,0.9999655485153198,0.6018191576004028,0.2185223251581192,-0.029414473101496696,0.9999459981918335,0.5980985164642334,0.21992015838623047,-0.02940378710627556,0.9999423027038574,0.5940890908241272,0.22122721374034882,-0.02947244420647621,0.9999514222145081,0.6274175047874451,0.23149605095386505,0.08385853469371796,0.9998995661735535,0.5905297994613647,0.2348126918077469,0.09266045689582825,0.999855101108551,0.615882933139801,0.24004678428173065,-0.015320961363613605,0.9999284744262695,0.5988752245903015,0.24172040820121765,-0.013102211058139801,0.999896764755249,0.6631951928138733,0.3236530125141144,0.126766636967659,0.9999355673789978,0.5619416832923889,0.3322620987892151,0.13187038898468018,0.9998736381530762,0.673563539981842,0.4212706685066223,0.11956197023391724,0.9277995228767395,0.5462310910224915,0.4298434853553772,0.16993357241153717,0.9033108353614807,0.686409592628479,0.4969456195831299,-0.019777150824666023,0.9217942953109741,0.5150160789489746,0.5181507468223572,0.08409775793552399,0.8745682835578918,0.6916639804840088,0.5237136483192444,-0.04968036711215973,0.8844819068908691,0.5038727521896362,0.5487340688705444,0.0559547059237957,0.8154899477958679,0.6884586811065674,0.5208820700645447,-0.08189050853252411,0.8910803198814392,0.5067586302757263,0.5492915511131287,0.022334381937980652,0.8254130482673645,0.6842641830444336,0.5121881365776062,-0.037129200994968414,0.8657404780387878,0.5129241943359375,0.5423818230628967,0.06658610701560974,0.814339280128479,0.6384448409080505,0.5117266774177551,0.00603402080014348,0.9996970891952515,0.574129581451416,0.5082659125328064,-0.006195335648953915,0.9997326135635376,0.6254023313522339,0.6752169132232666,-0.12555642426013947,0.8868018388748169,0.5824884176254272,0.6709221601486206,-0.13835732638835907,0.9032623171806335,0.6155028343200684,0.8397603631019592,-0.07461373507976532,0.911098062992096,0.5885730981826782,0.8718732595443726,-0.10900671780109406,0.9049046039581299,0.6112789511680603,0.8612409830093384,-0.07668688148260117,0.5043455958366394,0.59442538022995,0.9006079435348511,-0.11429774016141891,0.5357221961021423,0.6210533976554871,0.898569643497467,-0.23651522397994995,0.9113742709159851,0.5787035226821899,0.9314058423042297,-0.2779628038406372,0.9124112129211426
327,0.6046003103256226,0.2140726000070572,-0.044747333973646164,0.9999797940254211,0.6113035082817078,0.20677728950977325,-0.01888229511678219,0.9999489784240723,0.6155860424041748,0.2074093520641327,-0.018977684900164604,0.9999516606330872,0.6195142865180969,0.2082160860300064,-0.019056051969528198,0.9999628663063049,0.6007829308509827,0.20734548568725586,-0.01716117560863495,0.9999427199363708,0.5972628593444824,0.20843523740768433,-0.01716475933790207,0.9999379515647888,0.5935824513435364,0.20957450568675995,-0.017243092879652977,0.99994957447052,0.6271730065345764,0.22174863517284393,0.09848377853631973,0.9998912811279297,0.5904718041419983,0.22345897555351257,0.10730169713497162,0.9998379945755005,0.6142202019691467,0.229722797870636,-0.0020069440361112356,0.9999186396598816,0.5973697900772095,0.2305506318807602,0.00013237916573416442,0.9998838901519775,0.6631374955177307,0.3143748641014099,0.14470943808555603,0.9999264478683472,0.5610358119010925,0.3211159408092499,0.1495535522699356,0.999869167804718,0.6735914945602417,0.41177475452423096,0.13901406526565552,0.9228804707527161,0.5452291965484619,0.4177972674369812,0.18885751068592072,0.8998042345046997,0.6864062547683716,0.48988091945648193,-0.005548599176108837,0.9137366414070129,0.5135824084281921,0.5036746263504028,0.09384310990571976,0.871455729007721,0.6916617751121521,0.5168077945709229,-0.03519348055124283,0.8746745586395264,0.5020507574081421,0.5347657799720764,0.06453605741262436,0.8118699789047241,0.6884757280349731,0.513871967792511,-0.06888521462678909,0.8813177347183228,0.5039508938789368,0.5352562069892883,0.030593598261475563,0.8220304846763611,0.684320867061615,0.5048593282699585,-0.02312825247645378,0.8549474477767944,0.5102493166923523,0.5272849798202515,0.07648798823356628,0.8108484148979187,0.6385045051574707,0.501261830329895,0.004148839972913265,0.9996788501739502,0.5740854144096375,0.4990352988243103,-0.004169106017798185,0.9997388124465942,0.6256147027015686,0.6728737354278564,-0.12518517673015594,0.8854736685752869,0.5803483724594116,0.6683592796325684,-0.16434147953987122,0.9040377736091614,0.6199158430099487,0.8316243290901184,-0.026969589293003082,0.8982929587364197,0.5891687273979187,0.8752688765525818,-0.14859437942504883,0.9041492342948914,0.6167384386062622,0.8477343320846558,-0.02252878062427044,0.4818113446235657,0.5948088765144348,0.9039657115936279,-0.15549896657466888,0.530266284942627,0.6212894916534424,0.8920127749443054,-0.16896946728229523,0.9012485146522522,0.5790063738822937,0.9326700568199158,-0.32685038447380066,0.9087947010993958
328,0.6023024320602417,0.20571079850196838,-0.08222871273756027,0.9999751448631287,0.6098242998123169,0.19864754378795624,-0.057474534958601,0.999936044216156,0.6142616271972656,0.19934113323688507,-0.05754857510328293,0.9999384880065918,0.6185411810874939,0.20008963346481323,-0.057611286640167236,0.999952495098114,0.5992892384529114,0.1990753412246704,-0.055000100284814835,0.9999300241470337,0.5959804654121399,0.19992825388908386,-0.05501030758023262,0.9999226927757263,0.5924440622329712,0.2007407546043396,-0.05508384108543396,0.9999392628669739,0.6269305944442749,0.21263165771961212,0.060418594628572464,0.9998630881309509,0.5903465747833252,0.2136719673871994,0.07287577539682388,0.9997850060462952,0.6119701862335205,0.2213039994239807,-0.03941482678055763,0.9998959898948669,0.59525465965271,0.22170403599739075,-0.03635367751121521,0.9998557567596436,0.6631056666374207,0.3102948069572449,0.10903473198413849,0.9999107122421265,0.5600892305374146,0.31169942021369934,0.1229909285902977,0.9998618960380554,0.6740909218788147,0.41116899251937866,0.09883416444063187,0.9192818999290466,0.542876660823822,0.4104331433773041,0.16109266877174377,0.8981711864471436,0.6872516870498657,0.48923495411872864,-0.044507820159196854,0.9085206985473633,0.5109705924987793,0.49533504247665405,0.06289026141166687,0.8713367581367493,0.6926494240760803,0.5160844922065735,-0.07220600545406342,0.8678503036499023,0.4994983673095703,0.5247794389724731,0.03238188475370407,0.8115125894546509,0.6890897750854492,0.5126421451568604,-0.09248203039169312,0.8747318387031555,0.5021181702613831,0.5253401398658752,-0.0014820829965174198,0.8219199180603027,0.6847955584526062,0.503737211227417,-0.059034187346696854,0.8478747606277466,0.5086561441421509,0.5174072980880737,0.04553905129432678,0.8107153177261353,0.6385325193405151,0.4939531087875366,-0.00015233397425618023,0.999655544757843,0.5732666850090027,0.49360623955726624,0.00018618708418216556,0.9997418522834778,0.625649094581604,0.6707733273506165,-0.1258261799812317,0.8829939961433411,0.5802671909332275,0.669256865978241,-0.15184235572814941,0.9029717445373535,0.6217116117477417,0.8309023380279541,-0.009687351062893867,0.8873810768127441,0.5893217921257019,0.8749004602432251,-0.11783131957054138,0.9031365513801575,0.6188972592353821,0.8479868769645691,-0.004000126849859953,0.4622120261192322,0.5951696038246155,0.9035815596580505,-0.12192129343748093,0.5229613184928894,0.622241199016571,0.8921492099761963,-0.15495435893535614,0.8926178812980652,0.5791798830032349,0.9315159916877747,-0.28090202808380127,0.9049990773200989
329,0.6026322841644287,0.1868540346622467,-0.09932894259691238,0.9999645948410034,0.6099222302436829,0.18247753381729126,-0.07569501549005508,0.9999068379402161,0.6142652034759521,0.183501198887825,-0.0757710188627243,0.9999116063117981,0.6184767484664917,0.18466196954250336,-0.07583373039960861,0.9999296069145203,0.5994483828544617,0.1829368621110916,-0.07449232786893845,0.9998977184295654,0.5961235165596008,0.18433061242103577,-0.07450249046087265,0.99988853931427,0.5925785303115845,0.1856914907693863,-0.07456972450017929,0.9999125599861145,0.6268567442893982,0.19987763464450836,0.03996644169092178,0.9998192191123962,0.5903566479682922,0.20221516489982605,0.04816023260354996,0.9996557831764221,0.6121649742126465,0.20367459952831268,-0.0564713291823864,0.9998512864112854,0.5955430865287781,0.20469653606414795,-0.05598568916320801,0.9997817873954773,0.6633981466293335,0.30613553524017334,0.10164473205804825,0.9998819231987,0.5585607290267944,0.3049723505973816,0.09830175340175629,0.9998350143432617,0.6745991706848145,0.40709254145622253,0.0858754962682724,0.9123085141181946,0.5401616096496582,0.40361011028289795,0.11701184511184692,0.8977721333503723,0.6883397102355957,0.484905868768692,-0.05710998922586441,0.8964283466339111,0.5084630250930786,0.48464375734329224,-0.005790549796074629,0.8706471920013428,0.6941819190979004,0.5127773880958557,-0.08674061298370361,0.8523651957511902,0.49725160002708435,0.5146527290344238,-0.04012516885995865,0.8104364275932312,0.6907702088356018,0.5097506642341614,-0.11490356922149658,0.860144853591919,0.4995879530906677,0.5143223404884338,-0.06817985326051712,0.821135401725769,0.6862915754318237,0.5007120370864868,-0.07358553260564804,0.8333187103271484,0.5062043070793152,0.5061332583427429,-0.02217961475253105,0.8094305396080017,0.6381257772445679,0.484733909368515,-0.0032875374890863895,0.9996315836906433,0.570591926574707,0.48393794894218445,0.003298582974821329,0.9997298121452332,0.6257793307304382,0.6565461754798889,-0.21140436828136444,0.8862941861152649,0.5793778896331787,0.668057382106781,-0.1287909299135208,0.9029123783111572,0.622328519821167,0.8182615041732788,-0.06718246638774872,0.88442462682724,0.589350163936615,0.8733400106430054,-0.06625539809465408,0.9026449918746948,0.6187003254890442,0.8319128751754761,-0.054820068180561066,0.4552652835845947,0.5950779914855957,0.9014843702316284,-0.06818465143442154,0.5144658088684082,0.6225201487541199,0.8897885680198669,-0.21698260307312012,0.8915221691131592,0.5792150497436523,0.932191014289856,-0.24027542769908905,0.9009215235710144
330,0.6028150320053101,0.17834800481796265,-0.17979717254638672,0.99996417760849,0.6100317239761353,0.172806516289711,-0.15343816578388214,0.999906063079834,0.6143239736557007,0.17375148832798004,-0.15347692370414734,0.9999110102653503,0.6184966564178467,0.17488731443881989,-0.15355293452739716,0.9999286532402039,0.5995578169822693,0.17318204045295715,-0.1519860476255417,0.9998965859413147,0.5962117910385132,0.17444463074207306,-0.1519974321126938,0.9998864531517029,0.5926446914672852,0.1755790263414383,-0.15204454958438873,0.999909520149231,0.6268636584281921,0.18972843885421753,-0.02208804152905941,0.9998214244842529,0.5902763605117798,0.19162264466285706,-0.01644170843064785,0.9996434450149536,0.6122267246246338,0.19578978419303894,-0.13231885433197021,0.9998517632484436,0.5953882336616516,0.1961921751499176,-0.131051167845726,0.999778151512146,0.6633612513542175,0.2978735566139221,0.04851264879107475,0.999875545501709,0.5575522184371948,0.2954665422439575,0.043374981731176376,0.999829113483429,0.674535870552063,0.4002383351325989,0.07610425353050232,0.9120920896530151,0.5371374487876892,0.3939284682273865,0.06738365441560745,0.9021346569061279,0.6898084878921509,0.4780508577823639,-0.058767858892679214,0.8954518437385559,0.5036584734916687,0.47543367743492126,-0.038043368607759476,0.874521791934967,0.6965077519416809,0.507785439491272,-0.08772118389606476,0.8490346670150757,0.4931856095790863,0.5049436092376709,-0.06940450519323349,0.8144166469573975,0.6933795213699341,0.5049285292625427,-0.13095256686210632,0.8573980331420898,0.49643197655677795,0.5043094754219055,-0.10068152844905853,0.8250030279159546,0.6886069774627686,0.49542236328125,-0.07833811640739441,0.8307226300239563,0.5024632811546326,0.49637147784233093,-0.05463889613747597,0.8125013113021851,0.6381497383117676,0.4758555591106415,-0.0017748684622347355,0.9996460676193237,0.5701627731323242,0.4762631058692932,0.0017723862547427416,0.9997369050979614,0.631092369556427,0.6418917179107666,-0.2885739505290985,0.8930014371871948,0.5791545510292053,0.6670873761177063,-0.10911615192890167,0.9056130051612854,0.6247310638427734,0.8157526850700378,-0.20917944610118866,0.8899374008178711,0.5894995331764221,0.8728302717208862,-0.042498644441366196,0.9050859808921814,0.6190291047096252,0.8321236968040466,-0.20646622776985168,0.47971051931381226,0.5951502919197083,0.9021707773208618,-0.045211635529994965,0.5152068734169006,0.6303476095199585,0.8894189596176147,-0.3864750564098358,0.8979561924934387,0.5792953372001648,0.9316271543502808,-0.22586417198181152,0.900692343711853
331,0.6062248349189758,0.16836413741111755,-0.21500766277313232,0.9999638199806213,0.6133690476417542,0.162353515625,-0.1890622079372406,0.9999042749404907,0.6173641681671143,0.16368454694747925,-0.18909019231796265,0.9999096393585205,0.6213545799255371,0.1650211662054062,-0.1891607791185379,0.9999266266822815,0.6023818850517273,0.16158126294612885,-0.19013915956020355,0.9998958110809326,0.598835289478302,0.16243071854114532,-0.19014734029769897,0.9998851418495178,0.5951536297798157,0.16321276128292084,-0.19017712771892548,0.9999067187309265,0.6278765797615051,0.1794165074825287,-0.05449780076742172,0.9998217225074768,0.5908681750297546,0.17969538271427155,-0.060527097433805466,0.9996398687362671,0.6150878071784973,0.1866311877965927,-0.16557441651821136,0.9998512268066406,0.5979884266853333,0.18668194115161896,-0.16749529540538788,0.9997749924659729,0.6634318828582764,0.2927529513835907,0.026690367609262466,0.9998685717582703,0.5559423565864563,0.28593122959136963,0.008128546178340912,0.9998294711112976,0.6751707196235657,0.3961509168148041,0.07441499084234238,0.9135817289352417,0.5344844460487366,0.38338857889175415,0.04061894863843918,0.9085918664932251,0.6931252479553223,0.4727466106414795,-0.05935326963663101,0.8965070247650146,0.4986003637313843,0.46168798208236694,-0.057446762919425964,0.8813273906707764,0.7002136707305908,0.5046902298927307,-0.08754567801952362,0.8478963375091553,0.4882839322090149,0.49158793687820435,-0.08717170357704163,0.8224020600318909,0.6985319256782532,0.5023863911628723,-0.1299799531698227,0.8568779826164246,0.492329478263855,0.4911682903766632,-0.1195492222905159,0.8326716423034668,0.6938784122467041,0.49277105927467346,-0.07927583903074265,0.8303751945495605,0.4980679452419281,0.48300015926361084,-0.07394105941057205,0.8195680975914001,0.639233410358429,0.471844345331192,-0.001240445300936699,0.9996542930603027,0.5709430575370789,0.474197119474411,0.0012372368946671486,0.9997423887252808,0.6352637410163879,0.6295913457870483,-0.2605390250682831,0.8999003171920776,0.5785362720489502,0.6672532558441162,-0.08428209275007248,0.9100401997566223,0.6314699053764343,0.8209802508354187,-0.24151940643787384,0.8969798684120178,0.5896351933479309,0.872245728969574,-0.04925115033984184,0.9090189337730408,0.6225794553756714,0.8386813998222351,-0.2460436224937439,0.5060098171234131,0.5962640643119812,0.9026350975036621,-0.05499506741762161,0.5220159888267517,0.641993522644043,0.8899194598197937,-0.43143197894096375,0.9054498076438904,0.5785481929779053,0.9329785108566284,-0.22679883241653442,0.9031156897544861
332,0.6079164743423462,0.15949083864688873,-0.25439420342445374,0.9999629855155945,0.6154363751411438,0.15290606021881104,-0.23090140521526337,0.9999035596847534,0.619415283203125,0.15439003705978394,-0.23092803359031677,0.9999089241027832,0.6233303546905518,0.15593048930168152,-0.2310190200805664,0.9999260902404785,0.6039955019950867,0.15219080448150635,-0.23235984146595,0.9998939633369446,0.6002131700515747,0.1530054807662964,-0.2323821783065796,0.9998828768730164,0.5963671803474426,0.15381215512752533,-0.23240181803703308,0.9999036192893982,0.6293362975120544,0.17040839791297913,-0.09473291039466858,0.9998230338096619,0.5911837220191956,0.16954228281974792,-0.1035131886601448,0.9996433854103088,0.6164852380752563,0.17783209681510925,-0.20324160158634186,0.9998554587364197,0.5988495945930481,0.17773666977882385,-0.20594945549964905,0.9997820854187012,0.6637614965438843,0.2836339473724365,-0.005223305430263281,0.9998711943626404,0.5555532574653625,0.2757812738418579,-0.00910180527716875,0.999825656414032,0.6761091351509094,0.38860249519348145,0.05419537052512169,0.9160834550857544,0.5320307016372681,0.37418079376220703,0.039508938789367676,0.9093393683433533,0.6968789100646973,0.4659026563167572,-0.06270778179168701,0.8996855616569519,0.4962920546531677,0.4504483640193939,-0.06812070310115814,0.882559061050415,0.7045312523841858,0.49683839082717896,-0.09194277226924896,0.8507692217826843,0.48564958572387695,0.4794136583805084,-0.09815752506256104,0.824433445930481,0.7038968205451965,0.4949047863483429,-0.13096505403518677,0.8598999977111816,0.4892037808895111,0.47814351320266724,-0.13814978301525116,0.8349326848983765,0.6991375088691711,0.48562726378440857,-0.0818978101015091,0.8337959051132202,0.49485504627227783,0.4696796238422394,-0.08813630789518356,0.8222051858901978,0.6396854519844055,0.4673570692539215,-1.0384981578681618e-05,0.9996529817581177,0.5704725384712219,0.46879634261131287,-3.5328663216205314e-05,0.9997397065162659,0.6382405161857605,0.6408187747001648,-0.12211716920137405,0.9070171117782593,0.5787085294723511,0.6675153374671936,-0.09050433337688446,0.915564775466919,0.6398049592971802,0.8386749029159546,-0.044198110699653625,0.9050169587135315,0.5897986888885498,0.871745228767395,-0.014267433434724808,0.9148614406585693,0.6287687420845032,0.8630792498588562,-0.04650689661502838,0.5253132581710815,0.5964086651802063,0.9017670750617981,-0.016817661002278328,0.531278669834137,0.6582371592521667,0.909540057182312,-0.23882126808166504,0.9120485186576843,0.5785035490989685,0.9352975487709045,-0.19991669058799744,0.9084360003471375
333,0.6095051169395447,0.14806608855724335,-0.056880854070186615,0.9999648928642273,0.6171465516090393,0.1410301923751831,-0.03184707835316658,0.9999094605445862,0.6211045980453491,0.14263372123241425,-0.031920306384563446,0.9999147653579712,0.6250096559524536,0.14444500207901,-0.03199886530637741,0.9999307990074158,0.6054971814155579,0.13996310532093048,-0.03192904219031334,0.9998998045921326,0.6015917658805847,0.14076250791549683,-0.031916964799165726,0.999889075756073,0.5976810455322266,0.14164258539676666,-0.031925879418849945,0.9999083280563354,0.6313666105270386,0.16026701033115387,0.0842684730887413,0.9998350143432617,0.5917643308639526,0.1582868993282318,0.0812930092215538,0.9996657371520996,0.6178581714630127,0.1666140854358673,-0.014975578524172306,0.9998632073402405,0.5998201966285706,0.1658923476934433,-0.016159284859895706,0.9997929334640503,0.6644225120544434,0.2727987766265869,0.11405593156814575,0.9998794794082642,0.5554072260856628,0.2640848755836487,0.12728527188301086,0.9998279213905334,0.6760259866714478,0.3794257640838623,0.10058803111314774,0.9146003127098083,0.5317749977111816,0.36003196239471436,0.16081365942955017,0.8975411057472229,0.7003861665725708,0.4605843424797058,-0.034365296363830566,0.8989092707633972,0.49563103914260864,0.43623828887939453,0.08960927277803421,0.8709741830825806,0.7090715169906616,0.4919288754463196,-0.06397879123687744,0.8514397144317627,0.4839010536670685,0.46551913022994995,0.06823692470788956,0.8144307136535645,0.7080444693565369,0.49031251668930054,-0.09628251194953918,0.8606259822845459,0.4867418706417084,0.4652611017227173,0.039387982338666916,0.8256415128707886,0.7030260562896729,0.4808754622936249,-0.05143686383962631,0.8343478441238403,0.4926952123641968,0.4564706087112427,0.07409857958555222,0.8135296702384949,0.6399708390235901,0.4647783041000366,-0.0019239974208176136,0.9996775388717651,0.569747805595398,0.46870797872543335,0.0018600920448079705,0.9997541904449463,0.6402479410171509,0.6317254304885864,-0.14307524263858795,0.912324070930481,0.5787383317947388,0.6569643616676331,-0.1065455824136734,0.9164115190505981,0.6473345160484314,0.8518434166908264,-0.1523209810256958,0.9110414981842041,0.5909662246704102,0.8724319338798523,-0.0831039696931839,0.9172387719154358,0.6342822909355164,0.8800837397575378,-0.15871183574199677,0.5331802368164062,0.5985612273216248,0.9020994901657104,-0.08974221348762512,0.5329800844192505,0.668705940246582,0.9234863519668579,-0.32359397411346436,0.9175476431846619,0.5785276293754578,0.9378046989440918,-0.24912767112255096,0.9108729958534241
334,0.6107611060142517,0.13645166158676147,-0.03560842201113701,0.999965488910675,0.6186259984970093,0.1297498196363449,-0.011613945476710796,0.9999120831489563,0.622681736946106,0.13133326172828674,-0.011687200516462326,0.9999173879623413,0.6265472173690796,0.13331235945224762,-0.011778423562645912,0.9999330639839172,0.6067088842391968,0.1284598559141159,-0.012512192130088806,0.9999021887779236,0.6025658845901489,0.12917441129684448,-0.012488402426242828,0.9998910427093506,0.5985273122787476,0.13001783192157745,-0.01248915120959282,0.9999095797538757,0.6335968375205994,0.14937163889408112,0.0982944592833519,0.9998387098312378,0.5924243927001953,0.1469116508960724,0.0915975496172905,0.9996780753135681,0.6191805601119995,0.15480516850948334,0.0040781693533062935,0.9998631477355957,0.6009262800216675,0.1539486199617386,0.0019244421273469925,0.9997943639755249,0.6655160188674927,0.26311832666397095,0.12825439870357513,0.9998828172683716,0.5554124712944031,0.2549513280391693,0.13501238822937012,0.9998250007629395,0.6759887337684631,0.37326276302337646,0.1404755860567093,0.9047664403915405,0.5304432511329651,0.35029658675193787,0.22912538051605225,0.8861731886863708,0.7029626369476318,0.45608943700790405,0.04930040240287781,0.8877661824226379,0.495183527469635,0.4262799620628357,0.25691017508506775,0.8539634943008423,0.7119145393371582,0.4877617657184601,0.028125757351517677,0.8405426144599915,0.4821361303329468,0.4549906551837921,0.25053608417510986,0.797565221786499,0.7109521627426147,0.4868277907371521,-0.0024525271728634834,0.8500648140907288,0.48453232645988464,0.4546823799610138,0.22103582322597504,0.8095930814743042,0.7056694626808167,0.4769626557826996,0.03337721526622772,0.8232932686805725,0.49118372797966003,0.44636276364326477,0.24376890063285828,0.7987692952156067,0.6413571238517761,0.4597429037094116,-0.0024859621189534664,0.9996958374977112,0.5699937343597412,0.4643251895904541,0.0024035489186644554,0.9997628927230835,0.643826425075531,0.6340101957321167,-0.14413149654865265,0.91471928358078,0.578871488571167,0.6571093797683716,-0.10889309644699097,0.9154544472694397,0.6558815240859985,0.8627835512161255,-0.13695377111434937,0.9153096675872803,0.5909700393676758,0.8724420666694641,-0.08200711011886597,0.9189679622650146,0.6403767466545105,0.897108256816864,-0.14143124222755432,0.5369139313697815,0.5995622873306274,0.9040639400482178,-0.08728687465190887,0.5307932496070862,0.6863244771957397,0.9342330694198608,-0.30501970648765564,0.9213041067123413,0.5762641429901123,0.9380303025245667,-0.2459869384765625,0.9123169779777527
335,0.6119493246078491,0.12459216266870499,-0.018336452543735504,0.9999659657478333,0.619752824306488,0.1182340532541275,0.008213063701987267,0.9999145865440369,0.6238380670547485,0.11981865763664246,0.008139383979141712,0.9999200105667114,0.6277451515197754,0.12173252552747726,0.00802684761583805,0.9999354481697083,0.6075681447982788,0.11696136742830276,0.007537040393799543,0.9999047517776489,0.6033554673194885,0.11778697371482849,0.007557205855846405,0.9998935461044312,0.5992515683174133,0.11864321678876877,0.007550588343292475,0.9999113082885742,0.6349568367004395,0.1377418488264084,0.12438590079545975,0.9998422861099243,0.5930413007736206,0.13559462130069733,0.11878969520330429,0.9996902346611023,0.6204656362533569,0.14303037524223328,0.023305146023631096,0.9998618960380554,0.6020205020904541,0.14243200421333313,0.02136227674782276,0.9997916221618652,0.6674054861068726,0.254296213388443,0.15844139456748962,0.9998839497566223,0.5553457140922546,0.2448776513338089,0.1590331792831421,0.9998210668563843,0.679248571395874,0.36675524711608887,0.17958621680736542,0.8985493779182434,0.5302442312240601,0.34060555696487427,0.25999075174331665,0.8736811280250549,0.706748366355896,0.4549735188484192,0.09783698618412018,0.8783000111579895,0.4934101104736328,0.41270285844802856,0.28498876094818115,0.8346982598304749,0.7159177660942078,0.4874882400035858,0.07881975173950195,0.8297080397605896,0.48056355118751526,0.4407314956188202,0.2784152030944824,0.7784393429756165,0.7151013016700745,0.48689085245132446,0.04832977429032326,0.8395012021064758,0.4818546772003174,0.4394814074039459,0.2463521659374237,0.7912616729736328,0.7096090316772461,0.4770917296409607,0.08192239701747894,0.8120229840278625,0.48820918798446655,0.4314473867416382,0.270492821931839,0.7812415957450867,0.6425812244415283,0.4514293670654297,-0.0018081878079101443,0.9997134208679199,0.5699419975280762,0.4531500041484833,0.001706457231193781,0.9997723698616028,0.6501348614692688,0.6347595453262329,-0.14806316792964935,0.917858898639679,0.579404354095459,0.6519911289215088,-0.14304424822330475,0.9168189167976379,0.6671449542045593,0.8699941039085388,-0.14605812728405,0.9192769527435303,0.5905489921569824,0.8722788095474243,-0.10820208489894867,0.9209917187690735,0.6522355675697327,0.9076952934265137,-0.1520894467830658,0.545218288898468,0.5994760990142822,0.9043490290641785,-0.11284501105546951,0.5290156602859497,0.6986655592918396,0.9286274909973145,-0.31546252965927124,0.9242261648178101,0.5758461356163025,0.9369527697563171,-0.2757740914821625,0.9133749604225159
336,0.6134593486785889,0.11345820128917694,-0.009175923652946949,0.9999678730964661,0.621046245098114,0.10740149766206741,0.019439293071627617,0.9999206066131592,0.6250638365745544,0.10901708155870438,0.01936020329594612,0.9999258518218994,0.6289538145065308,0.11083357781171799,0.019235679879784584,0.9999402165412903,0.6088899374008179,0.1066201776266098,0.01965027116239071,0.9999112486839294,0.6047292947769165,0.10770095884799957,0.01967143639922142,0.999900758266449,0.6008099913597107,0.10870903730392456,0.01966632716357708,0.9999172687530518,0.6359540820121765,0.12761683762073517,0.13958562910556793,0.999854564666748,0.5947601199150085,0.12597426772117615,0.13836045563220978,0.9997138977050781,0.6220324039459229,0.1324000507593155,0.03350157290697098,0.9998690485954285,0.6039010286331177,0.1319969892501831,0.032705746591091156,0.9998007416725159,0.6709900498390198,0.24622714519500732,0.16241160035133362,0.9998905062675476,0.5554965138435364,0.2397424727678299,0.18518702685832977,0.9998198747634888,0.6859133839607239,0.358580082654953,0.17934183776378632,0.8972627520561218,0.5300669074058533,0.3347896337509155,0.2665537893772125,0.8597297072410583,0.709898829460144,0.4504508972167969,0.09455017745494843,0.8765370845794678,0.4919072687625885,0.40837565064430237,0.2561393976211548,0.8221893310546875,0.7185910940170288,0.48473885655403137,0.07533859461545944,0.8282136917114258,0.47983622550964355,0.43517062067985535,0.24366195499897003,0.7662254571914673,0.7173692584037781,0.4846682846546173,0.04455504193902016,0.8379194140434265,0.4801565706729889,0.43370869755744934,0.21243366599082947,0.7797482013702393,0.7117578983306885,0.4748394787311554,0.07904025912284851,0.809921383857727,0.48688676953315735,0.426147997379303,0.24094416201114655,0.7700214982032776,0.645773708820343,0.4486401379108429,-0.010672125034034252,0.9997318387031555,0.5706460475921631,0.4478333294391632,0.010584648698568344,0.9997813105583191,0.6546409726142883,0.6370302438735962,-0.1752825677394867,0.9189965128898621,0.5802325010299683,0.6486957669258118,-0.14265504479408264,0.9128945469856262,0.6756858825683594,0.8770448565483093,-0.1760977804660797,0.920775830745697,0.5905508995056152,0.8721063733100891,-0.11424915492534637,0.9184218049049377,0.6692733764648438,0.9178069829940796,-0.18342022597789764,0.5392904877662659,0.6007686853408813,0.9052069187164307,-0.11929254233837128,0.5234535932540894,0.68746417760849,0.926240861415863,-0.35264793038368225,0.9245545268058777,0.575950562953949,0.93458092212677,-0.2797795236110687,0.9098630547523499
337,0.6145958304405212,0.10280308872461319,0.002077388111501932,0.9999688267707825,0.6221801042556763,0.09718765318393707,0.030677109956741333,0.9999246597290039,0.6262357234954834,0.09875660389661789,0.030595937743782997,0.9999300837516785,0.6302716732025146,0.10047581791877747,0.030474133789539337,0.999943733215332,0.6099229454994202,0.0966871827840805,0.030848808586597443,0.9999154210090637,0.6057190299034119,0.09795718640089035,0.03087884932756424,0.9999054074287415,0.6017912030220032,0.09914218634366989,0.030869200825691223,0.9999208450317383,0.6374391317367554,0.11776067316532135,0.14810621738433838,0.99986332654953,0.5958898663520813,0.11723063141107559,0.14708247780799866,0.9997294545173645,0.6235131025314331,0.12203232944011688,0.043372318148612976,0.999872088432312,0.6055353283882141,0.12174012511968613,0.042663078755140305,0.9998018145561218,0.6747061014175415,0.23752310872077942,0.16735176742076874,0.9998946785926819,0.5556595921516418,0.23240429162979126,0.18702302873134613,0.9998056292533875,0.6901570558547974,0.35282275080680847,0.1734103411436081,0.8968321084976196,0.5294370651245117,0.331243097782135,0.2722158432006836,0.8426254987716675,0.715610146522522,0.445641428232193,0.08129050582647324,0.8764333128929138,0.49191638827323914,0.39811286330223083,0.2796947658061981,0.8018571734428406,0.7232057452201843,0.48163244128227234,0.061158180236816406,0.8281046152114868,0.47925928235054016,0.42556232213974,0.27019575238227844,0.7466564178466797,0.7213506698608398,0.4816821813583374,0.03168093040585518,0.8377505540847778,0.4793516993522644,0.4246136546134949,0.24185936152935028,0.7609779238700867,0.7163400053977966,0.4719165563583374,0.0660548284649849,0.8092789053916931,0.4863392114639282,0.416215181350708,0.2660258114337921,0.7516194581985474,0.6495778560638428,0.4424663186073303,-0.010227875784039497,0.9997432231903076,0.5711587071418762,0.44309550523757935,0.010137437842786312,0.9997826814651489,0.6602201461791992,0.6358392834663391,-0.17395682632923126,0.9213360548019409,0.5811163187026978,0.6434991955757141,-0.14851298928260803,0.9119424223899841,0.6793581247329712,0.8729265332221985,-0.16704948246479034,0.9232164621353149,0.5897358059883118,0.8720256686210632,-0.12203896790742874,0.9173542261123657,0.6707062125205994,0.9126063585281372,-0.1737823188304901,0.5384928584098816,0.6003556251525879,0.9056658148765564,-0.12703096866607666,0.5155633091926575,0.6888769865036011,0.9237072467803955,-0.34344014525413513,0.9256824851036072,0.5770402550697327,0.9332509636878967,-0.29009467363357544,0.9070356488227844
338,0.6153479218482971,0.09547775983810425,-0.027017276734113693,0.9999691843986511,0.6232995986938477,0.08894459903240204,0.0003709441516548395,0.9999269843101501,0.6274221539497375,0.0904950276017189,0.00028248850139789283,0.9999329447746277,0.6316846609115601,0.0921783298254013,0.00016337385750375688,0.9999460577964783,0.6108089685440063,0.08837103843688965,-0.0002997984120156616,0.9999170899391174,0.606547474861145,0.08947453647851944,-0.0002701929770410061,0.9999077320098877,0.6026367545127869,0.09047920256853104,-0.00028502248460426927,0.9999216794967651,0.6396105289459229,0.1085129827260971,0.11744426935911179,0.9998683929443359,0.5972785353660583,0.10775192826986313,0.11272739619016647,0.9997378587722778,0.6244565844535828,0.11442409455776215,0.014542444609105587,0.9998744130134583,0.6065324544906616,0.11394722014665604,0.012747181579470634,0.9998018741607666,0.6782361268997192,0.22896797955036163,0.14570702612400055,0.9998992681503296,0.555713951587677,0.22681976854801178,0.15218624472618103,0.9997931122779846,0.6924971342086792,0.3512084186077118,0.1503048688173294,0.8970779180526733,0.530178964138031,0.3282215893268585,0.24455027282238007,0.8327834606170654,0.7177563309669495,0.4473065435886383,0.0479792095720768,0.8781473636627197,0.4917616844177246,0.39513692259788513,0.24701009690761566,0.7910031080245972,0.7248572111129761,0.48307639360427856,0.02464880794286728,0.830100417137146,0.47844475507736206,0.42283958196640015,0.24278122186660767,0.7380453944206238,0.7228332161903381,0.48265817761421204,-0.005106843076646328,0.8397125601768494,0.47799038887023926,0.42069369554519653,0.23425836861133575,0.7529500722885132,0.7179886698722839,0.4730508625507355,0.03247890621423721,0.8115059733390808,0.485260933637619,0.41179725527763367,0.23283326625823975,0.7437136173248291,0.6526502966880798,0.43656766414642334,-0.0014114584773778915,0.9997519254684448,0.5713186264038086,0.4372958838939667,0.001198005978949368,0.9997795820236206,0.6645593643188477,0.6335467100143433,-0.14681556820869446,0.9222380518913269,0.5829395055770874,0.6402382254600525,-0.1504129022359848,0.9098172783851624,0.6830399036407471,0.881051242351532,-0.15513300895690918,0.9242229461669922,0.5892587304115295,0.8711247444152832,-0.11358509957790375,0.913530707359314,0.6728487014770508,0.920019268989563,-0.16885365545749664,0.5324727296829224,0.5984949469566345,0.9055430889129639,-0.11742380261421204,0.4983990490436554,0.6982802748680115,0.9366864562034607,-0.3298950791358948,0.9246653318405151,0.5818558931350708,0.9332066178321838,-0.28286200761795044,0.9016756415367126
339,0.6156183481216431,0.08816871047019958,-0.03254237398505211,0.9999703764915466,0.6242930889129639,0.08116236329078674,-0.004592352546751499,0.999930739402771,0.6284821033477783,0.08237406611442566,-0.00467414828017354,0.9999366998672485,0.632969856262207,0.08364113420248032,-0.004796206019818783,0.9999489188194275,0.6113834977149963,0.0807344987988472,-0.004365099593997002,0.9999212622642517,0.6070796847343445,0.08156443387269974,-0.004335056524723768,0.9999128580093384,0.6031001210212708,0.08227118104696274,-0.004347643814980984,0.9999256134033203,0.6417462825775146,0.09898115694522858,0.11387738585472107,0.9998754858970642,0.5986815690994263,0.09845627844333649,0.11211258918046951,0.9997549653053284,0.6250528693199158,0.10645712167024612,0.009268367663025856,0.9998795986175537,0.6068552732467651,0.10623036324977875,0.008305187337100506,0.9998096823692322,0.6816718578338623,0.2223142385482788,0.14447130262851715,0.9999035596847534,0.5562314987182617,0.22004245221614838,0.14746883511543274,0.999795138835907,0.6970567107200623,0.3487059473991394,0.1532725989818573,0.8959378600120544,0.5303626656532288,0.3249061703681946,0.20229235291481018,0.8282047510147095,0.7228236198425293,0.44781264662742615,0.05832822993397713,0.8783804774284363,0.4917784035205841,0.3943997025489807,0.10983307659626007,0.7889568209648132,0.7298029661178589,0.48407211899757385,0.035141877830028534,0.8307479619979858,0.47829508781433105,0.42319032549858093,0.0867980420589447,0.7380788326263428,0.7271005511283875,0.4837101995944977,0.005773131735622883,0.8404005169868469,0.4787776470184326,0.41962718963623047,0.06411915272474289,0.7531649470329285,0.7222492098808289,0.4734560549259186,0.04328308627009392,0.8128436207771301,0.4859063923358917,0.41052690148353577,0.09500452876091003,0.7435590028762817,0.656561017036438,0.42649832367897034,-0.0006006371113471687,0.9997653365135193,0.5726600289344788,0.4284394085407257,0.0003647412231657654,0.999785840511322,0.6653404235839844,0.6309114098548889,-0.1448284536600113,0.9225715398788452,0.5854593515396118,0.6386548280715942,-0.1455986499786377,0.9062212705612183,0.6832588315010071,0.8879157304763794,-0.15480275452136993,0.9242890477180481,0.588649332523346,0.8725212216377258,-0.10757806152105331,0.9077951312065125,0.672779381275177,0.9267057180404663,-0.1628408133983612,0.523969829082489,0.5971344709396362,0.9071802496910095,-0.11200939863920212,0.4798872768878937,0.7051696181297302,0.9526757597923279,-0.3224688768386841,0.9226504564285278,0.581723153591156,0.9356991052627563,-0.2761880159378052,0.8936100006103516
340,0.6208106279373169,0.07405227422714233,-0.00550905941054225,0.9999720454216003,0.6288172006607056,0.06781380623579025,0.022272184491157532,0.9999350309371948,0.6335024237632751,0.0691225677728653,0.0221935473382473,0.9999409317970276,0.6383565068244934,0.07044320553541183,0.022077934816479683,0.9999520778656006,0.6152432560920715,0.06723327934741974,0.022936632856726646,0.9999261498451233,0.6105498671531677,0.06817387789487839,0.02300194650888443,0.9999187588691711,0.6060128808021545,0.06914358586072922,0.02298027090728283,0.9999303817749023,0.6463891863822937,0.08699329942464828,0.13408900797367096,0.9998843669891357,0.6006978154182434,0.08680571615695953,0.1350191831588745,0.9997736215591431,0.6314794421195984,0.09236620366573334,0.03334417566657066,0.9998865127563477,0.6128019094467163,0.09231056272983551,0.03318500146269798,0.9998201131820679,0.6862894892692566,0.21489857137203217,0.15296408534049988,0.9999088644981384,0.557659387588501,0.21519693732261658,0.16231805086135864,0.9997966885566711,0.6997343301773071,0.3431519865989685,0.1590747982263565,0.8933789730072021,0.5305966138839722,0.31916287541389465,0.168662890791893,0.8266851305961609,0.729154646396637,0.44050276279449463,0.061083193868398666,0.8785432577133179,0.49218034744262695,0.38928982615470886,0.04187086969614029,0.7905057668685913,0.7361025810241699,0.47718507051467896,0.0390813909471035,0.8323763608932495,0.4782305955886841,0.41997814178466797,0.01345510222017765,0.7412135004997253,0.7330415844917297,0.47683873772621155,0.008463306352496147,0.8419649600982666,0.47955167293548584,0.41637903451919556,-0.009129375219345093,0.7563301920890808,0.7281595468521118,0.46652913093566895,0.04543514549732208,0.8152263164520264,0.48683491349220276,0.406869500875473,0.027022680267691612,0.746860682964325,0.6618818640708923,0.4180945158004761,-0.0053063142113387585,0.9997727274894714,0.5750567317008972,0.41991913318634033,0.00505399564281106,0.999783456325531,0.6670646071434021,0.6273040771484375,-0.13832680881023407,0.924822211265564,0.5889677405357361,0.6371673345565796,-0.12317348271608353,0.9033032655715942,0.6831812858581543,0.8874008655548096,-0.14994527399539948,0.9239590167999268,0.588464617729187,0.8728277683258057,-0.10546974092721939,0.9001532793045044,0.6730858683586121,0.9192559719085693,-0.15590181946754456,0.5033437013626099,0.5967874526977539,0.9071165919303894,-0.10958502441644669,0.4621600806713104,0.6950375437736511,0.9670423269271851,-0.32285183668136597,0.9203956127166748,0.5775115489959717,0.9389771223068237,-0.27096545696258545,0.8836137652397156
341,0.6239334344863892,0.06778275966644287,0.045630354434251785,0.9999733567237854,0.6320149302482605,0.06132621318101883,0.07564155757427216,0.9999385476112366,0.6371258497238159,0.06267749518156052,0.0755573958158493,0.9999443888664246,0.6422115564346313,0.06395002454519272,0.07542212307453156,0.9999546408653259,0.6175249218940735,0.06046195700764656,0.07733867317438126,0.9999302625656128,0.612623393535614,0.06126941740512848,0.0774313434958458,0.9999237656593323,0.6078834533691406,0.06200019642710686,0.07741992175579071,0.9999345541000366,0.6490941047668457,0.0796874538064003,0.1884501576423645,0.9998922944068909,0.6023122668266296,0.07999655604362488,0.1943170577287674,0.9997901916503906,0.6352233290672302,0.08679156005382538,0.08385869860649109,0.9998915195465088,0.6160966157913208,0.08696527034044266,0.0851464793086052,0.9998281002044678,0.6911516785621643,0.20591896772384644,0.1887524276971817,0.9999144673347473,0.5589465498924255,0.210285484790802,0.21269574761390686,0.9997984766960144,0.7031652331352234,0.3335265815258026,0.16799980401992798,0.8910005688667297,0.5313863754272461,0.316788911819458,0.14474983513355255,0.8231698870658875,0.7312491536140442,0.42550861835479736,0.049336470663547516,0.8772206902503967,0.4936300218105316,0.3865429759025574,-0.08142032474279404,0.795638382434845,0.7390145659446716,0.4649147093296051,0.026155518367886543,0.8327793478965759,0.478304386138916,0.4190268814563751,-0.12599386274814606,0.7493273019790649,0.7348623275756836,0.463934987783432,-0.00536195607855916,0.8421472311019897,0.4797368049621582,0.4130311608314514,-0.14597927033901215,0.7640007138252258,0.7292181253433228,0.4527335464954376,0.03344458341598511,0.8159672617912292,0.48717010021209717,0.4029301702976227,-0.0980631560087204,0.7540749907493591,0.6680743098258972,0.40124785900115967,-0.01050542388111353,0.9997832179069519,0.5794918537139893,0.40463194251060486,0.010245248675346375,0.9997845888137817,0.6719843149185181,0.623529314994812,-0.1426321566104889,0.928339958190918,0.5910255312919617,0.6368077397346497,-0.0878983810544014,0.9006569385528564,0.6836729049682617,0.8882628679275513,-0.158990278840065,0.9245083928108215,0.589642345905304,0.8729110956192017,-0.07411862909793854,0.8924351334571838,0.6719362735748291,0.9166393876075745,-0.16826218366622925,0.48212358355522156,0.5995972752571106,0.9068222045898438,-0.07926632463932037,0.4458618462085724,0.6913428902626038,0.9672553539276123,-0.347505658864975,0.9184373021125793,0.5762216448783875,0.9390273690223694,-0.23463311791419983,0.8718501329421997
342,0.6242156624794006,0.054382842034101486,0.011028350330889225,0.9999738931655884,0.6328840255737305,0.04805821552872658,0.03973971679806709,0.9999400973320007,0.6380844712257385,0.04921896010637283,0.03966023400425911,0.9999462962150574,0.6433672904968262,0.05025811865925789,0.03953429311513901,0.9999557733535767,0.6182222366333008,0.04728221520781517,0.041652992367744446,0.9999321699142456,0.6133859753608704,0.047909270972013474,0.041751403361558914,0.9999266266822815,0.6086587905883789,0.04841744899749756,0.04175259545445442,0.9999364614486694,0.6506481170654297,0.06773103773593903,0.15243816375732422,0.9998971223831177,0.6036322116851807,0.06822371482849121,0.15942014753818512,0.9998006820678711,0.6352606415748596,0.07395651936531067,0.04967408627271652,0.9998935461044312,0.6160538196563721,0.07467431575059891,0.05131099745631218,0.9998310208320618,0.6951524615287781,0.19358029961585999,0.16516895592212677,0.9999178647994995,0.5608369708061218,0.19937343895435333,0.18540453910827637,0.9997926354408264,0.7059102654457092,0.32394009828567505,0.14562350511550903,0.8885021805763245,0.5346837639808655,0.3047018051147461,0.11694543063640594,0.8208025693893433,0.7351560592651367,0.42310914397239685,0.02272140234708786,0.8764097690582275,0.49756819009780884,0.382196307182312,-0.09106747061014175,0.800693929195404,0.7420587539672852,0.4625752568244934,-0.006859656888991594,0.8334957361221313,0.4824596643447876,0.4164651930332184,-0.13296104967594147,0.7568519115447998,0.7387273907661438,0.4618087410926819,-0.035944584757089615,0.8427534699440002,0.48593124747276306,0.40962278842926025,-0.15356506407260895,0.7712019085884094,0.7340589165687561,0.4507559537887573,0.007099862210452557,0.8176808953285217,0.4928625524044037,0.39906883239746094,-0.10757597535848618,0.76116544008255,0.6721413135528564,0.3927905559539795,-0.012722966261208057,0.9997910261154175,0.5825127959251404,0.39593368768692017,0.012462015263736248,0.9997832179069519,0.6768254637718201,0.6160425543785095,-0.14166522026062012,0.9315016269683838,0.5906148552894592,0.6336397528648376,-0.07589374482631683,0.9004900455474854,0.6823357343673706,0.8892547488212585,-0.15423598885536194,0.9265772700309753,0.5909504890441895,0.8717588782310486,-0.06171460449695587,0.8903599977493286,0.6693445444107056,0.9184337854385376,-0.1629008650779724,0.4702339172363281,0.601615309715271,0.9056808948516846,-0.06694860756397247,0.43766289949417114,0.6894835233688354,0.9661916494369507,-0.3406546711921692,0.9191980361938477,0.5762057900428772,0.9391620755195618,-0.21732905507087708,0.8682798147201538
343,0.629298746585846,0.04288860782980919,-0.0019257981330156326,0.9999741911888123,0.6379004120826721,0.033962514251470566,0.026841381564736366,0.9999405741691589,0.6432071924209595,0.03496801108121872,0.026757260784506798,0.9999470114707947,0.6485766172409058,0.03580380976200104,0.026646627113223076,0.9999556541442871,0.622862696647644,0.03255685791373253,0.027134139090776443,0.9999331831932068,0.6178539991378784,0.03276926651597023,0.027213547378778458,0.9999286532402039,0.612817645072937,0.032816462218761444,0.027204129844903946,0.9999375939369202,0.6541657447814941,0.0513211265206337,0.1436430811882019,0.9998989701271057,0.6059890389442444,0.05162401497364044,0.14271385967731476,0.9998107552528381,0.6388965845108032,0.06277985125780106,0.03856455162167549,0.9998949766159058,0.6203656792640686,0.06306473910808563,0.03807910531759262,0.9998356103897095,0.698311448097229,0.18168847262859344,0.15889528393745422,0.9999224543571472,0.5631062388420105,0.18746165931224823,0.17205572128295898,0.999796986579895,0.7099056243896484,0.3098280727863312,0.14327961206436157,0.8869979977607727,0.5382124781608582,0.29806461930274963,0.08173515647649765,0.8271247148513794,0.7415882349014282,0.40987828373908997,0.004185637459158897,0.8820249438285828,0.5036427974700928,0.3780306875705719,-0.1466437429189682,0.8128594756126404,0.7484873533248901,0.4490494132041931,-0.030709076672792435,0.8415535688400269,0.49041175842285156,0.41281574964523315,-0.19533726572990417,0.7716356515884399,0.7449502348899841,0.4474944472312927,-0.06299835443496704,0.8503902554512024,0.4947504699230194,0.4038861393928528,-0.21896545588970184,0.7852429747581482,0.7401659488677979,0.43674489855766296,-0.013543520122766495,0.8266968131065369,0.5007684826850891,0.392874538898468,-0.16460931301116943,0.7754532694816589,0.6776729822158813,0.3887708783149719,-0.01212584599852562,0.9998005032539368,0.5870189666748047,0.3918461501598358,0.011889197863638401,0.9997853636741638,0.6837561726570129,0.6158097386360168,-0.1321481168270111,0.9355703592300415,0.5902897715568542,0.6340612173080444,-0.060929879546165466,0.9028025269508362,0.683410108089447,0.8905035257339478,-0.15378057956695557,0.9299781322479248,0.5929573774337769,0.8672880530357361,-0.024940166622400284,0.8921515941619873,0.6696838736534119,0.9194080829620361,-0.15963952243328094,0.4704775810241699,0.6042189598083496,0.8985955715179443,-0.028506500646471977,0.43693622946739197,0.6890780329704285,0.9794215559959412,-0.3358679711818695,0.9222352504730225,0.5770217776298523,0.9406101107597351,-0.1789967119693756,0.8700875043869019
344,0.6339378952980042,0.03029664233326912,0.024230992421507835,0.9999744892120361,0.6424649953842163,0.019266420975327492,0.05509588494896889,0.9999405741691589,0.6480696201324463,0.019669141620397568,0.054999202489852905,0.9999468922615051,0.6539463996887207,0.02007436938583851,0.0548933707177639,0.9999547004699707,0.6268156170845032,0.018728289753198624,0.054618772119283676,0.999934196472168,0.6213938593864441,0.018840685486793518,0.054718829691410065,0.9999305009841919,0.6159048080444336,0.018837345764040947,0.05466866493225098,0.9999390244483948,0.6590384840965271,0.03409070894122124,0.17688651382923126,0.9998975992202759,0.6077884435653687,0.034685976803302765,0.17183102667331696,0.999821662902832,0.6428220868110657,0.05034145712852478,0.06589125096797943,0.999894917011261,0.6242753267288208,0.050970517098903656,0.06432586163282394,0.9998409748077393,0.7020953297615051,0.1674153357744217,0.1842903345823288,0.9999266862869263,0.5651747584342957,0.17576715350151062,0.18280833959579468,0.9998072981834412,0.7142090797424316,0.29181015491485596,0.15397897362709045,0.8820348381996155,0.5435457825660706,0.28687483072280884,0.09110604226589203,0.8326318264007568,0.7467715740203857,0.3902837634086609,0.0007241524872370064,0.885425865650177,0.5105088949203491,0.368054062128067,-0.15069888532161713,0.8253641724586487,0.7549455761909485,0.4287164807319641,-0.03738761320710182,0.8473783135414124,0.49861568212509155,0.40456587076187134,-0.20387506484985352,0.7870740294456482,0.7512174844741821,0.4269622266292572,-0.0717359185218811,0.8558666110038757,0.5030449032783508,0.39694762229919434,-0.23011772334575653,0.7998309135437012,0.7456417083740234,0.41685962677001953,-0.018456310033798218,0.833469569683075,0.508564293384552,0.38583487272262573,-0.16976918280124664,0.7902997732162476,0.6832337975502014,0.3743753135204315,-0.01148553378880024,0.9998124241828918,0.5915703773498535,0.37469184398651123,0.011256342753767967,0.9997926950454712,0.6887701153755188,0.6078631281852722,-0.13379085063934326,0.9401131272315979,0.5901105999946594,0.6163798570632935,-0.044098008424043655,0.9064605832099915,0.6842663884162903,0.892693042755127,-0.1720772236585617,0.9339308142662048,0.5956504940986633,0.8477365970611572,0.005013651214540005,0.895072877407074,0.6698569059371948,0.9227967858314514,-0.184692844748497,0.48105528950691223,0.6085135340690613,0.8798677921295166,0.002168604638427496,0.44314220547676086,0.6927763819694519,0.9737124443054199,-0.365818053483963,0.9258266091346741,0.5790907144546509,0.9400835633277893,-0.14455120265483856,0.8730171918869019
345,0.6318289041519165,0.016154145821928978,0.04908815398812294,0.9999760389328003,0.6402169466018677,0.00553602771833539,0.0790828987956047,0.9999434947967529,0.6456152200698853,0.00599018856883049,0.07900477200746536,0.9999496936798096,0.6512336730957031,0.0062949927523732185,0.07891716063022614,0.9999564290046692,0.6252147555351257,0.005743918940424919,0.0817943662405014,0.9999380111694336,0.6200170516967773,0.006601239554584026,0.08188429474830627,0.9999350905418396,0.614759087562561,0.007344204932451248,0.08179474622011185,0.9999428391456604,0.6570480465888977,0.020792720839381218,0.1918131411075592,0.9999021291732788,0.6073946356773376,0.027446020394563675,0.20238490402698517,0.999836266040802,0.6413630843162537,0.03571620583534241,0.08625547587871552,0.9999008774757385,0.6228193044662476,0.03706188127398491,0.08926855772733688,0.9998514652252197,0.7048003077507019,0.15043245255947113,0.19446513056755066,0.9999322295188904,0.5677089095115662,0.16347052156925201,0.1973298192024231,0.9998219609260559,0.7206091284751892,0.26980331540107727,0.17107948660850525,0.883636474609375,0.5495182871818542,0.2741257846355438,0.10956165939569473,0.8414158225059509,0.7550839781761169,0.37009894847869873,0.021494880318641663,0.8887616395950317,0.5167222619056702,0.3664862811565399,-0.09263098984956741,0.8388243913650513,0.7634090185165405,0.40850797295570374,-0.01388531643897295,0.8529813885688782,0.506010115146637,0.4026847779750824,-0.14099854230880737,0.8031992316246033,0.7602595686912537,0.4069397449493408,-0.05004926025867462,0.8611748814582825,0.5112321376800537,0.394927442073822,-0.16677582263946533,0.814998984336853,0.754636287689209,0.39650970697402954,0.0016036307206377387,0.8406755328178406,0.5166045427322388,0.3842431306838989,-0.11077186465263367,0.8061206340789795,0.6887891292572021,0.36081671714782715,-0.013973912224173546,0.9998286366462708,0.59648597240448,0.36155247688293457,0.013738414272665977,0.9998074173927307,0.6917592883110046,0.5963332056999207,-0.15161629021167755,0.9450158476829529,0.5896967649459839,0.5970704555511475,-0.01443681214004755,0.9108470678329468,0.6851196885108948,0.8949867486953735,-0.24756254255771637,0.9390671253204346,0.5961183905601501,0.8160049915313721,0.02150098793208599,0.8994686007499695,0.6719606518745422,0.9263290166854858,-0.26459863781929016,0.511486291885376,0.6079757213592529,0.8428291082382202,0.01808241382241249,0.46557995676994324,0.6927304863929749,0.994064450263977,-0.43144312500953674,0.9312226176261902,0.5792866945266724,0.9336050152778625,-0.10261359065771103,0.8784530758857727
346,0.6309635639190674,0.007051506079733372,0.059966616332530975,0.9999769330024719,0.6393258571624756,-0.004652843810617924,0.08914344012737274,0.999943733215332,0.6444523334503174,-0.004215408116579056,0.08909523487091064,0.9999500513076782,0.6497751474380493,-0.003835158422589302,0.08901555836200714,0.9999550580978394,0.6243792176246643,-0.0035893144086003304,0.09427151829004288,0.9999394416809082,0.6191502809524536,-0.002286186907440424,0.09435416758060455,0.9999377131462097,0.6140217781066895,-0.0011132354848086834,0.09425417333841324,0.999944806098938,0.6556411385536194,0.011717853136360645,0.19781509041786194,0.9999001026153564,0.6078771352767944,0.019415630027651787,0.21939429640769958,0.9998475909233093,0.6401802897453308,0.026495294645428658,0.09503670036792755,0.9999037384986877,0.6220023036003113,0.02852197177708149,0.10142221301794052,0.9998592138290405,0.7072626352310181,0.1416868269443512,0.20360758900642395,0.9999359846115112,0.5708590149879456,0.15452851355075836,0.20871447026729584,0.9998360276222229,0.7275457978248596,0.2597479224205017,0.17777784168720245,0.8857443928718567,0.5527251362800598,0.2675192952156067,0.13011157512664795,0.8517296314239502,0.7663042545318604,0.3587454855442047,0.02366257831454277,0.8921257853507996,0.5215326547622681,0.3677457869052887,-0.06540749967098236,0.8528056740760803,0.7741101980209351,0.39438554644584656,-0.01321936585009098,0.8575047850608826,0.5107079744338989,0.4038107097148895,-0.11166007816791534,0.8197997808456421,0.7697678804397583,0.3925784230232239,-0.04914537072181702,0.8654590845108032,0.5170389413833618,0.3968980014324188,-0.1380736380815506,0.8305489420890808,0.7636951804161072,0.3824397027492523,0.0032610248308628798,0.8470061421394348,0.5227945446968079,0.3863171935081482,-0.08328010141849518,0.822272777557373,0.6945692300796509,0.3495180904865265,-0.013888241723179817,0.9998422265052795,0.601559042930603,0.35129478573799133,0.013675263151526451,0.9998207092285156,0.6986607313156128,0.5932586789131165,-0.15363088250160217,0.9493374824523926,0.5887610912322998,0.5944658517837524,-0.013941098004579544,0.9166737794876099,0.6871350407600403,0.8929125070571899,-0.21471159160137177,0.9433672428131104,0.5975828766822815,0.8055340051651001,0.06381440907716751,0.9054298996925354,0.6741918325424194,0.924080491065979,-0.22811998426914215,0.5406497120857239,0.609488844871521,0.8302199244499207,0.06429857015609741,0.49257394671440125,0.6983501315116882,0.9836029410362244,-0.3992254436016083,0.9356776475906372,0.5792801976203918,0.9242128729820251,-0.060434579849243164,0.885383665561676
347,0.6299813985824585,-0.0050332085229456425,0.03746733069419861,0.9999767541885376,0.6383270025253296,-0.018247148022055626,0.0658191666007042,0.9999399781227112,0.6435148119926453,-0.017470385879278183,0.06575904041528702,0.9999469518661499,0.6489076614379883,-0.01690470054745674,0.06568294763565063,0.9999495148658752,0.6236183047294617,-0.017806926742196083,0.07012429088354111,0.9999367594718933,0.6186200976371765,-0.016665583476424217,0.07019919902086258,0.9999369382858276,0.6138425469398499,-0.015711719170212746,0.07009825110435486,0.9999434947967529,0.6557774543762207,-0.0007501481450162828,0.1770263910293579,0.9998829960823059,0.6086421012878418,0.004800799768418074,0.19414570927619934,0.9998525381088257,0.6397641897201538,0.016411706805229187,0.0739859938621521,0.9999013543128967,0.6222971081733704,0.018063867464661598,0.07906647771596909,0.999860942363739,0.711613655090332,0.12618429958820343,0.19032502174377441,0.9999377727508545,0.5718955397605896,0.14090676605701447,0.19560211896896362,0.9998469352722168,0.7330050468444824,0.2490849494934082,0.12071666121482849,0.8824227452278137,0.5566278696060181,0.26254814863204956,0.12391367554664612,0.861298680305481,0.7741492390632629,0.33740121126174927,-0.09645045548677444,0.8935978412628174,0.5250913500785828,0.3613925576210022,-0.08332254737615585,0.865645170211792,0.7852792739868164,0.36708346009254456,-0.13906429708003998,0.8608490824699402,0.5146167874336243,0.3977687358856201,-0.13196124136447906,0.8351452946662903,0.7819970846176147,0.3636173605918884,-0.17378465831279755,0.8687595725059509,0.51949542760849,0.39174947142601013,-0.15682843327522278,0.844953715801239,0.7752047181129456,0.35513055324554443,-0.1179872453212738,0.8524132966995239,0.5250939130783081,0.38149040937423706,-0.10053879767656326,0.8372848629951477,0.6981027722358704,0.3416297435760498,-0.013420713134109974,0.9998535513877869,0.6039412021636963,0.3427971601486206,0.013216742314398289,0.9998307228088379,0.7021287679672241,0.5876447558403015,-0.16890805959701538,0.9526986479759216,0.5883760452270508,0.5657166838645935,-0.01872703991830349,0.9215788245201111,0.686683177947998,0.8916124105453491,-0.2102491557598114,0.9471771121025085,0.5996353626251221,0.7867017388343811,0.08884461969137192,0.9106051921844482,0.6746911406517029,0.9227409958839417,-0.22163338959217072,0.5699304342269897,0.6113354563713074,0.8090087175369263,0.09340143203735352,0.5189493894577026,0.6966940760612488,0.9806808829307556,-0.3893967866897583,0.939792275428772,0.5811876654624939,0.9138545393943787,-0.02023875154554844,0.8915780186653137
348,0.6303163170814514,-0.017257126048207283,0.01390498410910368,0.9999760389328003,0.6381962299346924,-0.0312640480697155,0.042390547692775726,0.999933123588562,0.6434141397476196,-0.02989364042878151,0.04237471520900726,0.9999416470527649,0.648830235004425,-0.028787001967430115,0.042386364191770554,0.9999406933784485,0.6239954233169556,-0.03184181824326515,0.04549228399991989,0.9999323487281799,0.6193749904632568,-0.03069412335753441,0.045612093061208725,0.9999356865882874,0.615047812461853,-0.02966759353876114,0.04547949880361557,0.9999414086341858,0.6563745141029358,-0.013436373323202133,0.15821318328380585,0.9998664259910583,0.6104462742805481,-0.010510326363146305,0.17319315671920776,0.9998562932014465,0.6405539512634277,0.004817867651581764,0.05219201371073723,0.9998952150344849,0.6245248317718506,0.0054467287845909595,0.05669698864221573,0.9998588562011719,0.7147848010063171,0.1136196106672287,0.18709729611873627,0.9999393820762634,0.5730592012405396,0.13069108128547668,0.17758648097515106,0.9998559951782227,0.7391401529312134,0.23671302199363708,0.1583186686038971,0.8858584761619568,0.559134304523468,0.257455050945282,0.11828348785638809,0.8715276122093201,0.7864385843276978,0.3260328769683838,0.004377877339720726,0.897296130657196,0.5267957448959351,0.35773688554763794,-0.09927578270435333,0.8779453635215759,0.7981557846069336,0.35161375999450684,-0.026576442644000053,0.8645856976509094,0.5156792402267456,0.39360255002975464,-0.1454334706068039,0.8499122262001038,0.7955309152603149,0.34846749901771545,-0.0667409598827362,0.872589647769928,0.520757794380188,0.3878662884235382,-0.17461638152599335,0.8588554859161377,0.7886687517166138,0.3405659794807434,-0.018411582335829735,0.858238697052002,0.526415228843689,0.3777531385421753,-0.11788613349199295,0.8517611622810364,0.7005658149719238,0.33125579357147217,-0.016588784754276276,0.999859631061554,0.604972243309021,0.3346128761768341,0.01640252023935318,0.9998356103897095,0.7027423977851868,0.5753200054168701,-0.15214332938194275,0.9553149342536926,0.5883446335792542,0.5523456335067749,-0.03285321593284607,0.9251582026481628,0.6858458518981934,0.8908004760742188,-0.19923099875450134,0.9500139355659485,0.6017040014266968,0.7970384359359741,-0.016839636489748955,0.9146813154220581,0.6747917532920837,0.9225360155105591,-0.2106046974658966,0.5891579985618591,0.6136108636856079,0.8224126100540161,-0.02176791988313198,0.540996253490448,0.6944106817245483,0.9783548712730408,-0.3797161877155304,0.9426957964897156,0.5813338160514832,0.9161195158958435,-0.1344716101884842,0.8967317938804626
349,0.628364622592926,-0.007941489107906818,0.17355740070343018,0.9999723434448242,0.6380475163459778,-0.03691229224205017,0.19937683641910553,0.9999163150787354,0.6434856653213501,-0.03588440641760826,0.19937968254089355,0.9999251365661621,0.6490711569786072,-0.0347096212208271,0.19930434226989746,0.9999210238456726,0.622479259967804,-0.017541803419589996,0.20166951417922974,0.9999213814735413,0.6179416179656982,-0.016462381929159164,0.20176738500595093,0.9999292492866516,0.6135410070419312,-0.015406053513288498,0.20161579549312592,0.999936580657959,0.6565341949462891,-0.01565713994204998,0.30235058069229126,0.9998330473899841,0.6101312637329102,-0.009792802855372429,0.31181272864341736,0.9998517632484436,0.6409119963645935,0.003607188118621707,0.2083536684513092,0.9998638033866882,0.6243090629577637,0.007125182542949915,0.21077875792980194,0.999837338924408,0.7148393392562866,0.10815732181072235,0.3068857789039612,0.9999393820762634,0.5735316276550293,0.13444185256958008,0.2827967405319214,0.9998648166656494,0.7428566217422485,0.21682710945606232,0.3417447805404663,0.8841415643692017,0.5575683116912842,0.25109681487083435,0.1926538050174713,0.876083493232727,0.7980586886405945,0.31468427181243896,0.2574996054172516,0.8967669010162354,0.527040421962738,0.3545117974281311,-0.07940170913934708,0.8879926800727844,0.806380569934845,0.33566519618034363,0.24313509464263916,0.8617255091667175,0.5170353055000305,0.391301691532135,-0.12013675272464752,0.8620150685310364,0.8028997182846069,0.3313935399055481,0.21005521714687347,0.8699102997779846,0.5225253701210022,0.3867919147014618,-0.14910896122455597,0.8701096773147583,0.7974074482917786,0.32534635066986084,0.24105648696422577,0.8566763401031494,0.5277992486953735,0.37703290581703186,-0.09845223277807236,0.862915575504303,0.7000551819801331,0.3310610353946686,-0.015626443549990654,0.9998659491539001,0.6028925776481628,0.33499374985694885,0.015364959836006165,0.9998433589935303,0.7020605206489563,0.5826535820960999,-0.13733310997486115,0.9582152366638184,0.5887269377708435,0.5591545104980469,-0.08566099405288696,0.9304786920547485,0.6853325366973877,0.8929210901260376,-0.1724867969751358,0.952538251876831,0.6013888716697693,0.7980147004127502,-0.061034608632326126,0.9196985363960266,0.6741929054260254,0.9231916666030884,-0.18233105540275574,0.6066794395446777,0.6128946542739868,0.8299809694290161,-0.06370555609464645,0.5574989914894104,0.6949764490127563,0.9825855493545532,-0.34837016463279724,0.9451092481613159,0.5825474858283997,0.9288933277130127,-0.1944355070590973,0.9018266797065735
350,0.6418687701225281,0.0019394145347177982,0.1559818685054779,0.9999264478683472,0.645758867263794,-0.012124462053179741,0.17254656553268433,0.9996772408485413,0.6511459946632385,-0.012219331227242947,0.17266277968883514,0.9996922016143799,0.6566004157066345,-0.011853954754769802,0.17251531779766083,0.9996612071990967,0.6313917636871338,-0.010080374777317047,0.17341256141662598,0.9997764825820923,0.6267123818397522,-0.012376250699162483,0.17352446913719177,0.9998170137405396,0.6220167875289917,-0.01480127777904272,0.17343278229236603,0.9998458027839661,0.6663130521774292,-0.01215539500117302,0.266664981842041,0.9992849230766296,0.6193943023681641,0.007420441135764122,0.2692456841468811,0.9997133612632751,0.650547206401825,0.018315376713871956,0.19278566539287567,0.9994994401931763,0.6364896297454834,0.022207356989383698,0.19303393363952637,0.9995953440666199,0.7186243534088135,0.10001927614212036,0.3067721724510193,0.999920666217804,0.575339674949646,0.122197724878788,0.2999100089073181,0.9998680949211121,0.7501401305198669,0.19822993874549866,0.4797142744064331,0.8776854872703552,0.5565423965454102,0.23518341779708862,0.4190298020839691,0.879647970199585,0.8085188865661621,0.29497992992401123,0.575515866279602,0.8909978270530701,0.5280314683914185,0.3456515669822693,0.445787638425827,0.8966524004936218,0.8170835375785828,0.317626029253006,0.5937028527259827,0.8539641499519348,0.5183746814727783,0.38459691405296326,0.448778361082077,0.8722545504570007,0.8114503622055054,0.3146768808364868,0.5666824579238892,0.8622222542762756,0.5239801406860352,0.38107356429100037,0.41887709498405457,0.879538893699646,0.80582594871521,0.30775415897369385,0.5674422979354858,0.8502486944198608,0.5292142629623413,0.3710267245769501,0.43652600049972534,0.871954083442688,0.7039245367050171,0.32323506474494934,-0.016992049291729927,0.999861478805542,0.6032099723815918,0.3265765607357025,0.01669858582317829,0.9998424649238586,0.7032378315925598,0.584587812423706,-0.11634838581085205,0.9605246186256409,0.5893846750259399,0.5600663423538208,-0.09815415740013123,0.9351511001586914,0.6847481727600098,0.8957237005233765,-0.13399434089660645,0.954509973526001,0.6021475791931152,0.8343149423599243,-0.04997454583644867,0.9245007038116455,0.6740924715995789,0.9282891750335693,-0.14075586199760437,0.6247679591178894,0.6129776239395142,0.8611088395118713,-0.051315076649188995,0.578431248664856,0.6946393847465515,0.9855321645736694,-0.28281182050704956,0.9463647603988647,0.5823436975479126,0.953170120716095,-0.18911580741405487,0.906074583530426
351,0.6476296186447144,0.057345062494277954,0.18094488978385925,0.999911904335022,0.6590899229049683,0.040696803480386734,0.18693427741527557,0.9996179938316345,0.6645894050598145,0.04040062800049782,0.1871761828660965,0.999626100063324,0.670127272605896,0.040411435067653656,0.18702518939971924,0.9995929598808289,0.644730806350708,0.038172174245119095,0.1861785501241684,0.9997481107711792,0.6399630904197693,0.03597811609506607,0.18625937402248383,0.9997919201850891,0.635134756565094,0.03371672332286835,0.18615959584712982,0.9998273253440857,0.6811770796775818,0.03301897644996643,0.24901531636714935,0.9991824626922607,0.6323615312576294,0.030215328559279442,0.24618017673492432,0.9996885657310486,0.65631502866745,0.06968244165182114,0.20768286287784576,0.999420166015625,0.6478284597396851,0.05941653624176979,0.2054825723171234,0.9995408654212952,0.7211282849311829,0.0940566286444664,0.28298255801200867,0.9999144673347473,0.5785963535308838,0.10808895528316498,0.2723887860774994,0.9998767971992493,0.759792685508728,0.17941968142986298,0.508012592792511,0.87941575050354,0.5559511780738831,0.21741482615470886,0.42376580834388733,0.885280191898346,0.8169848322868347,0.2614743113517761,0.6739326119422913,0.8920658826828003,0.5293598771095276,0.33349505066871643,0.5184646844863892,0.9047722220420837,0.8303220868110657,0.28403258323669434,0.7130277752876282,0.8538432121276855,0.520980179309845,0.37541016936302185,0.5412384271621704,0.881467878818512,0.823074460029602,0.2836235761642456,0.6865323781967163,0.8618536591529846,0.5270581245422363,0.3730229139328003,0.5184469819068909,0.8880336880683899,0.8166165947914124,0.27697446942329407,0.6696357727050781,0.8509002923965454,0.5317035913467407,0.3625587821006775,0.5153036117553711,0.880353569984436,0.7095597982406616,0.3179416060447693,-0.018884863704442978,0.9998556971549988,0.604649007320404,0.32131803035736084,0.018520379438996315,0.9998416900634766,0.7029061913490295,0.5797793865203857,-0.1210005059838295,0.962952733039856,0.5896890163421631,0.5594280958175659,-0.10493354499340057,0.9376031160354614,0.6843037605285645,0.9017671942710876,-0.17072831094264984,0.955482006072998,0.6018804311752319,0.8733455538749695,-0.125242218375206,0.9260745644569397,0.6737381219863892,0.9337639808654785,-0.17740938067436218,0.6339312791824341,0.61292564868927,0.9051972031593323,-0.1312815248966217,0.5886476039886475,0.6917898058891296,0.9989380240440369,-0.30596721172332764,0.9473404288291931,0.5809774398803711,0.9736666083335876,-0.25986331701278687,0.9075698256492615
352,0.6623030304908752,0.09831532835960388,0.03090236708521843,0.9997618198394775,0.6792137622833252,0.08323421329259872,0.030136452987790108,0.9989427924156189,0.6848739385604858,0.08417458832263947,0.03040948510169983,0.9989041686058044,0.6907896995544434,0.08503630757331848,0.03030085191130638,0.9989765882492065,0.6632603406906128,0.08162882924079895,0.02651621587574482,0.9994029402732849,0.6577011346817017,0.08159857988357544,0.026509279385209084,0.9994717240333557,0.6527225971221924,0.0811123177409172,0.02631274238228798,0.9996010065078735,0.6931945085525513,0.07513175159692764,0.09755416214466095,0.9977929592132568,0.6510853171348572,0.05757024139165878,0.07979899644851685,0.9991930723190308,0.6752377152442932,0.09798605740070343,0.06429525464773178,0.9984157681465149,0.6594178080558777,0.09331715852022171,0.05732916668057442,0.998717188835144,0.7224631905555725,0.08731494843959808,0.1648511290550232,0.9998739361763,0.5826210379600525,0.10174928605556488,0.1438003033399582,0.9998707175254822,0.7647446393966675,0.1629679650068283,0.3821975588798523,0.8768470883369446,0.5557827949523926,0.19813568890094757,0.33148133754730225,0.8870326280593872,0.8226021528244019,0.2364697903394699,0.5365196466445923,0.887418806552887,0.529607355594635,0.319978803396225,0.3163800835609436,0.9087913036346436,0.834835946559906,0.25560927391052246,0.5704439878463745,0.8464558720588684,0.5204277038574219,0.3649449050426483,0.3290031850337982,0.8845747113227844,0.8278959393501282,0.2555716037750244,0.5427756905555725,0.8548266291618347,0.5269617438316345,0.36372214555740356,0.3026873767375946,0.8909766674041748,0.8217832446098328,0.25116196274757385,0.531897783279419,0.8435965180397034,0.5319350361824036,0.3520846962928772,0.31022557616233826,0.8821846842765808,0.7114244103431702,0.3111400902271271,-0.018361294642090797,0.9998044967651367,0.6061140298843384,0.31412291526794434,0.018011117354035378,0.9998093247413635,0.7023978233337402,0.5790565609931946,-0.11324070394039154,0.963355541229248,0.5909090638160706,0.5613780617713928,-0.09892375767230988,0.9352081418037415,0.6836761832237244,0.9025372266769409,-0.1463899314403534,0.9525550603866577,0.5999676585197449,0.8859565854072571,-0.12023703008890152,0.9234703779220581,0.6719529628753662,0.9340202808380127,-0.1541486531496048,0.6279067993164062,0.6122769117355347,0.9198868870735168,-0.12782840430736542,0.5897343754768372,0.6907184720039368,0.9944895505905151,-0.29282674193382263,0.9445068836212158,0.5783331394195557,0.9800167679786682,-0.2632487416267395,0.9061519503593445
353,0.6729269623756409,0.09111892431974411,-0.2296132594347,0.9997120499610901,0.687246561050415,0.07366719841957092,-0.2382984608411789,0.9987799525260925,0.692478597164154,0.07422013580799103,-0.23807187378406525,0.998748779296875,0.6979448795318604,0.07432405650615692,-0.23822781443595886,0.9988666772842407,0.6717613339424133,0.07281088083982468,-0.24485863745212555,0.9992894530296326,0.6662839651107788,0.07299245893955231,-0.24487806856632233,0.9993627071380615,0.6613048315048218,0.07268843799829483,-0.24501952528953552,0.9995099902153015,0.6966041922569275,0.06861502677202225,-0.1628672182559967,0.9975123405456543,0.6504616141319275,0.05933205410838127,-0.1951008290052414,0.9990247488021851,0.6809667348861694,0.08921979367733002,-0.1864643543958664,0.9981836676597595,0.6658334136009216,0.08639710396528244,-0.19684623181819916,0.9984045028686523,0.7240675091743469,0.06530017405748367,-0.023701291531324387,0.9998598694801331,0.5875648260116577,0.08397872745990753,-0.06638161838054657,0.999854564666748,0.7679895162582397,0.1461988091468811,0.2955303490161896,0.872137725353241,0.5576460957527161,0.18987074494361877,0.1173386424779892,0.8870144486427307,0.827043354511261,0.2134241908788681,0.4846635162830353,0.8818252682685852,0.5300418734550476,0.3152768611907959,0.22231867909431458,0.9044044017791748,0.8409910202026367,0.22739478945732117,0.5301856398582458,0.8374642133712769,0.5198173522949219,0.35986244678497314,0.23666386306285858,0.877216100692749,0.8347776532173157,0.22568447887897491,0.49549320340156555,0.8470483422279358,0.5270325541496277,0.3579265773296356,0.2043459117412567,0.8841987252235413,0.8279188275337219,0.22237800061702728,0.47971343994140625,0.8353990316390991,0.5324035882949829,0.3455982804298401,0.2137146145105362,0.8736053109169006,0.7116314172744751,0.3019663989543915,-0.014264744706451893,0.9997499585151672,0.611694872379303,0.3059311807155609,0.013827434740960598,0.9997457265853882,0.701899528503418,0.577201783657074,-0.08605539798736572,0.9594402313232422,0.593440055847168,0.5557942986488342,-0.09558387845754623,0.9262173771858215,0.6799123883247375,0.9064203500747681,-0.08497613668441772,0.9451749324798584,0.597572922706604,0.8902676105499268,-0.09694202244281769,0.9115738272666931,0.6638932228088379,0.9372974634170532,-0.09218756854534149,0.6095136404037476,0.6057505011558533,0.9240121245384216,-0.10234232991933823,0.5691515207290649,0.6891792416572571,0.9920540452003479,-0.24644827842712402,0.9380618333816528,0.5845617651939392,0.974049985408783,-0.24637874960899353,0.8986280560493469
354,0.6731565594673157,0.013541247695684433,-0.1096050813794136,0.9996749758720398,0.6849373579025269,0.008137437514960766,-0.09884360432624817,0.9986791014671326,0.6901615262031555,0.010736458003520966,-0.09873643517494202,0.9986586570739746,0.6957483291625977,0.012811830267310143,-0.0989246815443039,0.9987967610359192,0.6715542674064636,0.0012731790775433183,-0.10621403157711029,0.9992101192474365,0.6673702597618103,-0.000438564398791641,-0.10617510974407196,0.9992904663085938,0.6633750200271606,-0.002111760899424553,-0.10633474588394165,0.9994473457336426,0.6963863372802734,0.014119270257651806,0.01897781528532505,0.9974049925804138,0.6550477147102356,0.004212969448417425,-0.01395899336785078,0.9989163279533386,0.6791718602180481,0.0276109017431736,-0.05628504604101181,0.9980404376983643,0.6656742691993713,0.021529415622353554,-0.06695768982172012,0.9982245564460754,0.7231454849243164,0.048626016825437546,0.1001497358083725,0.9998368620872498,0.5927178859710693,0.06410082429647446,0.07720022648572922,0.9998340606689453,0.7676346302032471,0.13671821355819702,0.37574097514152527,0.8639177680015564,0.5636302828788757,0.16562457382678986,0.2121736854314804,0.8868709802627563,0.8317310810089111,0.1899029165506363,0.49298837780952454,0.8728510737419128,0.5296614170074463,0.30859094858169556,0.29537516832351685,0.9020974040031433,0.8473024368286133,0.19843539595603943,0.5173444151878357,0.8245044350624084,0.5192307829856873,0.35287734866142273,0.30960285663604736,0.873932421207428,0.8429655432701111,0.19524213671684265,0.4797098934650421,0.8351355791091919,0.5259398818016052,0.3540698289871216,0.27189210057258606,0.8811132311820984,0.8351694345474243,0.19381915032863617,0.4822048544883728,0.8220129013061523,0.5316904187202454,0.3426559567451477,0.2850545346736908,0.8689048886299133,0.7094779014587402,0.2945706248283386,-0.004993119277060032,0.9996348023414612,0.6175985336303711,0.2957896292209625,0.0046717021614313126,0.9996452331542969,0.701086163520813,0.5725696682929993,-0.09391726553440094,0.9530928730964661,0.6043449640274048,0.5512003898620605,-0.15316055715084076,0.9225660562515259,0.6745977997779846,0.9063019156455994,-0.11180169880390167,0.934788167476654,0.5981982350349426,0.8950889110565186,-0.16458703577518463,0.902615487575531,0.6567648649215698,0.9374099373817444,-0.11993427574634552,0.5938747525215149,0.604052722454071,0.9270967245101929,-0.17122140526771545,0.55336993932724,0.6890965104103088,0.9854450821876526,-0.2634198069572449,0.9267882108688354,0.604097306728363,0.9701471924781799,-0.34632521867752075,0.8863415718078613
355,0.6802589297294617,-0.024397868663072586,-0.04793607071042061,0.9995887279510498,0.6921210885047913,-0.042442627251148224,-0.03411747142672539,0.9984456896781921,0.6978311538696289,-0.042001161724328995,-0.0340200774371624,0.9984376430511475,0.7036474347114563,-0.04148406907916069,-0.034155432134866714,0.9985789060592651,0.6766852140426636,-0.04610418900847435,-0.037555743008852005,0.9990402460098267,0.6711922287940979,-0.04787936434149742,-0.037498604506254196,0.9991452693939209,0.6657609343528748,-0.0496397465467453,-0.037642113864421844,0.9993314743041992,0.7076294422149658,-0.041782017797231674,0.08476750552654266,0.9969360828399658,0.656305730342865,-0.05186852440237999,0.043973159044981,0.9987342357635498,0.6813997030258179,-0.0028271416667848825,-0.012739883735775948,0.9976290464401245,0.6662607192993164,-0.004760268144309521,-0.010971293784677982,0.9979056715965271,0.7265880107879639,0.03627819940447807,0.2019985020160675,0.9997753500938416,0.5927700996398926,0.04655406251549721,0.1536710113286972,0.9997988939285278,0.770503580570221,0.12470029294490814,0.41495174169540405,0.8272911310195923,0.5646860003471375,0.15432679653167725,0.303640753030777,0.8767412900924683,0.8309696316719055,0.1684095412492752,0.46041473746299744,0.8486503958702087,0.5292268991470337,0.2979137897491455,0.3343239724636078,0.8946910500526428,0.8467401266098022,0.17536550760269165,0.4707006514072418,0.8011137247085571,0.5186623334884644,0.3469539284706116,0.34043246507644653,0.8675136566162109,0.8412193655967712,0.17120565474033356,0.4277593195438385,0.8133206963539124,0.5252009034156799,0.347987562417984,0.30229651927948,0.8749371767044067,0.8340765833854675,0.17100439965724945,0.44477978348731995,0.7987659573554993,0.5310590267181396,0.33473387360572815,0.32285720109939575,0.8606055378913879,0.7102143168449402,0.2837904691696167,-0.004284790717065334,0.9994377493858337,0.6156394481658936,0.2813722789287567,0.004035861697047949,0.9994854927062988,0.7009316086769104,0.5709117650985718,-0.09706385433673859,0.9465218782424927,0.6037841439247131,0.5484675765037537,-0.1415678858757019,0.918330192565918,0.6737405061721802,0.9070751667022705,-0.11626636981964111,0.926804780960083,0.5987863540649414,0.895939290523529,-0.14613895118236542,0.8937326073646545,0.655853807926178,0.9405549168586731,-0.1256069540977478,0.5884987115859985,0.603806734085083,0.9284428954124451,-0.15271997451782227,0.5392142534255981,0.689339280128479,0.9849154949188232,-0.3023184835910797,0.9175851941108704,0.6107196807861328,0.9676435589790344,-0.3282760977745056,0.8711671233177185
356,0.6938604116439819,-0.005695990286767483,-0.17213791608810425,0.9995127320289612,0.7079973816871643,-0.022362325340509415,-0.16533903777599335,0.9982491135597229,0.7130663394927979,-0.022162871435284615,-0.16526593267917633,0.9982519745826721,0.7126687169075012,-0.020614922046661377,-0.1654280573129654,0.9984150528907776,0.6932240724563599,-0.025177454575896263,-0.17831026017665863,0.998904824256897,0.6877912282943726,-0.027194876223802567,-0.17831939458847046,0.9990217089653015,0.6823302507400513,-0.0293094702064991,-0.17857393622398376,0.9992220401763916,0.7108674049377441,-0.025425132364034653,-0.043216533958911896,0.9966391324996948,0.6695982813835144,-0.04066690802574158,-0.10700280219316483,0.9985883831977844,0.6936578750610352,0.008451801724731922,-0.11580790579319,0.9974533319473267,0.6778671145439148,0.005058589857071638,-0.1340881735086441,0.9977292418479919,0.7262457013130188,0.03622766211628914,0.08412890136241913,0.9997237920761108,0.592146098613739,0.03657647967338562,0.026820674538612366,0.9997722506523132,0.7887147665023804,0.12180758267641068,0.2963053286075592,0.8065862059593201,0.56501704454422,0.1393352746963501,0.22120945155620575,0.8686981201171875,0.832969069480896,0.14771224558353424,0.317032128572464,0.831652045249939,0.5288897156715393,0.28919142484664917,0.28794145584106445,0.8846636414527893,0.8488062024116516,0.15111519396305084,0.3222416043281555,0.7829045653343201,0.5181419253349304,0.3392348885536194,0.2996448874473572,0.8575878143310547,0.8397283554077148,0.14316976070404053,0.27687200903892517,0.7970118522644043,0.5246949791908264,0.3406078517436981,0.258571594953537,0.8659612536430359,0.8336368799209595,0.14534197747707367,0.2995786964893341,0.7811020016670227,0.5306093692779541,0.32782772183418274,0.27647534012794495,0.8499559760093689,0.7103894948959351,0.2776256799697876,0.0024692206643521786,0.999233067035675,0.6153960227966309,0.2762596309185028,-0.002625944558531046,0.9993398189544678,0.7006460428237915,0.5688427686691284,-0.09945757687091827,0.9354382753372192,0.6077929139137268,0.549319326877594,-0.13668830692768097,0.9128661155700684,0.6706334352493286,0.9097791314125061,-0.08072513341903687,0.914664089679718,0.6005217432975769,0.9008001685142517,-0.1251896470785141,0.8828177452087402,0.6529665589332581,0.9433494806289673,-0.08753782510757446,0.576077401638031,0.6038942337036133,0.9334774017333984,-0.13055188953876495,0.525953471660614,0.6874980926513672,0.98466956615448,-0.26342180371284485,0.9058406352996826,0.6198576092720032,0.9684757590293884,-0.3042275607585907,0.857467770576477
357,0.6932710409164429,-0.10443419963121414,0.11858078092336655,0.9987437725067139,0.7023069262504578,-0.12119317799806595,0.1454613357782364,0.9966474175453186,0.7070790529251099,-0.12052465230226517,0.1453102082014084,0.9967182278633118,0.7101384997367859,-0.1196100190281868,0.1451406031847,0.9968922138214111,0.687888503074646,-0.12462873756885529,0.13269858062267303,0.9977536201477051,0.6824172139167786,-0.12615066766738892,0.13270987570285797,0.9980417490005493,0.6769462823867798,-0.12767142057418823,0.13233916461467743,0.9985286593437195,0.7100627422332764,-0.11417289078235626,0.3056814968585968,0.9938092231750488,0.6648381948471069,-0.12553909420967102,0.24704298377037048,0.9976410865783691,0.6883128881454468,-0.07906398922204971,0.18387587368488312,0.9955522418022156,0.6803853511810303,-0.08700672537088394,0.166268989443779,0.9964433908462524,0.7282682061195374,0.0002845241397153586,0.33553364872932434,0.999634325504303,0.5913087129592896,-0.032508619129657745,0.2992619276046753,0.999755859375,0.7883601188659668,0.10983112454414368,0.214792400598526,0.7543572783470154,0.5643083453178406,0.12783154845237732,0.2602863311767578,0.8512827754020691,0.8275520205497742,0.13516777753829956,-0.1610754430294037,0.78717041015625,0.5270833969116211,0.27768099308013916,0.061038099229335785,0.8779392838478088,0.8413084745407104,0.13843020796775818,-0.2311772257089615,0.7465341091156006,0.5131440162658691,0.33183011412620544,0.02144743502140045,0.8543093800544739,0.8333245515823364,0.13118301331996918,-0.26168790459632874,0.7614688277244568,0.5222154259681702,0.335036963224411,-0.022004446014761925,0.8624879121780396,0.8274144530296326,0.12962904572486877,-0.18530778586864471,0.7439431548118591,0.5289599895477295,0.32161152362823486,0.04051777720451355,0.8438623547554016,0.7144768238067627,0.27025550603866577,0.0018255810718983412,0.9990555047988892,0.611211359500885,0.2619439661502838,-0.0019177739741280675,0.9992273449897766,0.7012462019920349,0.5635301470756531,-0.15172123908996582,0.9242116808891296,0.6063951253890991,0.5446129441261292,-0.16498279571533203,0.9087870717048645,0.6709741353988647,0.9098479151725769,-0.10728508234024048,0.9003713130950928,0.6000604629516602,0.8974155783653259,-0.1167161762714386,0.8741158843040466,0.653500497341156,0.9424251317977905,-0.11467495560646057,0.5589773654937744,0.6023693084716797,0.9296275973320007,-0.12142517417669296,0.5116472840309143,0.6870979070663452,0.9865162968635559,-0.3052031099796295,0.8903979659080505,0.6191259622573853,0.9727554321289062,-0.32359257340431213,0.8428433537483215
358,0.6962129473686218,-0.1679321974515915,-0.10805653780698776,0.9959558844566345,0.7004038095474243,-0.18856936693191528,-0.08217505365610123,0.9906632304191589,0.7046248316764832,-0.18865147233009338,-0.08238568156957626,0.990526020526886,0.7082570791244507,-0.18857154250144958,-0.08265350013971329,0.9911971688270569,0.6865402460098267,-0.190133199095726,-0.10459258407354355,0.9931139945983887,0.6809396147727966,-0.19102679193019867,-0.10461679100990295,0.9938262104988098,0.6753202676773071,-0.19195713102817535,-0.10500819236040115,0.9953373670578003,0.7063390612602234,-0.18531736731529236,0.12227551639080048,0.9845145344734192,0.6611132621765137,-0.18925948441028595,0.012220785953104496,0.9934898018836975,0.697077214717865,-0.14706923067569733,-0.02491127885878086,0.9914916157722473,0.6840143203735352,-0.14862388372421265,-0.0551583431661129,0.9930551648139954,0.7439832091331482,-0.08639565855264664,0.2650654911994934,0.999496579170227,0.5905857086181641,-0.08915992081165314,0.12656821310520172,0.9996610879898071,0.7818326950073242,0.085027314722538,0.3237002491950989,0.7037070989608765,0.5639631152153015,0.09708574414253235,0.16303089261054993,0.8429664373397827,0.825798511505127,0.12197354435920715,0.1364046335220337,0.740787923336029,0.5270543694496155,0.24699147045612335,0.0009838368277996778,0.868014931678772,0.8374959230422974,0.1319432556629181,0.11694517731666565,0.7039386034011841,0.5108998417854309,0.31113073229789734,-0.0357772558927536,0.8459233045578003,0.829963743686676,0.12680421769618988,0.07460039854049683,0.7198339700698853,0.5188741683959961,0.3151988685131073,-0.09777192026376724,0.8539652824401855,0.8238228559494019,0.12247075140476227,0.11966963112354279,0.7012930512428284,0.5279136300086975,0.2965548038482666,-0.02455688826739788,0.832485556602478,0.7171999216079712,0.25286179780960083,0.017399080097675323,0.9987263679504395,0.6091253161430359,0.2429712414741516,-0.017238203436136246,0.998869001865387,0.7012736201286316,0.5610789060592651,-0.1216641515493393,0.9131901860237122,0.6055163741111755,0.5421132445335388,-0.16166305541992188,0.9036051630973816,0.6710566282272339,0.9091829061508179,-0.025647882372140884,0.8920451402664185,0.5997269749641418,0.8948459029197693,-0.059567034244537354,0.8674737811088562,0.6535673141479492,0.9415442943572998,-0.03094746544957161,0.550285816192627,0.6009422540664673,0.9256991744041443,-0.060137271881103516,0.5012040138244629,0.6870863437652588,0.9861340522766113,-0.2697768211364746,0.8816019892692566,0.6201135516166687,0.9711470603942871,-0.3031570017337799,0.8355176448822021
359,0.6925897598266602,-0.16710348427295685,-0.030086249113082886,0.9945729970932007,0.697788417339325,-0.18657666444778442,0.0011601264122873545,0.9875994920730591,0.7021833658218384,-0.18599723279476166,0.0009052621317096055,0.9873348474502563,0.7063137292861938,-0.18527153134346008,0.0005456344224512577,0.9884421229362488,0.6837911605834961,-0.19001904129981995,-0.02846076339483261,0.9906833171844482,0.6781716346740723,-0.19167393445968628,-0.028504997491836548,0.9914616942405701,0.6725358963012695,-0.19335131347179413,-0.029090290889143944,0.9935398101806641,0.7048271298408508,-0.18346643447875977,0.1971437782049179,0.979527473449707,0.6586942672729492,-0.19380542635917664,0.09194344282150269,0.990578293800354,0.6952924728393555,-0.14735232293605804,0.060134898871183395,0.9884330630302429,0.6807647943496704,-0.1508912742137909,0.026348454877734184,0.9900035262107849,0.7477293014526367,-0.0939568430185318,0.32376840710639954,0.9994116425514221,0.5896046161651611,-0.10901960730552673,0.1997484713792801,0.9995575547218323,0.7785890698432922,0.07972921431064606,0.4942847192287445,0.6619716882705688,0.5649064183235168,0.08757711201906204,0.26692938804626465,0.8136963248252869,0.8223221302032471,0.12053422629833221,0.45368456840515137,0.7044441103935242,0.5254468321800232,0.23193392157554626,0.15226389467716217,0.8400685787200928,0.8363056778907776,0.1316627413034439,0.43766459822654724,0.6704099774360657,0.504280686378479,0.29398560523986816,0.11816047877073288,0.8239615559577942,0.8292430639266968,0.12357568740844727,0.38943028450012207,0.6871680617332458,0.5151227712631226,0.2972216308116913,0.022188127040863037,0.8319668173789978,0.8232953548431396,0.12146136909723282,0.432292103767395,0.6665440797805786,0.5253210067749023,0.2774204909801483,0.12150256335735321,0.8075233101844788,0.7158182263374329,0.23286625742912292,0.024175463244318962,0.9986221194267273,0.6090908646583557,0.22772076725959778,-0.02402602881193161,0.9987441301345825,0.7011129260063171,0.5585763454437256,-0.09981117397546768,0.9116909503936768,0.6086107492446899,0.5389202833175659,-0.1642083078622818,0.9040612578392029,0.6682484745979309,0.9041057229042053,0.01521857175976038,0.8905705213546753,0.6007273197174072,0.8927370309829712,-0.027150264009833336,0.8673403263092041,0.6493903398513794,0.9410476684570312,0.013947093859314919,0.556247889995575,0.6009283065795898,0.9247710108757019,-0.0233424361795187,0.4987243413925171,0.6856232285499573,0.982861340045929,-0.2066761553287506,0.8775962591171265,0.6197522878646851,0.9700883030891418,-0.2699825167655945,0.8308525681495667
360,0.681936502456665,-0.13811883330345154,0.27315106987953186,0.9923176765441895,0.6893778443336487,-0.15570825338363647,0.2898997962474823,0.9813008904457092,0.694297194480896,-0.15592126548290253,0.2898485064506531,0.9812808036804199,0.699319064617157,-0.15597334504127502,0.2895852327346802,0.9824320077896118,0.6755291223526001,-0.1564677208662033,0.2852199375629425,0.9858744144439697,0.6699151992797852,-0.1571429967880249,0.2852160930633545,0.9869747161865234,0.6641806364059448,-0.1578342616558075,0.28481608629226685,0.9899736046791077,0.7042276263237,-0.1543044000864029,0.4029659032821655,0.9720813632011414,0.6550495028495789,-0.15779109299182892,0.37908506393432617,0.9859287738800049,0.6912539601325989,-0.1222032979130745,0.3209470510482788,0.9836030006408691,0.6735010147094727,-0.12296607345342636,0.313323974609375,0.985999345779419,0.7505038380622864,-0.07785746455192566,0.3986207842826843,0.9993151426315308,0.5830053091049194,-0.08767372369766235,0.3937903344631195,0.9995284080505371,0.778904914855957,0.07846905291080475,0.4101475179195404,0.6247298717498779,0.5549541711807251,0.06886663287878036,0.36327505111694336,0.7770389318466187,0.8169635534286499,0.1145283579826355,0.3447312116622925,0.6693535447120667,0.5145396590232849,0.21757018566131592,0.2243620604276657,0.813477098941803,0.8299089074134827,0.13466158509254456,0.2940753996372223,0.6401921510696411,0.4931394159793854,0.2708985209465027,0.20626187324523926,0.8045937418937683,0.8224217295646667,0.12593494355678558,0.28687962889671326,0.6569768190383911,0.5024869441986084,0.2744014263153076,0.16618338227272034,0.8123873472213745,0.8161163330078125,0.12071800976991653,0.3381795287132263,0.6362292766571045,0.513900637626648,0.2586006224155426,0.20600658655166626,0.7863436937332153,0.7167705297470093,0.22216525673866272,0.020430022850632668,0.9985980987548828,0.6032792925834656,0.21539533138275146,-0.02034270390868187,0.9987726211547852,0.7067304849624634,0.5512101054191589,-0.10017963498830795,0.9085667729377747,0.6062870025634766,0.5353981256484985,-0.1577160358428955,0.9036677479743958,0.6684569716453552,0.8942613005638123,-0.00533707719296217,0.8792912364006042,0.5976430773735046,0.8911750316619873,-0.03323647007346153,0.8636555075645447,0.6502472162246704,0.9320037364959717,-0.0021327119320631027,0.5470515489578247,0.597689688205719,0.9231767058372498,-0.02861715294420719,0.49094158411026,0.6873012185096741,0.9813868999481201,-0.17460355162620544,0.8603646755218506,0.6179146766662598,0.9699199199676514,-0.23378749191761017,0.8177151679992676
361,0.675579309463501,-0.13445448875427246,0.20080053806304932,0.9899341464042664,0.6860907077789307,-0.1517154574394226,0.20570679008960724,0.972686767578125,0.6912979483604431,-0.152220219373703,0.20571795105934143,0.9726071953773499,0.696774959564209,-0.1525501310825348,0.20547667145729065,0.9738423228263855,0.6724154949188232,-0.15220488607883453,0.20341062545776367,0.9804022908210754,0.6669976711273193,-0.153035968542099,0.203379824757576,0.982178807258606,0.6613874435424805,-0.1538715958595276,0.20293714106082916,0.9864398837089539,0.7026584148406982,-0.15436506271362305,0.28568869829177856,0.9598861932754517,0.6547139883041382,-0.15754559636116028,0.26903048157691956,0.980282187461853,0.6870365738868713,-0.12146865576505661,0.23681962490081787,0.9774393439292908,0.6590027809143066,-0.12359730899333954,0.23229432106018066,0.9813987016677856,0.7535251975059509,-0.09097164869308472,0.3213646113872528,0.9991525411605835,0.5763921737670898,-0.10047958046197891,0.29584550857543945,0.9995134472846985,0.791286051273346,0.06033982336521149,0.4066145420074463,0.5948767066001892,0.5463020205497742,0.057227056473493576,0.32299986481666565,0.7679834365844727,0.8168107867240906,0.12489937990903854,0.4188474118709564,0.6428307890892029,0.5042423605918884,0.20502303540706635,0.2524764835834503,0.8131468296051025,0.8239152431488037,0.1430961787700653,0.4185226261615753,0.6159170269966125,0.4820941686630249,0.2569115161895752,0.24793604016304016,0.8050056099891663,0.81584233045578,0.13334079086780548,0.38995036482810974,0.6327258348464966,0.4930296838283539,0.26123860478401184,0.21970607340335846,0.8125181198120117,0.8107298016548157,0.12945625185966492,0.4089840352535248,0.6122081279754639,0.504966139793396,0.24690458178520203,0.24125777184963226,0.7856076955795288,0.7196019291877747,0.20466062426567078,0.019313571974635124,0.9984964728355408,0.6011809706687927,0.1985914558172226,-0.019419103860855103,0.9987751841545105,0.7212427854537964,0.5419802665710449,-0.10391693562269211,0.9073864221572876,0.6029499173164368,0.5261586308479309,-0.15254750847816467,0.9026321768760681,0.6696103811264038,0.8716048002243042,0.02883726917207241,0.8708447217941284,0.5968694686889648,0.8891608715057373,-0.012973516248166561,0.861368715763092,0.6507888436317444,0.9048652648925781,0.03826601803302765,0.5356428623199463,0.5974019765853882,0.919059157371521,-0.004105659201741219,0.4835234582424164,0.6877061724662781,0.977337121963501,-0.12229812145233154,0.8484597206115723,0.6167231798171997,0.9713921546936035,-0.19082343578338623,0.8109256625175476
362,0.6752925515174866,-0.23097869753837585,0.1510668694972992,0.9831172823905945,0.6848306059837341,-0.25233665108680725,0.16078291833400726,0.9587233662605286,0.6896081566810608,-0.2523113489151001,0.16069930791854858,0.9586827754974365,0.6947444677352905,-0.2521335482597351,0.1604682356119156,0.9602817296981812,0.6722060441970825,-0.2542383670806885,0.15452012419700623,0.9685389399528503,0.666627049446106,-0.2553696632385254,0.15448255836963654,0.9715712070465088,0.6609706878662109,-0.2565235197544098,0.15400166809558868,0.9778153300285339,0.7007821202278137,-0.24970799684524536,0.26194342970848083,0.9441158175468445,0.6538055539131165,-0.25573721528053284,0.23226627707481384,0.9697602987289429,0.685722827911377,-0.21037766337394714,0.1984650194644928,0.9695205092430115,0.6609927415847778,-0.21216189861297607,0.18924647569656372,0.9748675227165222,0.7589118480682373,-0.14744319021701813,0.31600770354270935,0.9990984201431274,0.5744016170501709,-0.172853484749794,0.2639099955558777,0.9995036721229553,0.792471706867218,0.03536805883049965,0.3911862075328827,0.5594824552536011,0.5427964925765991,0.03704938292503357,0.1688096970319748,0.7578938007354736,0.8162563443183899,0.13371248543262482,0.3047526478767395,0.6159440875053406,0.49609291553497314,0.19335415959358215,-0.07990209758281708,0.8125654458999634,0.822489857673645,0.1558259129524231,0.2749696373939514,0.5936732292175293,0.4739771783351898,0.247259721159935,-0.11982715129852295,0.8067671060562134,0.8138967752456665,0.1446637511253357,0.23772992193698883,0.6104469299316406,0.48565778136253357,0.25149255990982056,-0.16290363669395447,0.8139108419418335,0.8096743226051331,0.13784760236740112,0.28650033473968506,0.5897332429885864,0.4970390200614929,0.23719054460525513,-0.10254933685064316,0.7863034009933472,0.7199074625968933,0.19147424399852753,0.03668535500764847,0.9984514713287354,0.5985488295555115,0.18617035448551178,-0.03680127486586571,0.9987506866455078,0.7446420788764954,0.5254485011100769,-0.17692868411540985,0.9057446122169495,0.6002806425094604,0.5166216492652893,-0.2078266739845276,0.8996636867523193,0.6702179908752441,0.8557901978492737,0.07760873436927795,0.8602103590965271,0.5956254005432129,0.8811486959457397,0.005884687881916761,0.8603751063346863,0.6486324667930603,0.8909195065498352,0.09689495712518692,0.5247403979301453,0.594415545463562,0.9104467630386353,0.02072930708527565,0.4780209958553314,0.6925302147865295,0.9650035500526428,-0.08085289597511292,0.8362814784049988,0.6186790466308594,0.9708764553070068,-0.19440388679504395,0.8090416789054871
363,0.674307644367218,-0.3434905707836151,0.11169487982988358,0.9795089960098267,0.675969123840332,-0.365919828414917,0.1090104877948761,0.9503397345542908,0.6790006160736084,-0.36682435870170593,0.10885129123926163,0.9497687220573425,0.6823549866676331,-0.3675777316093445,0.1087263822555542,0.9514098167419434,0.6670816540718079,-0.36379456520080566,0.08687935769557953,0.9614973664283752,0.6625445485115051,-0.3630157709121704,0.08674633502960205,0.9654501676559448,0.657781720161438,-0.3622497320175171,0.08606497198343277,0.9727252125740051,0.6832090020179749,-0.35899123549461365,0.19883091747760773,0.9327981472015381,0.6503351330757141,-0.3506059944629669,0.12018295377492905,0.9640057682991028,0.6845178604125977,-0.3181796669960022,0.15685255825519562,0.9648809432983398,0.6621010303497314,-0.3149265646934509,0.12598168849945068,0.9713025689125061,0.756366491317749,-0.2196326106786728,0.2991945445537567,0.9989206194877625,0.5734388828277588,-0.2328527271747589,0.06925927847623825,0.9994910359382629,0.7821445465087891,-0.016236260533332825,0.40430551767349243,0.5157004594802856,0.5396090745925903,0.0002565110626164824,-0.04074404388666153,0.7698431611061096,0.8157896399497986,0.1212046891450882,0.3355889618396759,0.5949607491493225,0.49264097213745117,0.16175752878189087,-0.2673056721687317,0.8273398280143738,0.8224189281463623,0.14916111528873444,0.3304322361946106,0.5790978670120239,0.4695080816745758,0.2164098471403122,-0.3143588900566101,0.8216500878334045,0.814322829246521,0.1414240300655365,0.26500368118286133,0.5958841443061829,0.48264017701148987,0.2227059304714203,-0.3545384407043457,0.8281430006027222,0.8096674084663391,0.13425007462501526,0.30807942152023315,0.576238214969635,0.49434033036231995,0.20893552899360657,-0.28706464171409607,0.8015421032905579,0.7219602465629578,0.18790404498577118,0.0718170627951622,0.9983786940574646,0.5975369215011597,0.18187719583511353,-0.07200580835342407,0.9987279772758484,0.7683638334274292,0.5046679973602295,-0.19928675889968872,0.9087434411048889,0.5946840643882751,0.5119501352310181,-0.2631065845489502,0.9044274091720581,0.6719655990600586,0.8314731121063232,0.11254657059907913,0.8591596484184265,0.5944188833236694,0.8750135898590088,-0.011293187737464905,0.8692505955696106,0.6482459306716919,0.8638612031936646,0.1339547485113144,0.5316625237464905,0.5939335227012634,0.9033522605895996,0.002367271576076746,0.4962717592716217,0.7028771042823792,0.9580190777778625,-0.051434021443128586,0.8378753066062927,0.6180952191352844,0.9745994806289673,-0.2032918483018875,0.8217464685440063
364,0.670403242111206,-0.38744571805000305,0.04961609095335007,0.9747228026390076,0.6688740253448486,-0.40878257155418396,0.0453227199614048,0.9376614689826965,0.6714704036712646,-0.4093156158924103,0.04518890008330345,0.9366244077682495,0.674376368522644,-0.4097106158733368,0.04504998400807381,0.9374980926513672,0.6622686386108398,-0.40693360567092896,0.03000941500067711,0.9513112902641296,0.6587827801704407,-0.4060746133327484,0.0299379862844944,0.9565578699111938,0.6549861431121826,-0.4052256643772125,0.02926400490105152,0.9653197526931763,0.6772266626358032,-0.3995402753353119,0.12478984147310257,0.9173686504364014,0.6501244306564331,-0.3925600051879883,0.0657220110297203,0.9571309685707092,0.6810654997825623,-0.3613468110561371,0.0917377695441246,0.9586653709411621,0.6622555255889893,-0.358590692281723,0.07102934271097183,0.9679692387580872,0.7606468200683594,-0.2592095136642456,0.24219806492328644,0.9986018538475037,0.5737680792808533,-0.2725086510181427,0.01623346284031868,0.9994953274726868,0.7540923357009888,-0.022307395935058594,0.34185996651649475,0.47328394651412964,0.538123607635498,-0.032592300325632095,-0.08752594143152237,0.7827973961830139,0.8142774701118469,0.11381588131189346,0.22618922591209412,0.5717745423316956,0.49255648255348206,0.13404428958892822,-0.31633317470550537,0.842011034488678,0.8239955306053162,0.14700014889240265,0.21522775292396545,0.5638999342918396,0.4702324867248535,0.18800963461399078,-0.36484289169311523,0.8365519642829895,0.8180879950523376,0.1387874335050583,0.14077822864055634,0.5806268453598022,0.4841911792755127,0.19226960837841034,-0.41191962361335754,0.842450737953186,0.8109553456306458,0.13111570477485657,0.19280344247817993,0.5630512833595276,0.4951102137565613,0.17896847426891327,-0.339061439037323,0.8173016905784607,0.7232781648635864,0.1747230440378189,0.07797694206237793,0.9983270764350891,0.5961446762084961,0.17056921124458313,-0.07804003357887268,0.9987320899963379,0.8016718626022339,0.47607046365737915,-0.2682141363620758,0.9142264127731323,0.5911089181900024,0.501311719417572,-0.3120577931404114,0.9112457633018494,0.685039758682251,0.8155681490898132,0.058610059320926666,0.8634900450706482,0.5943870544433594,0.8738529086112976,-0.05853932723402977,0.8795764446258545,0.649524986743927,0.8546664714813232,0.07792937010526657,0.5501853823661804,0.5942102074623108,0.9023711681365967,-0.03948903828859329,0.5228098034858704,0.737872302532196,0.9509584903717041,-0.11043372005224228,0.844253420829773,0.6176883578300476,0.9742646217346191,-0.296318918466568,0.8357934355735779
365,0.674731969833374,-0.3956562876701355,0.07094907015562057,0.976090133190155,0.6704511046409607,-0.41675662994384766,0.07222340255975723,0.9409999251365662,0.6720739603042603,-0.41709601879119873,0.07204142957925797,0.9399879574775696,0.6749177575111389,-0.41730454564094543,0.07196745276451111,0.940513551235199,0.6653194427490234,-0.41561654210090637,0.04891928285360336,0.9538140296936035,0.6620527505874634,-0.4150758683681488,0.04876035079360008,0.9589299559593201,0.658477246761322,-0.4145415127277374,0.047853078693151474,0.9671995639801025,0.678577721118927,-0.40664851665496826,0.15463310480117798,0.9219304323196411,0.6526129841804504,-0.40154018998146057,0.09976684302091599,0.9600292444229126,0.6831147074699402,-0.3679022490978241,0.1181713193655014,0.9610764384269714,0.670387864112854,-0.36594945192337036,0.08945335447788239,0.9701646566390991,0.7642871737480164,-0.26430410146713257,0.29424378275871277,0.9986068606376648,0.5739862322807312,-0.2834128737449646,0.05367334932088852,0.9995343685150146,0.7497527599334717,-0.021401111036539078,0.34434938430786133,0.4389992952346802,0.5363688468933105,-0.05550293251872063,-0.08522476255893707,0.7993031144142151,0.8150033354759216,0.1179465651512146,0.16193917393684387,0.5612886548042297,0.49237358570098877,0.11195868253707886,-0.34037354588508606,0.8563595414161682,0.8305609822273254,0.15116101503372192,0.13738973438739777,0.5609321594238281,0.4704117178916931,0.165973961353302,-0.3995994031429291,0.8510450124740601,0.827006459236145,0.1449025273323059,0.06681855767965317,0.5774091482162476,0.48219212889671326,0.17077293992042542,-0.44337737560272217,0.8563576340675354,0.818379282951355,0.13549187779426575,0.12706652283668518,0.5602682828903198,0.492624431848526,0.15807999670505524,-0.3623558580875397,0.8328931331634521,0.7258744835853577,0.16216200590133667,0.08347270637750626,0.998424232006073,0.5963585376739502,0.15712834894657135,-0.0834142416715622,0.9988168478012085,0.8259496688842773,0.4485684335231781,-0.33060339093208313,0.9202264547348022,0.5903220176696777,0.4920614957809448,-0.4335244297981262,0.9188738465309143,0.7145667672157288,0.8177808523178101,-0.05070033669471741,0.8710057735443115,0.5937821865081787,0.874040961265564,-0.24133233726024628,0.8901700973510742,0.6696845293045044,0.8616688251495361,-0.03327130898833275,0.5769002437591553,0.5945448279380798,0.902525782585144,-0.23132653534412384,0.5567407011985779,0.7891889810562134,0.951644241809845,-0.24631401896476746,0.8541688919067383,0.6172598004341125,0.9738351702690125,-0.5009959936141968,0.8503509759902954
366,0.6869314312934875,-0.4492848813533783,0.00685869762673974,0.9777402281761169,0.681403636932373,-0.4719366133213043,0.021630167961120605,0.9455912709236145,0.6833964586257935,-0.4724760055541992,0.021477699279785156,0.9445308446884155,0.6861036419868469,-0.4728759825229645,0.021353082731366158,0.9449605941772461,0.6736993789672852,-0.46990498900413513,-0.003810370806604624,0.9571000933647156,0.6693816781044006,-0.46900731325149536,-0.0038866368122398853,0.9618040323257446,0.6648573279380798,-0.46810877323150635,-0.004522032104432583,0.9694363474845886,0.6855451464653015,-0.4601146876811981,0.15885640680789948,0.9282149076461792,0.6553981900215149,-0.45146170258522034,0.05970216915011406,0.9630768299102783,0.6948046088218689,-0.4190250635147095,0.07308926433324814,0.9643775820732117,0.6826350092887878,-0.41624388098716736,0.03920859098434448,0.9727112054824829,0.7747219800949097,-0.29821449518203735,0.3106483221054077,0.9986549019813538,0.5748137831687927,-0.3225063681602478,-0.004305181559175253,0.9995702505111694,0.7475264072418213,-0.033003825694322586,0.34548622369766235,0.4088367819786072,0.5357558131217957,-0.10503318905830383,-0.20557180047035217,0.8146417140960693,0.8204946517944336,0.12392228096723557,0.10547659546136856,0.5511910319328308,0.494314044713974,0.0725320503115654,-0.49880358576774597,0.8692926168441772,0.839975118637085,0.1548415869474411,0.06829001754522324,0.55669766664505,0.47150179743766785,0.13464418053627014,-0.5696508884429932,0.8641616106033325,0.8379976153373718,0.14885173738002777,-0.006811900530010462,0.5732254385948181,0.48353052139282227,0.14306066930294037,-0.6124871969223022,0.8689380288124084,0.8271028995513916,0.14027410745620728,0.06708426028490067,0.5570281744003296,0.49435409903526306,0.12601877748966217,-0.5219190120697021,0.8469790816307068,0.7263122200965881,0.14908786118030548,0.11190018802881241,0.9985446929931641,0.5965360999107361,0.14599642157554626,-0.11181291192770004,0.9988982081413269,0.8481643795967102,0.42514702677726746,-0.48426732420921326,0.9263966679573059,0.5905112624168396,0.49474769830703735,-0.507175624370575,0.9257776737213135,0.7513530254364014,0.8226822018623352,-0.22106042504310608,0.8796670436859131,0.593904435634613,0.8764697313308716,-0.3313632309436798,0.899152398109436,0.7051318287849426,0.8696637153625488,-0.20736710727214813,0.6096819043159485,0.5957711935043335,0.9026668071746826,-0.32466498017311096,0.5834171772003174,0.8535163402557373,0.9466825723648071,-0.4495719075202942,0.8642295598983765,0.6165094375610352,0.9736965894699097,-0.6251795887947083,0.8625475168228149
367,,,,,,,,,,,,,,,,,,,,,,,,,,,,,,,,,,,,,,,,,,,,,,,,,,,,,,,,,,,,,,,,,,,,,,,,,,,,,,,,,,,,,,,,,,,,,,,,,,,,,,,,,,,,,,,,,,,,,,,,,,,,,,,,,,,,
368,,,,,,,,,,,,,,,,,,,,,,,,,,,,,,,,,,,,,,,,,,,,,,,,,,,,,,,,,,,,,,,,,,,,,,,,,,,,,,,,,,,,,,,,,,,,,,,,,,,,,,,,,,,,,,,,,,,,,,,,,,,,,,,,,,,,
369,,,,,,,,,,,,,,,,,,,,,,,,,,,,,,,,,,,,,,,,,,,,,,,,,,,,,,,,,,,,,,,,,,,,,,,,,,,,,,,,,,,,,,,,,,,,,,,,,,,,,,,,,,,,,,,,,,,,,,,,,,,,,,,,,,,,
370,,,,,,,,,,,,,,,,,,,,,,,,,,,,,,,,,,,,,,,,,,,,,,,,,,,,,,,,,,,,,,,,,,,,,,,,,,,,,,,,,,,,,,,,,,,,,,,,,,,,,,,,,,,,,,,,,,,,,,,,,,,,,,,,,,,,
371,0.818224310874939,0.09115312993526459,-0.5756630897521973,0.9772945046424866,0.8231358528137207,0.07246355712413788,-0.6400332450866699,0.9449399709701538,0.823625922203064,0.06383724510669708,-0.639934778213501,0.9414465427398682,0.8242306113243103,0.05549265444278717,-0.6401706337928772,0.9431472420692444,0.8188039660453796,0.09283223748207092,-0.6380407214164734,0.9569625854492188,0.8158808350563049,0.09868243336677551,-0.6382352709770203,0.9603539109230042,0.8130254745483398,0.10452939569950104,-0.6387791633605957,0.9692095518112183,0.8071273565292358,0.023612232878804207,-0.7483025789260864,0.9273850321769714,0.7863656878471375,0.10291551053524017,-0.737063467502594,0.9639578461647034,0.7903705835342407,0.06131073832511902,-0.5916720628738403,0.9671216607093811,0.7886614799499512,0.09134656190872192,-0.5889813899993896,0.9749137163162231,0.7460527420043945,-0.04983606934547424,-0.6802080869674683,0.9983770251274109,0.6667799353599548,0.17148445546627045,-0.577816367149353,0.999467670917511,0.8112993836402893,0.009544551372528076,-0.48006680607795715,0.4062965214252472,0.7301541566848755,0.3140407204627991,-0.47752463817596436,0.8039981722831726,0.8861271739006042,0.08688667416572571,-0.49426814913749695,0.5331007838249207,0.7798479199409485,0.3905208706855774,-0.5680972337722778,0.8675125241279602,0.897783100605011,0.1393762230873108,-0.5466874837875366,0.5380479097366333,0.7931251525878906,0.43089985847473145,-0.6125791072845459,0.8613567352294922,0.8917614817619324,0.15481024980545044,-0.579464852809906,0.5556046366691589,0.7936155200004578,0.4095434546470642,-0.6627029776573181,0.8664906620979309,0.8746705055236816,0.13709869980812073,-0.5071020126342773,0.5434232354164124,0.7932850122451782,0.38165444135665894,-0.5896416306495667,0.8471899032592773,0.7689887881278992,0.07218381762504578,-0.001390416524372995,0.9985212683677673,0.7303254008293152,0.17776750028133392,0.0020232200622558594,0.998978316783905,0.8591051697731018,0.309640496969223,0.16611184179782867,0.845238208770752,0.7539877891540527,0.44477659463882446,0.08985612541437149,0.8696203827857971,0.8959004282951355,0.40392690896987915,0.5655537843704224,0.8005346059799194,0.755929708480835,0.6732852458953857,0.33634230494499207,0.8485877513885498,0.9028711318969727,0.4111029803752899,0.5990477800369263,0.5615933537483215,0.7627967000007629,0.697992205619812,0.35444971919059753,0.5635615587234497,0.9034780263900757,0.4579046964645386,0.48024842143058777,0.7867656350135803,0.730548083782196,0.7448577880859375,0.19606547057628632,0.8086936473846436
372,0.8169680237770081,0.08937159925699234,-0.5772048234939575,0.9776992201805115,0.8226777911186218,0.06533647328615189,-0.6437354683876038,0.946453332901001,0.8236204385757446,0.054486244916915894,-0.6436576247215271,0.9417736530303955,0.8245631456375122,0.04386705532670021,-0.6438313126564026,0.9433536529541016,0.8138622045516968,0.08947709202766418,-0.642029881477356,0.9587379097938538,0.8086236715316772,0.0958189070224762,-0.6422145962715149,0.9616199731826782,0.8032476902008057,0.10212483257055283,-0.6427947282791138,0.9705556631088257,0.8078094124794006,0.00111194618511945,-0.7610083818435669,0.9282742738723755,0.7695146203041077,0.09685342013835907,-0.7541789412498474,0.9662699103355408,0.7968801856040955,0.060825373977422714,-0.5940563082695007,0.96983802318573,0.7886583805084229,0.09007038176059723,-0.5922853946685791,0.977133572101593,0.750450074672699,-0.09821265190839767,-0.6839288473129272,0.998329758644104,0.6494288444519043,0.14678837358951569,-0.5957521200180054,0.9994699358940125,0.828535258769989,0.0041807908564805984,-0.4709154963493347,0.4042413532733917,0.7195650339126587,0.353466272354126,-0.4853600561618805,0.7929683327674866,0.8806418180465698,0.10030727833509445,-0.47270455956459045,0.5207750797271729,0.812463104724884,0.47880396246910095,-0.5668644309043884,0.8673160672187805,0.9062398076057434,0.14094790816307068,-0.5273347496986389,0.526825487613678,0.8358338475227356,0.529647707939148,-0.6139825582504272,0.8601617813110352,0.897926926612854,0.15867914259433746,-0.5611574053764343,0.5456343293190002,0.8517346382141113,0.4987499415874481,-0.6606845855712891,0.8654283881187439,0.8864350318908691,0.14974434673786163,-0.4867059290409088,0.5368590354919434,0.8480821847915649,0.46422234177589417,-0.5854670405387878,0.8493629097938538,0.7618466019630432,0.04026776924729347,-0.0015632747672498226,0.9986312985420227,0.684858500957489,0.17597843706607819,0.0021520601585507393,0.9990738034248352,0.9092593789100647,0.24920666217803955,0.1628536731004715,0.7756676077842712,0.6536979675292969,0.4683885872364044,0.14682254195213318,0.8138209581375122,0.9361833333969116,0.24984562397003174,0.6339824795722961,0.7315636277198792,0.636767566204071,0.8275080919265747,0.4445282220840454,0.8064217567443848,0.9319053888320923,0.24006593227386475,0.6789665222167969,0.5162178874015808,0.681689441204071,0.7843663692474365,0.4670744836330414,0.5379160642623901,0.9710531234741211,0.2886415421962738,0.5919502377510071,0.718923807144165,0.683552622795105,0.8659588098526001,0.30864402651786804,0.7657979726791382
373,0.7707605361938477,0.007764889858663082,-0.7522907257080078,0.9725186824798584,0.7752656936645508,-0.014668271876871586,-0.8000738620758057,0.9441906809806824,0.7762501239776611,-0.022118134424090385,-0.7999544143676758,0.9397526383399963,0.7774266600608826,-0.029454315081238747,-0.8002283573150635,0.9415737986564636,0.7681335806846619,0.0033147900830954313,-0.8096883893013,0.9575322270393372,0.7639034986495972,0.008241375908255577,-0.8099546432495117,0.9606475830078125,0.7595950365066528,0.013218928128480911,-0.8106904029846191,0.9699265956878662,0.7620787620544434,-0.05024639889597893,-0.8677496910095215,0.9295105934143066,0.7321779131889343,0.017051074653863907,-0.9074044227600098,0.9673902988433838,0.7636705636978149,0.0028593838214874268,-0.7545557618141174,0.9709192514419556,0.7535868287086487,0.020280323922634125,-0.7666927576065063,0.9775784611701965,0.7499606609344482,-0.09764382988214493,-0.729453980922699,0.9961415529251099,0.645138680934906,0.14409825205802917,-0.7618513107299805,0.9989920854568481,0.8491652011871338,0.009395363740622997,-0.42694351077079773,0.3826022446155548,0.6853954195976257,0.397501677274704,-0.6712976694107056,0.8069100379943848,0.9215856194496155,0.10343816876411438,-0.24770388007164001,0.4820444881916046,0.6879850625991821,0.6419826149940491,-0.7223528623580933,0.8745855689048767,0.9464183449745178,0.13674888014793396,-0.22936022281646729,0.4884578585624695,0.6729059219360352,0.714716374874115,-0.7484656572341919,0.8659313917160034,0.9418192505836487,0.14443491399288177,-0.27309122681617737,0.508109986782074,0.6884012222290039,0.7076148986816406,-0.8238959908485413,0.8720677495002747,0.9286722540855408,0.14482778310775757,-0.25856560468673706,0.5025299191474915,0.7044160962104797,0.6642192602157593,-0.755004346370697,0.8576690554618835,0.7938835024833679,0.08626452833414078,0.014579721726477146,0.9984243512153625,0.7341436147689819,0.19757315516471863,-0.014139373786747456,0.9989739060401917,0.9230508804321289,0.3648384213447571,0.08730378746986389,0.7246448993682861,0.8923782110214233,0.4495835602283478,0.10087163746356964,0.7520489692687988,0.9933258295059204,0.5067921876907349,0.43306705355644226,0.6794920563697815,0.9979581832885742,0.5860224962234497,0.40794837474823,0.7369996309280396,1.0023528337478638,0.5197020173072815,0.4597035348415375,0.4861791729927063,1.0128693580627441,0.5895348191261292,0.4303061068058014,0.49508801102638245,1.0196142196655273,0.569520890712738,0.3210984766483307,0.6640486717224121,1.0381908416748047,0.6419781446456909,0.28546592593193054,0.6998567581176758
374,,,,,,,,,,,,,,,,,,,,,,,,,,,,,,,,,,,,,,,,,,,,,,,,,,,,,,,,,,,,,,,,,,,,,,,,,,,,,,,,,,,,,,,,,,,,,,,,,,,,,,,,,,,,,,,,,,,,,,,,,,,,,,,,,,,,
